learner_id,session_id,profile,video_topic,video_length_minutes,question_id,question_type,question_difficulty,delay_condition,answer_correct,scored_value,response_time_seconds,question_skipped,video_completion_rate,pause_count,replay_count,skip_count,attention_noise_level,learner_status,expected_status
L0000,0,A,World,12.04333716913712,0,reasoning,hard,immediate,1.0,0.8940564716391214,16.50896482787213,0.0,0.9375225597903228,2,0,2,low,Stable Learner,Strong Retention
L0000,0,A,Cooking,8.403640235763262,1,factual_recall,hard,long_delay,1.0,0.6048964811346164,13.870037369008182,0.0,0.9375225597903228,2,0,2,low,Stable Learner,Strong Retention
L0000,0,A,Entertainment,9.685499620730615,2,factual_recall,hard,long_delay,1.0,0.6697820493137683,8.562830148467047,0.0,0.9375225597903228,2,3,2,low,Stable Learner,Strong Retention
L0000,0,A,Sports,9.324921558953662,3,comprehension,hard,short_delay,1.0,0.8127840403167286,13.475003136329995,0.0,0.9375225597903228,0,3,0,low,Stable Learner,Strong Retention
L0000,0,A,World,16.803865662532075,4,comprehension,hard,short_delay,1.0,0.7683757407656419,8.164469596684004,1.0,0.9375225597903228,2,2,0,low,Stable Learner,Strong Retention
L0000,0,A,Entertainment,11.883736633075099,5,factual_recall,medium,immediate,1.0,0.7983198842495711,15.51380120522909,0.0,0.9375225597903228,0,0,0,low,Stable Learner,Strong Retention
L0000,0,A,Cooking,12.066443092146988,6,factual_recall,hard,short_delay,1.0,0.714695607242642,11.800296356054988,0.0,0.9375225597903228,0,3,1,low,Stable Learner,Strong Retention
L0000,0,A,Entertainment,13.303691009869937,7,comprehension,medium,long_delay,1.0,0.8879397974862829,11.260550545818958,0.0,0.9375225597903228,1,2,0,low,Stable Learner,Strong Retention
L0000,0,A,Sports,8.218770092292939,8,reasoning,easy,short_delay,1.0,0.8777791935428949,9.276281822384234,0.0,0.9375225597903228,4,3,0,low,Stable Learner,Strong Retention
L0000,0,A,Sports,5.87454112533599,9,inference,easy,long_delay,1.0,0.8066030697561216,16.890165354696123,0.0,0.9375225597903228,1,1,1,low,Stable Learner,Strong Retention
L0001,1,A,Entertainment,9.589349362259787,0,comprehension,hard,short_delay,1.0,0.7690653460279762,13.786124704119777,0.0,0.9312795196983669,2,0,1,low,Stable Learner,Strong Retention
L0001,1,A,World,16.37779294752815,1,reasoning,hard,short_delay,1.0,0.8456775237557412,14.661540435891144,0.0,0.9312795196983669,2,1,1,low,Stable Learner,Strong Retention
L0001,1,A,News,14.7476990233223,2,factual_recall,medium,immediate,1.0,0.7338074058933349,11.606058061962306,0.0,0.9312795196983669,3,1,2,low,Stable Learner,Strong Retention
L0001,1,A,News,12.409862288667783,3,comprehension,easy,short_delay,1.0,0.7636946153434928,10.306806751823386,0.0,0.9312795196983669,0,2,0,low,Stable Learner,Strong Retention
L0001,1,A,News,7.558894528053291,4,factual_recall,easy,long_delay,1.0,0.7618262106001671,11.681127156374403,0.0,0.9312795196983669,4,2,1,low,Stable Learner,Strong Retention
L0001,1,A,Sports,13.863732372221252,5,reasoning,easy,immediate,1.0,0.6804160354410961,5.250662264167881,0.0,0.9312795196983669,4,1,1,low,Stable Learner,Strong Retention
L0001,1,A,Cooking,6.240949998836578,6,inference,easy,short_delay,1.0,0.8486972480785582,6.211550110307651,0.0,0.9312795196983669,3,1,1,low,Stable Learner,Strong Retention
L0001,1,A,World,13.57592078564113,7,factual_recall,medium,long_delay,1.0,0.7530597659797277,6.7092015505823905,0.0,0.9312795196983669,1,3,0,low,Stable Learner,Strong Retention
L0001,1,A,Cooking,11.5836719045757,8,factual_recall,easy,immediate,1.0,0.8012494118727688,8.011012689594073,0.0,0.9312795196983669,1,3,0,low,Stable Learner,Strong Retention
L0001,1,A,World,7.103736334979161,9,reasoning,medium,immediate,1.0,0.848074665890591,13.599096906893747,0.0,0.9312795196983669,0,2,2,low,Stable Learner,Strong Retention
L0002,2,A,News,8.614558625085271,0,inference,easy,immediate,1.0,0.8982739511023058,13.539803864423453,0.0,0.9065137260736443,0,3,2,low,Stable Learner,Strong Retention
L0002,2,A,News,7.6890246223660865,1,reasoning,medium,long_delay,1.0,0.7500704401460848,11.373448409367638,0.0,0.9065137260736443,4,0,0,low,Stable Learner,Strong Retention
L0002,2,A,Sports,16.661072573617663,2,reasoning,easy,long_delay,1.0,0.6815056233582976,11.836949895458265,0.0,0.9065137260736443,2,2,1,low,Stable Learner,Strong Retention
L0002,2,A,News,5.209044315623023,3,comprehension,easy,immediate,1.0,0.7034883237767628,9.380849218282439,0.0,0.9065137260736443,0,0,2,low,Stable Learner,Strong Retention
L0002,2,A,World,12.594948974309496,4,comprehension,hard,long_delay,1.0,0.7274773935464247,13.784288805928322,0.0,0.9065137260736443,3,2,1,low,Stable Learner,Strong Retention
L0002,2,A,News,17.06186789273394,5,comprehension,hard,immediate,1.0,1.0,10.18006607863688,0.0,0.9065137260736443,3,3,0,low,Stable Learner,Strong Retention
L0002,2,A,Cooking,18.913438265097614,6,comprehension,easy,short_delay,1.0,0.7178613320775614,7.097576944931007,0.0,0.9065137260736443,4,1,0,low,Stable Learner,Strong Retention
L0002,2,A,Cooking,14.942963191453737,7,reasoning,hard,short_delay,1.0,0.8838489203736345,6.888249702721523,0.0,0.9065137260736443,1,3,2,low,Stable Learner,Strong Retention
L0002,2,A,Cooking,13.32797063490237,8,comprehension,easy,short_delay,1.0,0.7097072821912974,12.690351670888479,0.0,0.9065137260736443,4,0,2,low,Stable Learner,Strong Retention
L0002,2,A,News,11.286714789744558,9,comprehension,hard,immediate,1.0,0.8931573012874244,18.31636502564174,0.0,0.9065137260736443,2,0,2,low,Stable Learner,Strong Retention
L0003,3,A,News,5.800728989407631,0,comprehension,medium,short_delay,1.0,0.8315605003590341,4.969086434573475,0.0,0.8704646493018257,2,2,2,low,Stable Learner,Strong Retention
L0003,3,A,Sports,9.769866454280741,1,inference,medium,long_delay,1.0,0.9205853620888234,6.131819018436038,0.0,0.8704646493018257,4,3,2,low,Stable Learner,Strong Retention
L0003,3,A,Cooking,7.722476143947861,2,comprehension,hard,immediate,1.0,0.7270916162256392,20.516988448113192,0.0,0.8704646493018257,1,0,1,low,Stable Learner,Strong Retention
L0003,3,A,Cooking,11.243936385547885,3,reasoning,easy,immediate,1.0,0.7345853559932204,6.850309674903876,0.0,0.8704646493018257,1,3,1,low,Stable Learner,Strong Retention
L0003,3,A,World,17.501878306828395,4,comprehension,easy,immediate,1.0,0.5852710970261346,7.612857686181441,0.0,0.8704646493018257,2,3,2,low,Stable Learner,Strong Retention
L0003,3,A,News,17.65362427396629,5,inference,hard,immediate,1.0,0.7837334079455093,19.347654113285255,0.0,0.8704646493018257,4,1,2,low,Stable Learner,Strong Retention
L0003,3,A,Cooking,14.637249139933214,6,inference,medium,long_delay,1.0,0.6937585588140437,23.62026867696163,0.0,0.8704646493018257,3,0,2,low,Stable Learner,Strong Retention
L0003,3,A,Cooking,12.713343052856217,7,inference,hard,long_delay,1.0,0.7470560572633926,7.313733484698633,0.0,0.8704646493018257,2,3,1,low,Stable Learner,Strong Retention
L0003,3,A,Entertainment,8.99694976251269,8,factual_recall,easy,immediate,1.0,0.7123139221832412,10.527004172847878,1.0,0.8704646493018257,2,1,0,low,Stable Learner,Strong Retention
L0003,3,A,Cooking,8.488549107933105,9,reasoning,medium,short_delay,1.0,0.7905737445747444,13.366222203762039,0.0,0.8704646493018257,1,2,0,low,Stable Learner,Strong Retention
L0004,4,A,Cooking,7.569369561391833,0,factual_recall,easy,short_delay,1.0,0.9300044594698958,9.210304706798892,0.0,0.8832771913822062,0,2,1,low,Stable Learner,Strong Retention
L0004,4,A,Cooking,12.839476632696842,1,factual_recall,hard,long_delay,1.0,0.8582655241987708,15.958335738379413,0.0,0.8832771913822062,3,2,1,low,Stable Learner,Strong Retention
L0004,4,A,Sports,18.96854353535153,2,factual_recall,hard,immediate,1.0,0.9732311605409945,7.286785507540538,0.0,0.8832771913822062,3,0,2,low,Stable Learner,Strong Retention
L0004,4,A,News,14.867949275607918,3,factual_recall,medium,long_delay,1.0,0.9177411888977695,15.129401369670646,0.0,0.8832771913822062,3,0,2,low,Stable Learner,Strong Retention
L0004,4,A,Entertainment,18.475498210423037,4,reasoning,hard,long_delay,1.0,0.8439086678929577,11.237395769979361,0.0,0.8832771913822062,3,1,2,low,Stable Learner,Strong Retention
L0004,4,A,Sports,9.716599703063943,5,reasoning,easy,long_delay,1.0,0.9743934526167792,16.684988373869277,0.0,0.8832771913822062,0,0,2,low,Stable Learner,Strong Retention
L0004,4,A,Cooking,10.749797341661148,6,reasoning,easy,long_delay,1.0,0.8438993158738299,15.00347595492504,0.0,0.8832771913822062,0,2,2,low,Stable Learner,Strong Retention
L0004,4,A,World,16.704522408640884,7,factual_recall,medium,immediate,1.0,0.8827988176797059,19.282584630587206,0.0,0.8832771913822062,1,2,2,low,Stable Learner,Strong Retention
L0004,4,A,News,19.267919900057617,8,factual_recall,medium,immediate,1.0,0.7703429046465292,14.92309876455458,0.0,0.8832771913822062,1,3,2,low,Stable Learner,Strong Retention
L0004,4,A,Entertainment,6.828825175026688,9,reasoning,medium,immediate,1.0,0.8066545815859205,5.711838977387037,0.0,0.8832771913822062,3,2,0,low,Stable Learner,Strong Retention
L0005,5,A,World,16.581625986565708,0,inference,hard,long_delay,1.0,0.6398722062881147,14.80781450488508,0.0,0.837417639294693,4,3,1,low,Stable Learner,Strong Retention
L0005,5,A,News,8.026731660785831,1,comprehension,easy,long_delay,1.0,0.7205863709974577,12.552965728234728,1.0,0.837417639294693,2,2,2,low,Stable Learner,Strong Retention
L0005,5,A,Cooking,17.766966496429024,2,factual_recall,medium,immediate,1.0,0.8439636606016994,15.040532341503415,1.0,0.837417639294693,4,2,0,low,Stable Learner,Strong Retention
L0005,5,A,News,9.061381269767004,3,comprehension,hard,short_delay,1.0,0.8524187842812772,12.916845496460274,0.0,0.837417639294693,4,2,1,low,Stable Learner,Strong Retention
L0005,5,A,Cooking,14.244634548912993,4,comprehension,easy,immediate,1.0,0.8276274179328554,14.120258822405866,0.0,0.837417639294693,1,3,1,low,Stable Learner,Strong Retention
L0005,5,A,Entertainment,7.596917696337549,5,reasoning,easy,long_delay,1.0,0.6587234116107634,9.18130694852047,0.0,0.837417639294693,0,1,2,low,Stable Learner,Strong Retention
L0005,5,A,Cooking,16.76121422512112,6,reasoning,easy,short_delay,1.0,0.5689896563367356,11.281554344674166,0.0,0.837417639294693,4,2,1,low,Stable Learner,Strong Retention
L0005,5,A,News,19.190366803371425,7,factual_recall,easy,short_delay,1.0,0.8054353585390382,12.78710438662783,0.0,0.837417639294693,2,2,2,low,Stable Learner,Strong Retention
L0005,5,A,Sports,19.108916145432776,8,factual_recall,easy,immediate,1.0,0.7528223966361665,15.282113901669675,0.0,0.837417639294693,2,2,2,low,Stable Learner,Strong Retention
L0005,5,A,Cooking,12.112530942239271,9,comprehension,easy,long_delay,1.0,0.8459385771716612,10.425035311101711,0.0,0.837417639294693,0,3,0,low,Stable Learner,Strong Retention
L0006,6,A,Sports,6.737850865029026,0,reasoning,easy,immediate,1.0,0.7974137152046145,8.151635534633492,0.0,0.9166535186309128,4,3,2,low,Stable Learner,Strong Retention
L0006,6,A,News,9.209171542004839,1,factual_recall,medium,short_delay,1.0,0.8313908211457554,13.390833809803828,0.0,0.9166535186309128,0,2,0,low,Stable Learner,Strong Retention
L0006,6,A,News,5.220242653401062,2,factual_recall,medium,long_delay,1.0,0.7166631194050594,10.3716870545987,0.0,0.9166535186309128,3,3,1,low,Stable Learner,Strong Retention
L0006,6,A,Sports,7.304193485909522,3,comprehension,medium,long_delay,1.0,0.6410432506691032,10.86254464783962,0.0,0.9166535186309128,0,2,1,low,Stable Learner,Strong Retention
L0006,6,A,Cooking,19.931967088754558,4,inference,medium,long_delay,1.0,0.5927016564008708,12.741302597661528,0.0,0.9166535186309128,2,1,2,low,Stable Learner,Strong Retention
L0006,6,A,Entertainment,15.58109548226019,5,inference,medium,long_delay,1.0,0.6882615887010393,14.476684467901574,0.0,0.9166535186309128,3,1,0,low,Stable Learner,Strong Retention
L0006,6,A,Entertainment,12.876324544508918,6,comprehension,medium,immediate,1.0,0.7541324715060668,10.642966064463938,0.0,0.9166535186309128,3,0,1,low,Stable Learner,Strong Retention
L0006,6,A,World,19.83699504025408,7,inference,medium,immediate,1.0,0.7706808413351238,16.255406130937434,0.0,0.9166535186309128,4,3,2,low,Stable Learner,Strong Retention
L0006,6,A,Entertainment,11.723684198815267,8,comprehension,hard,short_delay,1.0,0.9937231162429517,7.432247095430384,0.0,0.9166535186309128,1,0,2,low,Stable Learner,Strong Retention
L0006,6,A,Entertainment,11.506685409838894,9,reasoning,medium,long_delay,1.0,0.9105993369907298,12.025356249449073,0.0,0.9166535186309128,0,1,0,low,Stable Learner,Strong Retention
L0007,7,A,Sports,10.082834534144075,0,comprehension,easy,immediate,1.0,0.8637470902651122,11.363260514479757,0.0,0.8217120463909743,1,0,1,low,Stable Learner,Strong Retention
L0007,7,A,World,11.723109923853073,1,reasoning,easy,immediate,1.0,0.7461228682382257,12.813552962479774,0.0,0.8217120463909743,2,2,0,low,Stable Learner,Strong Retention
L0007,7,A,Cooking,15.545501985483389,2,reasoning,medium,short_delay,1.0,0.9147812660733564,7.965855832227569,0.0,0.8217120463909743,3,3,2,low,Stable Learner,Strong Retention
L0007,7,A,Entertainment,12.162588104415992,3,inference,hard,short_delay,1.0,0.5605739695099529,14.827398563596203,0.0,0.8217120463909743,4,2,2,low,Stable Learner,Strong Retention
L0007,7,A,Sports,16.730077561072658,4,inference,medium,long_delay,1.0,0.7213434224895832,14.650663881541936,0.0,0.8217120463909743,0,0,1,low,Stable Learner,Strong Retention
L0007,7,A,Entertainment,11.60133049291053,5,factual_recall,medium,long_delay,1.0,0.6313531848765899,13.540151750624403,0.0,0.8217120463909743,3,1,2,low,Stable Learner,Strong Retention
L0007,7,A,News,9.323423682318579,6,inference,hard,long_delay,1.0,0.7173770533636048,14.226133771005053,0.0,0.8217120463909743,4,2,1,low,Stable Learner,Strong Retention
L0007,7,A,Sports,6.8580466229633155,7,reasoning,easy,short_delay,1.0,0.8247665901108944,13.185672003234638,0.0,0.8217120463909743,3,3,1,low,Stable Learner,Strong Retention
L0007,7,A,World,11.974601842904796,8,inference,easy,long_delay,1.0,0.7820773374550245,20.14029321092427,0.0,0.8217120463909743,1,1,0,low,Stable Learner,Strong Retention
L0007,7,A,Entertainment,6.272289084677481,9,comprehension,medium,short_delay,1.0,0.7746622431051986,11.65162331578996,0.0,0.8217120463909743,4,1,2,low,Stable Learner,Strong Retention
L0008,8,A,Entertainment,15.764587214623514,0,reasoning,medium,long_delay,1.0,0.8538034439928252,17.804715396084255,0.0,0.8157201341307596,2,3,1,low,Strong Retention,Strong Retention
L0008,8,A,Sports,11.119129266969233,1,factual_recall,easy,immediate,1.0,0.6965691948325602,10.237390313721031,0.0,0.8157201341307596,2,0,2,low,Strong Retention,Strong Retention
L0008,8,A,World,13.928192606200577,2,factual_recall,easy,short_delay,1.0,0.8235276111588264,12.128430695883738,0.0,0.8157201341307596,2,3,0,low,Strong Retention,Strong Retention
L0008,8,A,Cooking,7.015503699695922,3,comprehension,medium,immediate,1.0,0.657626556460094,13.075653790714403,0.0,0.8157201341307596,0,1,0,low,Strong Retention,Strong Retention
L0008,8,A,Cooking,11.799198747502452,4,comprehension,hard,short_delay,1.0,0.8446322147543064,9.521336263485546,0.0,0.8157201341307596,4,1,1,low,Strong Retention,Strong Retention
L0008,8,A,Cooking,19.388139092668638,5,inference,hard,short_delay,1.0,0.7193401095692628,13.884545173599717,0.0,0.8157201341307596,2,3,0,low,Strong Retention,Strong Retention
L0008,8,A,Sports,8.526456753209892,6,inference,medium,immediate,1.0,0.6717365349739479,9.866190611341102,0.0,0.8157201341307596,4,3,0,low,Strong Retention,Strong Retention
L0008,8,A,Cooking,16.13476924126965,7,comprehension,medium,short_delay,1.0,0.87138201364824,10.353446711135163,0.0,0.8157201341307596,3,0,0,low,Strong Retention,Strong Retention
L0008,8,A,World,9.837385207529978,8,comprehension,easy,immediate,1.0,0.8241644521676752,17.450570559213364,0.0,0.8157201341307596,1,3,0,low,Strong Retention,Strong Retention
L0008,8,A,Sports,13.42234091621577,9,reasoning,hard,short_delay,1.0,0.7386023198607103,7.837655789950268,0.0,0.8157201341307596,3,2,1,low,Strong Retention,Strong Retention
L0009,9,A,News,12.34253009760812,0,factual_recall,easy,immediate,1.0,0.7564592527056038,8.69317981233242,0.0,0.8739338540681357,2,1,1,low,Strong Retention,Strong Retention
L0009,9,A,Entertainment,17.618055593224348,1,factual_recall,easy,immediate,1.0,0.7520896829088021,8.870334664154218,0.0,0.8739338540681357,1,2,0,low,Strong Retention,Strong Retention
L0009,9,A,World,15.248875364882194,2,reasoning,medium,immediate,1.0,0.879080172117899,2.7185759504554206,0.0,0.8739338540681357,3,1,0,low,Strong Retention,Strong Retention
L0009,9,A,World,5.728539347704372,3,reasoning,medium,long_delay,1.0,0.9498374440296733,8.145446222524784,0.0,0.8739338540681357,3,0,0,low,Strong Retention,Strong Retention
L0009,9,A,Entertainment,7.073080574577961,4,comprehension,easy,long_delay,1.0,0.75411595068507,8.339375536616295,0.0,0.8739338540681357,0,0,2,low,Strong Retention,Strong Retention
L0009,9,A,News,5.469252693524668,5,comprehension,easy,long_delay,1.0,0.757522627220691,11.19558138192468,0.0,0.8739338540681357,3,1,0,low,Strong Retention,Strong Retention
L0009,9,A,News,13.852930741491893,6,factual_recall,hard,long_delay,1.0,0.83140772238698,16.451863566641055,1.0,0.8739338540681357,2,0,0,low,Strong Retention,Strong Retention
L0009,9,A,World,14.28678629640461,7,reasoning,easy,long_delay,1.0,0.77542384999871,11.01975739523719,0.0,0.8739338540681357,3,3,2,low,Strong Retention,Strong Retention
L0009,9,A,Sports,18.781905213540213,8,reasoning,medium,short_delay,1.0,0.8952053653139891,7.876745118915385,0.0,0.8739338540681357,4,2,2,low,Strong Retention,Strong Retention
L0009,9,A,World,10.42304117958799,9,factual_recall,hard,immediate,1.0,0.5748222709380953,11.772181835145885,1.0,0.8739338540681357,1,2,2,low,Strong Retention,Strong Retention
L0010,10,A,News,14.95431569990528,0,reasoning,hard,long_delay,1.0,0.8740014236304336,13.020853667423498,0.0,0.931768557143064,0,0,0,low,Strong Retention,Strong Retention
L0010,10,A,Cooking,8.469208095302784,1,inference,hard,long_delay,1.0,0.8636906283372211,17.402500483810627,0.0,0.931768557143064,1,2,1,low,Strong Retention,Strong Retention
L0010,10,A,News,10.942497500888734,2,factual_recall,hard,long_delay,1.0,0.8340791408002106,12.048212722407301,0.0,0.931768557143064,2,2,2,low,Strong Retention,Strong Retention
L0010,10,A,Cooking,16.37633355777131,3,factual_recall,hard,immediate,1.0,0.6216388870285817,12.811189107591117,0.0,0.931768557143064,2,3,1,low,Strong Retention,Strong Retention
L0010,10,A,World,16.940428344655675,4,comprehension,medium,short_delay,1.0,0.8083621077410558,7.626114518152068,0.0,0.931768557143064,2,1,2,low,Strong Retention,Strong Retention
L0010,10,A,News,18.34484632513096,5,factual_recall,medium,immediate,1.0,0.7443808041150876,13.587965217995361,0.0,0.931768557143064,3,1,0,low,Strong Retention,Strong Retention
L0010,10,A,Sports,7.676626427327464,6,inference,hard,immediate,1.0,0.672015904235998,12.241543713697668,0.0,0.931768557143064,4,3,2,low,Strong Retention,Strong Retention
L0010,10,A,World,8.18221111284952,7,reasoning,medium,long_delay,1.0,0.9681816619300825,6.789391532662142,0.0,0.931768557143064,3,2,2,low,Strong Retention,Strong Retention
L0010,10,A,Entertainment,12.755292302741438,8,reasoning,easy,long_delay,1.0,0.9728995340885704,11.795211552733612,0.0,0.931768557143064,3,2,1,low,Strong Retention,Strong Retention
L0010,10,A,Entertainment,13.549007279622895,9,reasoning,easy,long_delay,1.0,0.9359220600295612,11.681081744572767,0.0,0.931768557143064,4,2,2,low,Strong Retention,Strong Retention
L0011,11,A,News,8.891597597818013,0,reasoning,easy,immediate,1.0,0.983738667548752,9.170941880194146,0.0,0.9713742641842252,0,1,0,low,Stable Learner,Strong Retention
L0011,11,A,World,14.787788011289948,1,factual_recall,medium,long_delay,1.0,0.7664060774959852,15.875991481103432,0.0,0.9713742641842252,0,0,0,low,Stable Learner,Strong Retention
L0011,11,A,News,16.472053289108516,2,reasoning,easy,long_delay,1.0,0.9905060214064471,10.552669851662634,0.0,0.9713742641842252,3,3,0,low,Stable Learner,Strong Retention
L0011,11,A,World,19.735500246567987,3,reasoning,hard,short_delay,1.0,0.8035576476984625,10.040999268395163,0.0,0.9713742641842252,0,1,0,low,Stable Learner,Strong Retention
L0011,11,A,World,13.293473810966923,4,reasoning,medium,immediate,1.0,0.9753691026701081,15.634405439568445,0.0,0.9713742641842252,4,3,2,low,Stable Learner,Strong Retention
L0011,11,A,Entertainment,13.135466034533074,5,factual_recall,easy,immediate,1.0,0.7906701350346509,12.12434235108461,0.0,0.9713742641842252,1,1,0,low,Stable Learner,Strong Retention
L0011,11,A,News,13.763417900918272,6,inference,medium,long_delay,1.0,0.8131057826046145,13.114303658047223,0.0,0.9713742641842252,3,1,2,low,Stable Learner,Strong Retention
L0011,11,A,Sports,11.072824466398007,7,comprehension,hard,immediate,1.0,0.8365474472642835,12.055940887461169,0.0,0.9713742641842252,3,0,0,low,Stable Learner,Strong Retention
L0011,11,A,Entertainment,6.809830061655296,8,inference,easy,long_delay,1.0,1.0,13.346332506421739,0.0,0.9713742641842252,3,0,1,low,Stable Learner,Strong Retention
L0011,11,A,Sports,17.697178041019356,9,factual_recall,easy,short_delay,1.0,0.8851285574844789,13.699863589744597,0.0,0.9713742641842252,2,0,1,low,Stable Learner,Strong Retention
L0012,12,A,Entertainment,19.829058477793648,0,comprehension,easy,long_delay,1.0,0.9436301756563291,11.321120814318487,0.0,0.9578753879010568,4,2,1,low,Stable Learner,Strong Retention
L0012,12,A,Cooking,7.29315683189504,1,inference,hard,long_delay,1.0,0.8529413407125722,13.655169268760856,0.0,0.9578753879010568,1,2,0,low,Stable Learner,Strong Retention
L0012,12,A,World,16.916855457438267,2,reasoning,medium,short_delay,1.0,0.93634287120857,11.07092268030306,1.0,0.9578753879010568,0,3,1,low,Stable Learner,Strong Retention
L0012,12,A,Entertainment,8.179319166208138,3,comprehension,hard,short_delay,1.0,0.6119201572025943,12.302853151827335,0.0,0.9578753879010568,2,1,1,low,Stable Learner,Strong Retention
L0012,12,A,Entertainment,19.90052747616767,4,comprehension,easy,immediate,1.0,0.7682093451371538,12.024066721744285,0.0,0.9578753879010568,4,0,1,low,Stable Learner,Strong Retention
L0012,12,A,Cooking,6.935450857730626,5,reasoning,easy,long_delay,1.0,0.7132994743676574,13.793296263892637,0.0,0.9578753879010568,3,1,1,low,Stable Learner,Strong Retention
L0012,12,A,News,9.787347419121051,6,inference,medium,long_delay,1.0,0.8119225861127393,16.661230142188707,0.0,0.9578753879010568,3,1,0,low,Stable Learner,Strong Retention
L0012,12,A,Entertainment,13.995430350739856,7,comprehension,medium,short_delay,1.0,0.7428550780803264,18.589575990413316,0.0,0.9578753879010568,4,2,1,low,Stable Learner,Strong Retention
L0012,12,A,Cooking,15.171410913197423,8,comprehension,hard,long_delay,1.0,0.7833842158050268,13.238480327636667,0.0,0.9578753879010568,2,0,2,low,Stable Learner,Strong Retention
L0012,12,A,Cooking,18.387315345309894,9,factual_recall,hard,immediate,1.0,0.988217488020405,14.358187544142408,0.0,0.9578753879010568,4,1,1,low,Stable Learner,Strong Retention
L0013,13,A,Entertainment,13.131185524260788,0,comprehension,medium,long_delay,1.0,0.979437005460036,10.342107736656565,0.0,0.9739637255337116,3,3,1,low,Stable Learner,Strong Retention
L0013,13,A,Entertainment,8.82660396541071,1,reasoning,medium,immediate,1.0,0.9314807871505906,14.535641510934969,0.0,0.9739637255337116,1,2,2,low,Stable Learner,Strong Retention
L0013,13,A,Cooking,15.281415811415213,2,reasoning,medium,immediate,1.0,0.7890265818369817,12.011973164799823,0.0,0.9739637255337116,2,1,2,low,Stable Learner,Strong Retention
L0013,13,A,World,14.153411666498688,3,reasoning,medium,immediate,1.0,0.8352720163026344,13.360839907473352,0.0,0.9739637255337116,4,3,2,low,Stable Learner,Strong Retention
L0013,13,A,Sports,13.168226030620094,4,reasoning,hard,short_delay,1.0,0.8766822871784244,14.680316968808759,0.0,0.9739637255337116,2,2,2,low,Stable Learner,Strong Retention
L0013,13,A,Sports,8.663075011488324,5,reasoning,hard,long_delay,1.0,0.8121177949299463,10.500634148409562,0.0,0.9739637255337116,4,1,2,low,Stable Learner,Strong Retention
L0013,13,A,World,16.17487288669533,6,inference,hard,long_delay,1.0,0.8130764187911544,15.024992654519224,0.0,0.9739637255337116,1,3,0,low,Stable Learner,Strong Retention
L0013,13,A,Cooking,11.846782917714075,7,factual_recall,easy,short_delay,1.0,0.8823753131876183,13.515370413833578,0.0,0.9739637255337116,3,2,0,low,Stable Learner,Strong Retention
L0013,13,A,Sports,13.789420611440821,8,reasoning,medium,short_delay,1.0,0.7940717353974068,7.0607476523540855,0.0,0.9739637255337116,1,0,1,low,Stable Learner,Strong Retention
L0013,13,A,World,17.90854878941564,9,factual_recall,easy,short_delay,1.0,0.7270713063626338,17.769219164744978,0.0,0.9739637255337116,0,0,1,low,Stable Learner,Strong Retention
L0014,14,A,Sports,11.918133287563608,0,reasoning,easy,short_delay,1.0,0.7803114301296091,12.975009921606592,0.0,0.8961321910089574,1,0,1,low,Strong Retention,Strong Retention
L0014,14,A,Entertainment,10.300065426027016,1,reasoning,hard,long_delay,1.0,0.6885383036932073,11.395009413014497,0.0,0.8961321910089574,4,3,2,low,Strong Retention,Strong Retention
L0014,14,A,World,9.823185233613493,2,reasoning,easy,long_delay,1.0,0.7770707346447693,13.73037780690461,0.0,0.8961321910089574,3,3,0,low,Strong Retention,Strong Retention
L0014,14,A,Cooking,18.395465293044545,3,reasoning,easy,short_delay,1.0,0.6407205740278473,12.247665934719837,0.0,0.8961321910089574,4,3,0,low,Strong Retention,Strong Retention
L0014,14,A,Sports,13.007600199109405,4,comprehension,easy,immediate,1.0,0.7087122013281173,12.441582902448873,0.0,0.8961321910089574,2,0,0,low,Strong Retention,Strong Retention
L0014,14,A,News,11.544749895413947,5,inference,hard,immediate,1.0,0.8226786046109136,10.366667348693323,0.0,0.8961321910089574,0,1,1,low,Strong Retention,Strong Retention
L0014,14,A,Entertainment,7.520012728668067,6,inference,easy,immediate,1.0,0.9319013197741397,6.407561360804597,0.0,0.8961321910089574,0,3,0,low,Strong Retention,Strong Retention
L0014,14,A,World,13.084126493962803,7,reasoning,hard,immediate,1.0,1.0,5.825499189911674,0.0,0.8961321910089574,0,1,1,low,Strong Retention,Strong Retention
L0014,14,A,Cooking,8.86177938985945,8,factual_recall,easy,long_delay,1.0,0.74134149149291,14.612979533124907,0.0,0.8961321910089574,1,2,1,low,Strong Retention,Strong Retention
L0014,14,A,Entertainment,11.970194567859943,9,reasoning,medium,short_delay,1.0,0.9435300156645441,10.893199639657146,0.0,0.8961321910089574,1,2,0,low,Strong Retention,Strong Retention
L0015,15,A,News,9.060451422426606,0,reasoning,easy,short_delay,1.0,0.7615754087119431,17.891814288758297,0.0,0.9236543599013738,0,1,1,low,Strong Retention,Strong Retention
L0015,15,A,Cooking,15.149785737644565,1,inference,easy,short_delay,1.0,0.9019043693241763,2.196511485839654,1.0,0.9236543599013738,0,0,0,low,Strong Retention,Strong Retention
L0015,15,A,Cooking,14.694361448428387,2,inference,hard,immediate,1.0,0.9030195403152731,6.329263319361721,1.0,0.9236543599013738,4,3,0,low,Strong Retention,Strong Retention
L0015,15,A,Cooking,12.14137635017991,3,inference,hard,short_delay,1.0,0.8184057831271566,7.25171829450252,0.0,0.9236543599013738,0,1,0,low,Strong Retention,Strong Retention
L0015,15,A,Cooking,7.932297643730061,4,factual_recall,easy,long_delay,1.0,0.8962657572486842,10.546957409724778,0.0,0.9236543599013738,0,0,2,low,Strong Retention,Strong Retention
L0015,15,A,News,8.104777394612595,5,comprehension,medium,short_delay,1.0,0.8272645263432129,10.981567320935879,0.0,0.9236543599013738,0,0,0,low,Strong Retention,Strong Retention
L0015,15,A,Entertainment,9.805958053959618,6,inference,medium,short_delay,1.0,0.7438516973217116,5.97069740890781,0.0,0.9236543599013738,1,0,1,low,Strong Retention,Strong Retention
L0015,15,A,Sports,8.972107659823696,7,inference,medium,short_delay,1.0,0.8697816839000005,8.059367870756695,0.0,0.9236543599013738,1,3,2,low,Strong Retention,Strong Retention
L0015,15,A,News,6.497465857651853,8,inference,hard,immediate,1.0,0.8110613122578678,8.556633285905718,0.0,0.9236543599013738,0,0,1,low,Strong Retention,Strong Retention
L0015,15,A,Entertainment,6.829534463144343,9,comprehension,hard,long_delay,1.0,0.8001339846754487,21.829696368303566,0.0,0.9236543599013738,3,0,2,low,Strong Retention,Strong Retention
L0016,16,A,Sports,10.185962086439488,0,reasoning,easy,short_delay,1.0,0.8523950954192672,8.829896678168343,0.0,0.8549551502347713,2,0,0,low,Strong Retention,Strong Retention
L0016,16,A,News,15.846707032180792,1,inference,medium,long_delay,1.0,0.8728714234074346,12.106341365304395,0.0,0.8549551502347713,1,3,1,low,Strong Retention,Strong Retention
L0016,16,A,Entertainment,8.861335435180571,2,inference,medium,long_delay,1.0,0.7423352707766308,14.282148144553942,0.0,0.8549551502347713,4,3,0,low,Strong Retention,Strong Retention
L0016,16,A,Cooking,15.034214884873695,3,inference,easy,short_delay,1.0,0.8559540370616167,14.472762858661204,0.0,0.8549551502347713,4,3,1,low,Strong Retention,Strong Retention
L0016,16,A,News,13.684662871253638,4,inference,hard,immediate,1.0,0.8566187758574834,18.207520480489954,0.0,0.8549551502347713,3,0,2,low,Strong Retention,Strong Retention
L0016,16,A,Entertainment,13.440020207478996,5,comprehension,easy,short_delay,1.0,0.7450447378869918,17.107923328792175,0.0,0.8549551502347713,3,0,2,low,Strong Retention,Strong Retention
L0016,16,A,Sports,11.986361605358825,6,reasoning,medium,immediate,1.0,0.6877231567729005,7.994834268973824,0.0,0.8549551502347713,2,3,2,low,Strong Retention,Strong Retention
L0016,16,A,Sports,18.181454296738092,7,inference,medium,long_delay,1.0,0.6815871668101728,18.73434483815209,0.0,0.8549551502347713,2,0,0,low,Strong Retention,Strong Retention
L0016,16,A,Entertainment,16.623618550719918,8,comprehension,easy,short_delay,1.0,0.8086505541921463,9.87609398177714,0.0,0.8549551502347713,1,2,0,low,Strong Retention,Strong Retention
L0016,16,A,World,19.453698683332306,9,inference,hard,long_delay,1.0,0.8327009868789316,16.17949124981771,0.0,0.8549551502347713,0,3,1,low,Strong Retention,Strong Retention
L0017,17,A,News,17.134544037601234,0,reasoning,medium,long_delay,1.0,0.8753855069933683,13.615816082942446,0.0,0.9307135219178532,1,0,1,low,Stable Learner,Strong Retention
L0017,17,A,Entertainment,18.07113630111821,1,inference,medium,short_delay,1.0,0.7748897411963088,14.261841676676372,1.0,0.9307135219178532,2,0,1,low,Stable Learner,Strong Retention
L0017,17,A,Sports,13.01901126933913,2,comprehension,medium,long_delay,1.0,0.5519291490015459,19.344903358920078,0.0,0.9307135219178532,2,3,1,low,Stable Learner,Strong Retention
L0017,17,A,News,15.586955054442322,3,factual_recall,easy,short_delay,1.0,0.700358137399761,11.188232225298519,0.0,0.9307135219178532,4,1,0,low,Stable Learner,Strong Retention
L0017,17,A,Sports,17.562136156816653,4,inference,hard,immediate,1.0,0.9232901934102697,13.504177478490446,0.0,0.9307135219178532,1,0,0,low,Stable Learner,Strong Retention
L0017,17,A,World,7.336365064618691,5,factual_recall,medium,immediate,1.0,0.5222005719271428,6.059778083490256,0.0,0.9307135219178532,4,3,1,low,Stable Learner,Strong Retention
L0017,17,A,Entertainment,11.675240822809883,6,reasoning,hard,immediate,1.0,0.7652476587806482,16.761654253174974,0.0,0.9307135219178532,0,3,0,low,Stable Learner,Strong Retention
L0017,17,A,Sports,7.8404523750928075,7,factual_recall,easy,immediate,1.0,0.6819999221532741,8.95796460771454,0.0,0.9307135219178532,4,0,0,low,Stable Learner,Strong Retention
L0017,17,A,Entertainment,15.617658416021717,8,inference,medium,long_delay,1.0,0.8804570301584838,9.756983343649019,0.0,0.9307135219178532,0,3,1,low,Stable Learner,Strong Retention
L0017,17,A,World,19.150735269167793,9,factual_recall,easy,long_delay,1.0,0.7324886047856539,11.911008820603158,0.0,0.9307135219178532,3,1,1,low,Stable Learner,Strong Retention
L0018,18,A,Cooking,14.266833627583749,0,inference,medium,long_delay,1.0,0.922603390991068,9.312351905281293,0.0,0.9736805696126548,3,3,0,low,Strong Retention,Strong Retention
L0018,18,A,Sports,6.35868587803159,1,reasoning,easy,short_delay,1.0,0.5132945046217257,17.90957453668014,1.0,0.9736805696126548,2,2,2,low,Strong Retention,Strong Retention
L0018,18,A,World,16.561598204980548,2,reasoning,easy,short_delay,1.0,0.7682561445162318,9.8297687195527,0.0,0.9736805696126548,2,0,1,low,Strong Retention,Strong Retention
L0018,18,A,Sports,14.79787827534228,3,comprehension,hard,immediate,1.0,0.7835348972456049,13.848849956042498,0.0,0.9736805696126548,2,3,0,low,Strong Retention,Strong Retention
L0018,18,A,Entertainment,7.533095624190722,4,factual_recall,hard,long_delay,1.0,0.6247901427273029,4.515127535756052,0.0,0.9736805696126548,3,0,2,low,Strong Retention,Strong Retention
L0018,18,A,News,12.464715535480682,5,factual_recall,medium,immediate,1.0,0.8094183058232313,19.44927024557952,0.0,0.9736805696126548,2,3,1,low,Strong Retention,Strong Retention
L0018,18,A,Sports,12.294209190058728,6,inference,medium,short_delay,1.0,0.9248757772410507,14.410609785225995,0.0,0.9736805696126548,4,1,2,low,Strong Retention,Strong Retention
L0018,18,A,News,13.894349467244242,7,comprehension,easy,long_delay,1.0,0.691343214040941,11.270000629398954,0.0,0.9736805696126548,3,2,0,low,Strong Retention,Strong Retention
L0018,18,A,Cooking,12.035076185190082,8,inference,medium,long_delay,1.0,0.8336400938689873,14.30218603999958,0.0,0.9736805696126548,1,1,2,low,Strong Retention,Strong Retention
L0018,18,A,News,17.333203191407105,9,factual_recall,medium,long_delay,1.0,0.7084176522703562,6.360722284208759,0.0,0.9736805696126548,3,3,1,low,Strong Retention,Strong Retention
L0019,19,A,World,9.101445531900087,0,comprehension,easy,immediate,1.0,0.9785318394224728,6.291454391255035,0.0,0.9045371281876087,1,0,2,low,Stable Learner,Strong Retention
L0019,19,A,Cooking,15.575422947862894,1,comprehension,easy,short_delay,1.0,0.8357319422710627,4.929511548242476,0.0,0.9045371281876087,2,0,2,low,Stable Learner,Strong Retention
L0019,19,A,Cooking,17.22609644328131,2,factual_recall,easy,short_delay,1.0,0.8962960573249449,12.43794143778835,0.0,0.9045371281876087,2,3,0,low,Stable Learner,Strong Retention
L0019,19,A,Sports,10.41215842126273,3,comprehension,easy,immediate,1.0,0.7275388948482276,16.5001756868321,0.0,0.9045371281876087,2,1,1,low,Stable Learner,Strong Retention
L0019,19,A,Entertainment,16.276710638461722,4,comprehension,easy,immediate,1.0,0.7146240777412589,11.946336852300766,0.0,0.9045371281876087,0,1,1,low,Stable Learner,Strong Retention
L0019,19,A,News,11.58232552702923,5,factual_recall,easy,long_delay,1.0,0.8459705955014988,2.9583409706485906,0.0,0.9045371281876087,1,3,0,low,Stable Learner,Strong Retention
L0019,19,A,Cooking,18.95005021032076,6,inference,medium,short_delay,1.0,0.8988553242465316,11.236958158661805,0.0,0.9045371281876087,3,2,0,low,Stable Learner,Strong Retention
L0019,19,A,World,19.98244456000488,7,reasoning,medium,short_delay,1.0,0.8040256502000463,11.348804013469572,0.0,0.9045371281876087,4,3,2,low,Stable Learner,Strong Retention
L0019,19,A,Cooking,11.913970866096653,8,inference,hard,immediate,1.0,0.6713606664916303,20.383995000901756,0.0,0.9045371281876087,3,0,1,low,Stable Learner,Strong Retention
L0019,19,A,Cooking,12.414718003019265,9,reasoning,medium,short_delay,1.0,0.6639741633710673,6.171448348321775,0.0,0.9045371281876087,2,3,1,low,Stable Learner,Strong Retention
L0020,20,A,Sports,8.968964080192375,0,inference,easy,short_delay,1.0,0.8749222927200855,4.877047569746118,0.0,0.8520286123429066,4,1,2,low,Stable Learner,Strong Retention
L0020,20,A,Sports,16.636866296556356,1,factual_recall,hard,short_delay,1.0,0.6312652305586649,8.78703963219318,0.0,0.8520286123429066,1,2,2,low,Stable Learner,Strong Retention
L0020,20,A,World,5.064586635015179,2,comprehension,medium,short_delay,1.0,0.706973531272995,14.204766914806777,0.0,0.8520286123429066,1,3,2,low,Stable Learner,Strong Retention
L0020,20,A,News,8.11997110562691,3,inference,medium,long_delay,1.0,0.9516368646725336,13.582036425450033,0.0,0.8520286123429066,4,3,0,low,Stable Learner,Strong Retention
L0020,20,A,News,16.206137009448295,4,reasoning,easy,short_delay,1.0,0.7739100176999151,5.731766999058247,0.0,0.8520286123429066,1,0,0,low,Stable Learner,Strong Retention
L0020,20,A,News,11.150731803724913,5,reasoning,medium,long_delay,1.0,0.8839922605132798,9.102629922367196,0.0,0.8520286123429066,4,2,1,low,Stable Learner,Strong Retention
L0020,20,A,Entertainment,19.744807573038603,6,factual_recall,easy,short_delay,1.0,0.8236955388719247,9.673114603191014,0.0,0.8520286123429066,3,1,0,low,Stable Learner,Strong Retention
L0020,20,A,World,8.688133805075879,7,inference,hard,immediate,1.0,0.7895041843999828,10.5381216235431,0.0,0.8520286123429066,3,3,0,low,Stable Learner,Strong Retention
L0020,20,A,Cooking,8.00843706982331,8,reasoning,easy,immediate,1.0,0.936385032493269,6.496345645593794,0.0,0.8520286123429066,2,1,0,low,Stable Learner,Strong Retention
L0020,20,A,Sports,16.940906714388063,9,comprehension,hard,short_delay,1.0,0.77633411753481,9.486515567522085,0.0,0.8520286123429066,4,2,0,low,Stable Learner,Strong Retention
L0021,21,A,Cooking,8.575077940430901,0,comprehension,easy,short_delay,1.0,0.7321928471506501,12.769684471072726,0.0,0.9039299353057519,3,2,1,low,Stable Learner,Strong Retention
L0021,21,A,Cooking,10.926527563218363,1,inference,hard,long_delay,1.0,0.8532129373881439,16.52820915365671,0.0,0.9039299353057519,4,3,0,low,Stable Learner,Strong Retention
L0021,21,A,Entertainment,15.169577788175669,2,factual_recall,easy,short_delay,1.0,1.0,2.6228084248452905,0.0,0.9039299353057519,3,0,1,low,Stable Learner,Strong Retention
L0021,21,A,Entertainment,19.40939428443249,3,comprehension,hard,long_delay,1.0,0.6223013360673926,18.361809191664094,0.0,0.9039299353057519,4,0,2,low,Stable Learner,Strong Retention
L0021,21,A,Sports,14.573353293895053,4,reasoning,medium,short_delay,1.0,0.832401252418998,13.500248607569361,0.0,0.9039299353057519,0,3,0,low,Stable Learner,Strong Retention
L0021,21,A,News,11.18562371445837,5,factual_recall,hard,immediate,1.0,0.7239809911381094,16.31137342298073,0.0,0.9039299353057519,1,2,2,low,Stable Learner,Strong Retention
L0021,21,A,Entertainment,19.699678098352376,6,reasoning,medium,long_delay,1.0,0.8577402577519251,7.1204970206339135,0.0,0.9039299353057519,3,1,0,low,Stable Learner,Strong Retention
L0021,21,A,Entertainment,10.05284815749903,7,comprehension,medium,immediate,1.0,0.8046557473327861,8.676920473578658,0.0,0.9039299353057519,3,3,2,low,Stable Learner,Strong Retention
L0021,21,A,World,8.302368367284496,8,comprehension,hard,long_delay,1.0,0.8761854774042463,12.583753176579096,0.0,0.9039299353057519,1,2,1,low,Stable Learner,Strong Retention
L0021,21,A,Cooking,5.828149350619707,9,reasoning,medium,long_delay,1.0,0.917550657650878,11.931848442650148,0.0,0.9039299353057519,4,3,0,low,Stable Learner,Strong Retention
L0022,22,A,News,6.069568012772681,0,comprehension,easy,long_delay,1.0,0.642747174999756,10.026394638469286,0.0,0.8732594330890722,0,0,0,low,Stable Learner,Strong Retention
L0022,22,A,News,17.408818933861046,1,factual_recall,medium,immediate,1.0,0.6618050968636368,12.565677893362176,0.0,0.8732594330890722,3,0,1,low,Stable Learner,Strong Retention
L0022,22,A,Cooking,14.577012916471109,2,inference,medium,short_delay,1.0,0.7468122506057243,2.698514500502853,0.0,0.8732594330890722,4,2,1,low,Stable Learner,Strong Retention
L0022,22,A,Cooking,10.19095734357102,3,comprehension,medium,immediate,1.0,0.6750940029321948,12.94730446715211,0.0,0.8732594330890722,0,1,2,low,Stable Learner,Strong Retention
L0022,22,A,Entertainment,7.302973195055712,4,reasoning,hard,immediate,1.0,0.8410212015679551,19.611629849096673,0.0,0.8732594330890722,3,3,2,low,Stable Learner,Strong Retention
L0022,22,A,Sports,15.290748042588502,5,factual_recall,hard,long_delay,1.0,0.7534231835141922,10.186246806525629,0.0,0.8732594330890722,0,3,2,low,Stable Learner,Strong Retention
L0022,22,A,Sports,8.24933546276064,6,reasoning,medium,long_delay,1.0,1.0,13.039231427222038,0.0,0.8732594330890722,3,3,0,low,Stable Learner,Strong Retention
L0022,22,A,Sports,13.532507080764786,7,comprehension,easy,short_delay,1.0,0.6262285404862868,16.0996867725016,0.0,0.8732594330890722,2,1,1,low,Stable Learner,Strong Retention
L0022,22,A,Cooking,14.353195544641189,8,factual_recall,hard,immediate,1.0,0.8203633178709802,11.344185999892014,0.0,0.8732594330890722,1,2,1,low,Stable Learner,Strong Retention
L0022,22,A,Entertainment,15.238821833253247,9,factual_recall,easy,long_delay,1.0,0.6872046976494331,9.676159245874068,0.0,0.8732594330890722,2,0,1,low,Stable Learner,Strong Retention
L0023,23,A,World,14.399588265462222,0,comprehension,easy,immediate,1.0,1.0,17.849421053893444,0.0,0.8541123231291243,1,2,0,low,Stable Learner,Strong Retention
L0023,23,A,Cooking,16.39464578459592,1,comprehension,easy,immediate,1.0,0.7548615549035605,15.23677892741269,0.0,0.8541123231291243,4,3,1,low,Stable Learner,Strong Retention
L0023,23,A,News,17.745952871018407,2,inference,medium,long_delay,1.0,0.8072017641917053,12.381756153950944,1.0,0.8541123231291243,4,0,2,low,Stable Learner,Strong Retention
L0023,23,A,Sports,8.756496300978323,3,factual_recall,easy,short_delay,1.0,0.6704658815533965,2.2544973470107106,0.0,0.8541123231291243,2,3,2,low,Stable Learner,Strong Retention
L0023,23,A,News,12.901598470434616,4,inference,medium,short_delay,1.0,0.970609175812764,8.066336085363877,0.0,0.8541123231291243,3,3,1,low,Stable Learner,Strong Retention
L0023,23,A,World,8.057909409943159,5,reasoning,medium,long_delay,1.0,0.9119500680802917,14.75104452639949,0.0,0.8541123231291243,4,0,0,low,Stable Learner,Strong Retention
L0023,23,A,World,19.78431652268012,6,reasoning,medium,long_delay,1.0,0.8296915870736113,16.851534766892623,1.0,0.8541123231291243,4,3,1,low,Stable Learner,Strong Retention
L0023,23,A,Entertainment,9.036957510842086,7,comprehension,easy,short_delay,1.0,0.6653197451220435,16.436679245968527,0.0,0.8541123231291243,2,0,1,low,Stable Learner,Strong Retention
L0023,23,A,News,14.550054198744592,8,factual_recall,medium,short_delay,1.0,0.8210666877724621,5.6319479910341785,0.0,0.8541123231291243,3,2,2,low,Stable Learner,Strong Retention
L0023,23,A,Sports,9.96015495419529,9,factual_recall,easy,short_delay,1.0,0.6878568953982745,13.206209227251616,0.0,0.8541123231291243,0,2,2,low,Stable Learner,Strong Retention
L0024,24,A,World,10.394994404999164,0,reasoning,hard,immediate,1.0,0.6881694182793456,16.174973590881976,0.0,0.9016347612626635,3,0,0,low,Stable Learner,Strong Retention
L0024,24,A,Sports,15.671140215646135,1,reasoning,easy,immediate,1.0,0.7615449889982083,13.573507481016389,0.0,0.9016347612626635,2,2,1,low,Stable Learner,Strong Retention
L0024,24,A,Sports,16.64972653833074,2,factual_recall,medium,long_delay,1.0,0.8661378189891709,6.412151768995474,0.0,0.9016347612626635,1,2,0,low,Stable Learner,Strong Retention
L0024,24,A,News,12.12533666006541,3,factual_recall,medium,long_delay,1.0,0.7358457279217154,14.62247224468553,0.0,0.9016347612626635,1,0,0,low,Stable Learner,Strong Retention
L0024,24,A,World,11.823416025989582,4,comprehension,easy,short_delay,1.0,0.8231282022743365,7.661557510255047,0.0,0.9016347612626635,0,0,0,low,Stable Learner,Strong Retention
L0024,24,A,World,18.885300031050868,5,reasoning,easy,short_delay,1.0,0.7700662092248278,17.650052279844026,0.0,0.9016347612626635,4,2,0,low,Stable Learner,Strong Retention
L0024,24,A,Sports,19.27893185121362,6,inference,medium,immediate,1.0,0.8672114315096437,16.0963953593641,0.0,0.9016347612626635,4,3,2,low,Stable Learner,Strong Retention
L0024,24,A,World,18.588533282266674,7,comprehension,hard,immediate,1.0,0.8475128067348009,13.159541903673603,0.0,0.9016347612626635,2,3,0,low,Stable Learner,Strong Retention
L0024,24,A,News,14.207423837135174,8,inference,hard,short_delay,1.0,0.730806630382539,12.628931373744773,0.0,0.9016347612626635,2,1,1,low,Stable Learner,Strong Retention
L0024,24,A,Cooking,7.303696686291718,9,factual_recall,hard,long_delay,1.0,0.7831348246599548,11.16387097589032,0.0,0.9016347612626635,0,2,2,low,Stable Learner,Strong Retention
L0025,25,A,Sports,11.695842382155643,0,inference,hard,long_delay,1.0,0.6807604669557566,18.416916418740055,0.0,0.8972448950478855,1,2,0,low,Needs Review,Strong Retention
L0025,25,A,News,18.27639482340201,1,factual_recall,medium,immediate,1.0,0.7416884927697309,11.86682104193225,0.0,0.8972448950478855,0,1,0,low,Needs Review,Strong Retention
L0025,25,A,News,5.710587600942347,2,factual_recall,medium,immediate,1.0,0.6982775658898359,7.35226237447965,0.0,0.8972448950478855,2,0,0,low,Needs Review,Strong Retention
L0025,25,A,Cooking,11.215306579915419,3,factual_recall,medium,immediate,1.0,0.886622520085853,9.290903263962889,0.0,0.8972448950478855,1,1,0,low,Needs Review,Strong Retention
L0025,25,A,Entertainment,10.605770043235271,4,factual_recall,easy,short_delay,1.0,0.8732427809762838,8.793524636926197,0.0,0.8972448950478855,3,0,1,low,Needs Review,Strong Retention
L0025,25,A,News,8.724413718279392,5,reasoning,medium,immediate,1.0,0.6280838866123953,6.901526391937976,0.0,0.8972448950478855,1,3,2,low,Needs Review,Strong Retention
L0025,25,A,News,12.956617694046184,6,reasoning,easy,short_delay,1.0,0.7596407881480667,12.379307438921503,0.0,0.8972448950478855,0,0,1,low,Needs Review,Strong Retention
L0025,25,A,Cooking,10.172468890982568,7,inference,medium,long_delay,1.0,0.7136814337655724,7.088337797232627,0.0,0.8972448950478855,0,0,2,low,Needs Review,Strong Retention
L0025,25,A,World,5.334032309444,8,inference,hard,short_delay,1.0,0.929350996845937,3.278535165047245,0.0,0.8972448950478855,1,3,2,low,Needs Review,Strong Retention
L0025,25,A,Sports,16.81333377294825,9,factual_recall,medium,immediate,1.0,0.6649900881873579,10.481294116607307,0.0,0.8972448950478855,4,3,2,low,Needs Review,Strong Retention
L0026,26,A,News,10.87756564865079,0,comprehension,medium,immediate,1.0,0.8251854415295006,11.959215537499816,0.0,0.9217004911725054,3,2,1,low,Stable Learner,Strong Retention
L0026,26,A,News,15.122191286088045,1,reasoning,easy,short_delay,1.0,0.6595208452389673,18.360875222487117,0.0,0.9217004911725054,1,1,1,low,Stable Learner,Strong Retention
L0026,26,A,Sports,11.997638947075146,2,factual_recall,medium,short_delay,1.0,0.9122678254563739,12.637191135318563,0.0,0.9217004911725054,0,3,0,low,Stable Learner,Strong Retention
L0026,26,A,Cooking,8.207462319169966,3,comprehension,hard,short_delay,1.0,0.7905805424649167,11.887667699583872,0.0,0.9217004911725054,1,2,0,low,Stable Learner,Strong Retention
L0026,26,A,Cooking,6.859070816613167,4,reasoning,hard,immediate,1.0,0.688906890478428,9.358799535912045,0.0,0.9217004911725054,3,2,1,low,Stable Learner,Strong Retention
L0026,26,A,News,17.104163365310534,5,inference,hard,immediate,1.0,0.9188784114353874,14.327401757228314,0.0,0.9217004911725054,3,0,2,low,Stable Learner,Strong Retention
L0026,26,A,Cooking,19.892119359056675,6,factual_recall,medium,short_delay,1.0,0.8625675571596154,13.906411869295919,0.0,0.9217004911725054,2,0,0,low,Stable Learner,Strong Retention
L0026,26,A,Cooking,12.998747147475623,7,inference,easy,short_delay,1.0,0.6735458008052086,12.058720559558845,0.0,0.9217004911725054,3,1,0,low,Stable Learner,Strong Retention
L0026,26,A,News,8.968614167318925,8,inference,easy,immediate,1.0,0.9777182840257724,8.840054584529588,0.0,0.9217004911725054,4,0,2,low,Stable Learner,Strong Retention
L0026,26,A,Sports,9.108592529090679,9,inference,easy,short_delay,1.0,0.8658797368366193,12.519719416664296,0.0,0.9217004911725054,1,1,0,low,Stable Learner,Strong Retention
L0027,27,A,Entertainment,11.212662823890058,0,reasoning,hard,immediate,1.0,0.7084875340520499,13.871279131638628,0.0,0.792199599697031,3,1,1,low,Stable Learner,Strong Retention
L0027,27,A,Sports,10.891025181526295,1,inference,medium,immediate,1.0,0.8407263893735469,12.780415892571552,0.0,0.792199599697031,4,0,0,low,Stable Learner,Strong Retention
L0027,27,A,World,11.389564472192738,2,inference,hard,immediate,1.0,0.8387058729395744,14.517616024408802,0.0,0.792199599697031,3,2,0,low,Stable Learner,Strong Retention
L0027,27,A,Cooking,8.86058469582719,3,reasoning,medium,immediate,1.0,0.684632508360024,12.527495252484607,0.0,0.792199599697031,0,3,1,low,Stable Learner,Strong Retention
L0027,27,A,Entertainment,11.201123665847879,4,factual_recall,medium,long_delay,1.0,0.8158448050499736,15.275055801389767,1.0,0.792199599697031,4,1,2,low,Stable Learner,Strong Retention
L0027,27,A,World,16.77083031277027,5,reasoning,hard,short_delay,1.0,0.9022407225360473,12.3783701318308,0.0,0.792199599697031,4,0,0,low,Stable Learner,Strong Retention
L0027,27,A,World,7.549677817936786,6,factual_recall,easy,long_delay,1.0,0.8777072958990899,15.138754864526746,0.0,0.792199599697031,1,2,0,low,Stable Learner,Strong Retention
L0027,27,A,Sports,18.94398458010757,7,inference,easy,short_delay,1.0,0.7904714212986066,15.483291081466556,0.0,0.792199599697031,2,1,2,low,Stable Learner,Strong Retention
L0027,27,A,Sports,13.967840498093054,8,comprehension,easy,long_delay,1.0,0.7532023686675708,8.781893479100745,0.0,0.792199599697031,0,0,1,low,Stable Learner,Strong Retention
L0027,27,A,Cooking,8.8783576722311,9,comprehension,medium,short_delay,1.0,0.7370655515665496,4.767423812517016,0.0,0.792199599697031,0,1,2,low,Stable Learner,Strong Retention
L0028,28,A,World,10.52516246309516,0,reasoning,hard,short_delay,1.0,0.7190546270902672,5.163095584359378,0.0,0.916626615654882,2,1,2,low,Strong Retention,Strong Retention
L0028,28,A,News,10.53317571106206,1,factual_recall,easy,short_delay,1.0,0.8677484842091394,9.046493676491568,1.0,0.916626615654882,1,0,0,low,Strong Retention,Strong Retention
L0028,28,A,Entertainment,14.404285106484032,2,reasoning,easy,short_delay,1.0,0.7256139072904366,9.535299663301904,0.0,0.916626615654882,1,1,2,low,Strong Retention,Strong Retention
L0028,28,A,Cooking,16.577908112658886,3,comprehension,medium,immediate,1.0,0.7478461355213617,8.596721510469228,0.0,0.916626615654882,2,1,2,low,Strong Retention,Strong Retention
L0028,28,A,Sports,18.646963647763165,4,factual_recall,hard,long_delay,1.0,0.7056046475277998,7.68966700958515,0.0,0.916626615654882,1,0,2,low,Strong Retention,Strong Retention
L0028,28,A,Cooking,15.474776118028823,5,factual_recall,hard,long_delay,1.0,0.9301158348652031,10.801387743778537,0.0,0.916626615654882,2,0,0,low,Strong Retention,Strong Retention
L0028,28,A,Cooking,6.8984568818594045,6,factual_recall,hard,long_delay,1.0,0.863342154102735,7.13358513884238,0.0,0.916626615654882,0,2,0,low,Strong Retention,Strong Retention
L0028,28,A,Entertainment,18.040427403177855,7,factual_recall,medium,long_delay,1.0,0.8604993375678874,13.340169470149652,0.0,0.916626615654882,3,1,2,low,Strong Retention,Strong Retention
L0028,28,A,Cooking,18.03580679415504,8,inference,easy,immediate,1.0,0.924721142114245,12.206793285714458,0.0,0.916626615654882,0,2,2,low,Strong Retention,Strong Retention
L0028,28,A,Sports,17.90518836172675,9,inference,medium,short_delay,1.0,1.0,13.924114659054622,0.0,0.916626615654882,2,0,0,low,Strong Retention,Strong Retention
L0029,29,A,News,7.618056974401824,0,reasoning,easy,long_delay,1.0,0.6956055928531358,9.517925517405354,0.0,0.8538260110033349,4,1,1,low,Stable Learner,Strong Retention
L0029,29,A,World,5.4888866487052175,1,inference,easy,immediate,1.0,0.7960901078783448,5.671331935492328,0.0,0.8538260110033349,2,2,0,low,Stable Learner,Strong Retention
L0029,29,A,Sports,19.790446146149353,2,reasoning,easy,immediate,1.0,0.7909807586622613,9.021506574245748,0.0,0.8538260110033349,0,0,0,low,Stable Learner,Strong Retention
L0029,29,A,Cooking,12.46997436189735,3,inference,medium,immediate,1.0,0.7097493493556709,11.781182252602914,0.0,0.8538260110033349,1,1,2,low,Stable Learner,Strong Retention
L0029,29,A,Sports,11.425889687621984,4,comprehension,easy,long_delay,1.0,0.76950267812869,16.662688359535277,0.0,0.8538260110033349,1,3,2,low,Stable Learner,Strong Retention
L0029,29,A,Sports,13.516183986406292,5,factual_recall,easy,immediate,1.0,0.9229375717650105,7.853672100521372,0.0,0.8538260110033349,0,2,0,low,Stable Learner,Strong Retention
L0029,29,A,Cooking,9.32089953083211,6,factual_recall,easy,long_delay,1.0,0.7194006391168203,11.661920473954106,0.0,0.8538260110033349,0,0,2,low,Stable Learner,Strong Retention
L0029,29,A,World,17.532952971666376,7,comprehension,easy,immediate,1.0,0.6606327515633829,14.700578639579593,0.0,0.8538260110033349,0,3,0,low,Stable Learner,Strong Retention
L0029,29,A,Cooking,8.520552335778437,8,inference,medium,short_delay,1.0,0.8942593620899792,2.4749306395123174,0.0,0.8538260110033349,3,1,0,low,Stable Learner,Strong Retention
L0029,29,A,Entertainment,12.333474522060058,9,comprehension,medium,long_delay,1.0,0.8492296911938038,16.135144671755597,0.0,0.8538260110033349,4,1,0,low,Stable Learner,Strong Retention
L0030,30,A,Cooking,13.92784028188139,0,comprehension,easy,long_delay,1.0,0.8055939350132402,12.04686567087746,1.0,0.9684392315951782,4,1,1,low,Strong Retention,Strong Retention
L0030,30,A,News,6.858888391302724,1,reasoning,medium,short_delay,1.0,0.8496120708088786,2.466445188170553,1.0,0.9684392315951782,2,0,2,low,Strong Retention,Strong Retention
L0030,30,A,Entertainment,18.388122421926308,2,inference,medium,long_delay,1.0,0.8366332933650045,14.066811274593865,0.0,0.9684392315951782,1,0,1,low,Strong Retention,Strong Retention
L0030,30,A,Cooking,9.4611793864037,3,inference,easy,short_delay,1.0,0.7711714541872682,3.122102965507789,0.0,0.9684392315951782,4,2,2,low,Strong Retention,Strong Retention
L0030,30,A,World,11.253688050781168,4,inference,easy,short_delay,1.0,0.8404982318924678,17.879748923764925,1.0,0.9684392315951782,4,1,1,low,Strong Retention,Strong Retention
L0030,30,A,News,8.55052991789905,5,inference,medium,immediate,1.0,1.0,12.677895484773043,0.0,0.9684392315951782,0,3,2,low,Strong Retention,Strong Retention
L0030,30,A,Entertainment,7.9697111962536065,6,comprehension,hard,long_delay,1.0,0.7729603057904558,15.998696079487956,0.0,0.9684392315951782,4,0,0,low,Strong Retention,Strong Retention
L0030,30,A,World,15.885514560838034,7,comprehension,easy,immediate,1.0,0.8419464892853249,8.391555447275795,0.0,0.9684392315951782,3,3,1,low,Strong Retention,Strong Retention
L0030,30,A,Sports,17.42296778734004,8,inference,hard,long_delay,1.0,0.9257778950869443,5.789970106799783,0.0,0.9684392315951782,4,2,1,low,Strong Retention,Strong Retention
L0030,30,A,Sports,15.459104927448937,9,comprehension,hard,immediate,1.0,0.914025328094428,13.043017536564669,0.0,0.9684392315951782,2,0,1,low,Strong Retention,Strong Retention
L0031,31,A,Sports,10.523485793725564,0,factual_recall,easy,immediate,1.0,0.8705969746698816,15.920763486687289,0.0,0.8019577200765234,3,0,1,low,Strong Retention,Strong Retention
L0031,31,A,News,10.600753148880122,1,inference,hard,short_delay,1.0,0.6340112118580312,13.124692662573917,0.0,0.8019577200765234,2,3,0,low,Strong Retention,Strong Retention
L0031,31,A,World,10.07458286904446,2,comprehension,easy,long_delay,1.0,0.8308799276848167,9.209771173614769,0.0,0.8019577200765234,4,1,2,low,Strong Retention,Strong Retention
L0031,31,A,Entertainment,17.040574641903184,3,factual_recall,easy,long_delay,1.0,0.7112536175257841,8.536240464670856,0.0,0.8019577200765234,3,3,2,low,Strong Retention,Strong Retention
L0031,31,A,News,5.764161335045334,4,reasoning,hard,long_delay,1.0,0.6840160714233036,5.410014803810245,0.0,0.8019577200765234,4,3,1,low,Strong Retention,Strong Retention
L0031,31,A,Cooking,13.283796805160145,5,factual_recall,easy,long_delay,1.0,0.7558089982920311,13.16293271146729,0.0,0.8019577200765234,4,2,1,low,Strong Retention,Strong Retention
L0031,31,A,News,15.245224346734966,6,comprehension,hard,long_delay,1.0,0.7816702443572741,10.581649810994568,0.0,0.8019577200765234,2,3,2,low,Strong Retention,Strong Retention
L0031,31,A,Sports,5.79987627400011,7,factual_recall,hard,short_delay,1.0,0.7355791749613552,2.511217887745943,0.0,0.8019577200765234,4,0,1,low,Strong Retention,Strong Retention
L0031,31,A,Entertainment,11.939000910662124,8,factual_recall,hard,short_delay,1.0,0.8588703278215151,9.857140508922399,0.0,0.8019577200765234,4,0,0,low,Strong Retention,Strong Retention
L0031,31,A,News,8.490982200142811,9,reasoning,hard,short_delay,1.0,0.7553930621541166,8.395863882980192,0.0,0.8019577200765234,0,0,0,low,Strong Retention,Strong Retention
L0032,32,A,Sports,14.656106981364097,0,reasoning,hard,long_delay,1.0,0.9322504331523123,12.846855136682388,0.0,0.8779746069576003,1,1,1,low,Stable Learner,Strong Retention
L0032,32,A,Entertainment,5.375603045077754,1,comprehension,easy,immediate,1.0,0.8661947589430518,15.048596967834744,0.0,0.8779746069576003,2,3,0,low,Stable Learner,Strong Retention
L0032,32,A,World,15.174659126025624,2,factual_recall,easy,long_delay,1.0,0.8016129415276004,10.8797254924765,0.0,0.8779746069576003,1,2,2,low,Stable Learner,Strong Retention
L0032,32,A,Entertainment,10.940978769177308,3,reasoning,easy,long_delay,1.0,0.7538973719419162,19.26610798456042,0.0,0.8779746069576003,0,1,1,low,Stable Learner,Strong Retention
L0032,32,A,News,5.237048587449443,4,inference,medium,short_delay,1.0,0.7566767343376979,8.475046210255798,0.0,0.8779746069576003,3,3,1,low,Stable Learner,Strong Retention
L0032,32,A,World,13.178073518339602,5,comprehension,medium,immediate,1.0,0.832774646995195,12.869761661213046,0.0,0.8779746069576003,3,3,2,low,Stable Learner,Strong Retention
L0032,32,A,World,18.89273294412295,6,comprehension,medium,immediate,1.0,0.858416907335229,11.856701013336178,0.0,0.8779746069576003,1,3,1,low,Stable Learner,Strong Retention
L0032,32,A,News,7.919423174073835,7,reasoning,easy,short_delay,1.0,0.70923824938994,11.598809330226366,0.0,0.8779746069576003,2,3,1,low,Stable Learner,Strong Retention
L0032,32,A,Sports,11.766352412058595,8,comprehension,easy,short_delay,1.0,0.8036480755614231,11.54271132798101,0.0,0.8779746069576003,4,3,1,low,Stable Learner,Strong Retention
L0032,32,A,World,14.788508776506228,9,inference,easy,long_delay,1.0,0.5968380431336974,12.428420120037886,0.0,0.8779746069576003,1,2,2,low,Stable Learner,Strong Retention
L0033,33,A,Entertainment,6.236419841856902,0,comprehension,medium,short_delay,1.0,0.8480241152511767,5.283558289505131,0.0,0.9315619164033574,4,3,1,low,Needs Review,Strong Retention
L0033,33,A,Entertainment,12.814634491336603,1,comprehension,medium,immediate,1.0,0.8407728369618039,11.567066646708106,0.0,0.9315619164033574,2,2,0,low,Needs Review,Strong Retention
L0033,33,A,Sports,7.975744449222921,2,inference,hard,long_delay,1.0,0.7679459621662452,10.26549005938325,0.0,0.9315619164033574,4,3,2,low,Needs Review,Strong Retention
L0033,33,A,Cooking,17.943895624322426,3,reasoning,easy,long_delay,1.0,0.8787482704385525,3.6598868132804885,0.0,0.9315619164033574,4,1,2,low,Needs Review,Strong Retention
L0033,33,A,World,14.968695642909712,4,inference,easy,long_delay,1.0,0.7954441873245459,13.556150361735051,0.0,0.9315619164033574,0,3,0,low,Needs Review,Strong Retention
L0033,33,A,Cooking,17.208735255643557,5,reasoning,hard,immediate,1.0,0.7512886439184823,10.479847751231217,0.0,0.9315619164033574,2,3,2,low,Needs Review,Strong Retention
L0033,33,A,Sports,13.481988744143564,6,reasoning,medium,immediate,1.0,0.76881086877446,3.6031746297550242,0.0,0.9315619164033574,3,0,0,low,Needs Review,Strong Retention
L0033,33,A,World,10.94829084243271,7,inference,medium,short_delay,1.0,1.0,15.358272363097008,0.0,0.9315619164033574,1,0,1,low,Needs Review,Strong Retention
L0033,33,A,Cooking,18.427461766606093,8,inference,medium,immediate,1.0,0.6265023917954567,17.74002471195574,0.0,0.9315619164033574,3,2,1,low,Needs Review,Strong Retention
L0033,33,A,Cooking,14.214227757073676,9,factual_recall,medium,immediate,1.0,0.8499788104295799,17.96049736918629,0.0,0.9315619164033574,1,1,1,low,Needs Review,Strong Retention
L0034,34,A,Cooking,19.579915140526555,0,factual_recall,easy,immediate,1.0,0.7228769833765362,8.732827282918976,0.0,0.9465188928811447,1,0,2,low,Stable Learner,Strong Retention
L0034,34,A,News,17.908453329104482,1,inference,easy,immediate,1.0,0.9657376120232497,11.830264759683567,0.0,0.9465188928811447,2,2,2,low,Stable Learner,Strong Retention
L0034,34,A,Cooking,13.347291357661911,2,comprehension,medium,short_delay,1.0,0.73154439758202,12.360627310670292,0.0,0.9465188928811447,4,3,0,low,Stable Learner,Strong Retention
L0034,34,A,Sports,11.155120383485624,3,reasoning,easy,immediate,1.0,0.7316908198414825,8.05503955793361,0.0,0.9465188928811447,3,3,2,low,Stable Learner,Strong Retention
L0034,34,A,Sports,10.901856109824827,4,comprehension,medium,long_delay,1.0,0.9537357551897803,11.777259789400023,0.0,0.9465188928811447,4,0,2,low,Stable Learner,Strong Retention
L0034,34,A,Sports,13.325634275788216,5,comprehension,medium,short_delay,1.0,0.8211460152363917,12.021291441806802,0.0,0.9465188928811447,1,2,1,low,Stable Learner,Strong Retention
L0034,34,A,Entertainment,12.944378614392257,6,comprehension,easy,long_delay,1.0,0.7447975270988424,16.560837915746944,0.0,0.9465188928811447,0,2,2,low,Stable Learner,Strong Retention
L0034,34,A,News,17.666129212483597,7,factual_recall,easy,immediate,1.0,0.7844866868819407,16.829700113244805,0.0,0.9465188928811447,3,3,1,low,Stable Learner,Strong Retention
L0034,34,A,Cooking,8.094093551080187,8,inference,hard,immediate,1.0,0.9353073577542059,10.683162406563968,0.0,0.9465188928811447,3,1,2,low,Stable Learner,Strong Retention
L0034,34,A,News,8.379460081735001,9,comprehension,hard,short_delay,1.0,0.9466202819625682,11.144187424556753,0.0,0.9465188928811447,4,0,0,low,Stable Learner,Strong Retention
L0035,35,A,Entertainment,19.024367252987762,0,factual_recall,medium,short_delay,1.0,0.8954348329091698,11.295147764152096,0.0,0.9699568190848044,2,3,2,low,Stable Learner,Strong Retention
L0035,35,A,News,16.097466410577567,1,comprehension,hard,long_delay,1.0,0.8495272946068598,13.601239633238693,0.0,0.9699568190848044,4,0,1,low,Stable Learner,Strong Retention
L0035,35,A,Cooking,10.299343241554201,2,factual_recall,medium,long_delay,1.0,0.8145630314343886,1.0,0.0,0.9699568190848044,3,3,1,low,Stable Learner,Strong Retention
L0035,35,A,World,12.386943755006495,3,factual_recall,easy,short_delay,1.0,0.8393229776984827,13.209032873941846,0.0,0.9699568190848044,2,2,0,low,Stable Learner,Strong Retention
L0035,35,A,Sports,9.931698669586059,4,comprehension,medium,long_delay,1.0,0.7138017644686625,11.546584008640773,0.0,0.9699568190848044,3,0,2,low,Stable Learner,Strong Retention
L0035,35,A,News,5.674463637482412,5,comprehension,hard,immediate,1.0,0.8857210353556613,11.797487547772036,0.0,0.9699568190848044,3,1,0,low,Stable Learner,Strong Retention
L0035,35,A,Cooking,13.380114447125841,6,comprehension,medium,immediate,1.0,0.6887955745640799,14.82613005159131,0.0,0.9699568190848044,3,2,0,low,Stable Learner,Strong Retention
L0035,35,A,Cooking,18.849688434653817,7,inference,easy,long_delay,1.0,0.8835376993902231,11.700924313741089,0.0,0.9699568190848044,3,2,0,low,Stable Learner,Strong Retention
L0035,35,A,World,19.711362018625284,8,inference,hard,long_delay,1.0,0.9186142502118831,7.439172573395368,0.0,0.9699568190848044,0,1,0,low,Stable Learner,Strong Retention
L0035,35,A,Sports,17.18774510371947,9,factual_recall,hard,immediate,1.0,0.8210864602088087,11.434389316698487,0.0,0.9699568190848044,1,3,1,low,Stable Learner,Strong Retention
L0036,36,A,World,11.156622103331701,0,comprehension,medium,short_delay,1.0,0.7755671144820472,14.004341730489863,0.0,0.9288354180771701,1,3,0,low,Strong Retention,Strong Retention
L0036,36,A,News,14.321876097529163,1,inference,medium,immediate,1.0,0.7836235895877799,16.263910518972537,0.0,0.9288354180771701,0,1,0,low,Strong Retention,Strong Retention
L0036,36,A,World,8.25191218597167,2,comprehension,easy,immediate,1.0,0.7572435635407876,13.539074176819971,0.0,0.9288354180771701,0,1,0,low,Strong Retention,Strong Retention
L0036,36,A,Cooking,5.014849908895791,3,comprehension,easy,immediate,1.0,1.0,12.377879967278552,0.0,0.9288354180771701,0,1,1,low,Strong Retention,Strong Retention
L0036,36,A,Sports,13.22596604052077,4,reasoning,easy,immediate,1.0,0.8555912031299443,12.04320833942406,0.0,0.9288354180771701,2,0,1,low,Strong Retention,Strong Retention
L0036,36,A,World,6.62462181783491,5,factual_recall,easy,immediate,1.0,0.7536199558648566,11.774235612451571,0.0,0.9288354180771701,0,3,2,low,Strong Retention,Strong Retention
L0036,36,A,Cooking,14.15434927555776,6,factual_recall,medium,long_delay,1.0,0.846549677416628,9.69320604428999,0.0,0.9288354180771701,3,0,1,low,Strong Retention,Strong Retention
L0036,36,A,World,8.060197198310613,7,inference,medium,short_delay,1.0,0.6989131082143683,10.202066280921184,0.0,0.9288354180771701,2,0,1,low,Strong Retention,Strong Retention
L0036,36,A,Cooking,7.238415926603847,8,inference,medium,long_delay,1.0,0.9504506718589227,17.91836149460374,0.0,0.9288354180771701,2,1,2,low,Strong Retention,Strong Retention
L0036,36,A,Entertainment,19.518600972250404,9,factual_recall,easy,short_delay,1.0,0.7338930904192861,11.565853469259373,0.0,0.9288354180771701,4,1,1,low,Strong Retention,Strong Retention
L0037,37,A,World,9.25401724408361,0,comprehension,hard,short_delay,1.0,0.8786199268652914,10.641579897573726,0.0,0.8689589307159706,0,1,1,low,Stable Learner,Strong Retention
L0037,37,A,Entertainment,19.365401120231347,1,factual_recall,hard,long_delay,1.0,0.8975984050294052,8.440838694811209,0.0,0.8689589307159706,0,0,2,low,Stable Learner,Strong Retention
L0037,37,A,News,18.70071659843152,2,comprehension,hard,short_delay,1.0,0.78448697104676,6.1254422787388325,0.0,0.8689589307159706,0,1,2,low,Stable Learner,Strong Retention
L0037,37,A,News,5.177136322685069,3,reasoning,easy,long_delay,1.0,0.9430919018824353,14.531473294229151,0.0,0.8689589307159706,4,0,2,low,Stable Learner,Strong Retention
L0037,37,A,Entertainment,6.511422816820596,4,inference,hard,short_delay,1.0,0.936846939376513,8.866395784413518,0.0,0.8689589307159706,0,1,2,low,Stable Learner,Strong Retention
L0037,37,A,Cooking,9.806823283451827,5,inference,easy,immediate,1.0,0.824339891640054,24.238124915987292,0.0,0.8689589307159706,2,3,0,low,Stable Learner,Strong Retention
L0037,37,A,Sports,14.762183975660522,6,reasoning,easy,immediate,1.0,0.7178108228456961,7.655705669550084,1.0,0.8689589307159706,1,3,2,low,Stable Learner,Strong Retention
L0037,37,A,Cooking,17.292919578265135,7,comprehension,medium,long_delay,1.0,0.9575376649435541,6.97047010007452,0.0,0.8689589307159706,3,0,2,low,Stable Learner,Strong Retention
L0037,37,A,Entertainment,14.204081525703861,8,inference,hard,immediate,1.0,0.7938982648971592,14.040554862453764,0.0,0.8689589307159706,3,0,2,low,Stable Learner,Strong Retention
L0037,37,A,Entertainment,5.995292056558716,9,factual_recall,easy,short_delay,1.0,0.8126165196430976,18.11725391586918,0.0,0.8689589307159706,0,3,1,low,Stable Learner,Strong Retention
L0038,38,A,Sports,12.113638721380799,0,factual_recall,easy,short_delay,1.0,0.7323753302636385,8.979122322331918,0.0,0.8677772117558642,0,1,1,low,Stable Learner,Strong Retention
L0038,38,A,News,9.004004734065928,1,inference,hard,immediate,1.0,0.8898555280142617,1.0418675108420832,0.0,0.8677772117558642,3,2,1,low,Stable Learner,Strong Retention
L0038,38,A,Cooking,5.966861486823632,2,inference,medium,immediate,1.0,0.8800719121669656,4.932152407479783,0.0,0.8677772117558642,1,0,0,low,Stable Learner,Strong Retention
L0038,38,A,World,15.591478735891403,3,factual_recall,medium,long_delay,1.0,0.8276819729330821,17.686507912328835,0.0,0.8677772117558642,0,1,0,low,Stable Learner,Strong Retention
L0038,38,A,Cooking,10.695789897224985,4,factual_recall,easy,long_delay,1.0,0.6649578581944615,10.394980242720704,0.0,0.8677772117558642,3,3,1,low,Stable Learner,Strong Retention
L0038,38,A,Cooking,16.242724663074057,5,comprehension,hard,immediate,1.0,0.7688360566050281,8.99710152693955,0.0,0.8677772117558642,2,1,1,low,Stable Learner,Strong Retention
L0038,38,A,Entertainment,8.7301199305426,6,inference,easy,long_delay,1.0,0.7253883517057275,18.570641173744935,0.0,0.8677772117558642,2,0,2,low,Stable Learner,Strong Retention
L0038,38,A,Entertainment,16.742572325836765,7,factual_recall,medium,long_delay,1.0,0.8869675756694492,17.060639781953306,0.0,0.8677772117558642,2,1,1,low,Stable Learner,Strong Retention
L0038,38,A,News,8.233560654953274,8,comprehension,medium,immediate,1.0,0.9178184852817185,12.097794887679147,0.0,0.8677772117558642,1,2,2,low,Stable Learner,Strong Retention
L0038,38,A,Cooking,8.667137637287594,9,comprehension,hard,immediate,1.0,0.9056385586030884,10.826387635744105,0.0,0.8677772117558642,1,0,1,low,Stable Learner,Strong Retention
L0039,39,A,News,19.29805661762973,0,comprehension,easy,immediate,1.0,0.8819447572617898,10.918413776786567,0.0,1.0,0,3,2,low,Stable Learner,Strong Retention
L0039,39,A,Entertainment,14.614185081878352,1,comprehension,hard,short_delay,1.0,0.7665879266619692,14.958524819946248,0.0,1.0,1,2,1,low,Stable Learner,Strong Retention
L0039,39,A,Cooking,19.065581488039694,2,comprehension,easy,immediate,1.0,0.9249022696873496,21.439087737318445,0.0,1.0,3,1,1,low,Stable Learner,Strong Retention
L0039,39,A,Entertainment,14.846730770992728,3,comprehension,medium,short_delay,1.0,0.8687692185117782,10.587025232689566,0.0,1.0,3,0,0,low,Stable Learner,Strong Retention
L0039,39,A,Entertainment,9.059160427927909,4,factual_recall,hard,immediate,1.0,0.9966127471375591,10.31538806937138,0.0,1.0,3,0,2,low,Stable Learner,Strong Retention
L0039,39,A,Sports,9.968765904669922,5,inference,medium,immediate,1.0,0.6452167167260089,12.474656678895984,0.0,1.0,0,2,0,low,Stable Learner,Strong Retention
L0039,39,A,Sports,6.933161070057127,6,factual_recall,medium,long_delay,1.0,0.7734639891685746,15.948989411933638,1.0,1.0,3,3,0,low,Stable Learner,Strong Retention
L0039,39,A,Cooking,18.516579697260152,7,factual_recall,easy,long_delay,1.0,0.7537478616057175,9.7331478987594,0.0,1.0,0,1,2,low,Stable Learner,Strong Retention
L0039,39,A,Cooking,17.64587361448627,8,inference,medium,immediate,1.0,0.6026317323591399,9.476153611471478,0.0,1.0,0,3,0,low,Stable Learner,Strong Retention
L0039,39,A,Sports,9.550064490232979,9,factual_recall,easy,short_delay,1.0,0.9060327204779695,16.228757080965465,0.0,1.0,4,0,0,low,Stable Learner,Strong Retention
L0040,40,A,Entertainment,5.065454322720731,0,reasoning,easy,short_delay,1.0,0.8770698782094764,9.910350274275906,0.0,0.8214451128714692,3,3,2,low,Strong Retention,Strong Retention
L0040,40,A,Sports,12.372697595792598,1,inference,easy,immediate,1.0,0.9267623560803905,10.116713368897855,0.0,0.8214451128714692,0,3,0,low,Strong Retention,Strong Retention
L0040,40,A,World,17.961117061132235,2,factual_recall,easy,immediate,1.0,0.7142823596222571,14.957304102699613,0.0,0.8214451128714692,2,1,0,low,Strong Retention,Strong Retention
L0040,40,A,News,5.4028366538964185,3,comprehension,medium,short_delay,1.0,0.799106613210803,7.353066564262614,0.0,0.8214451128714692,3,0,1,low,Strong Retention,Strong Retention
L0040,40,A,Entertainment,13.32515368909858,4,reasoning,medium,immediate,1.0,0.6274645737992297,8.37853914927267,0.0,0.8214451128714692,2,0,1,low,Strong Retention,Strong Retention
L0040,40,A,World,16.42261621729845,5,reasoning,hard,long_delay,1.0,0.6741193540315664,12.616319968595475,0.0,0.8214451128714692,4,2,1,low,Strong Retention,Strong Retention
L0040,40,A,Cooking,11.250561546236948,6,inference,easy,immediate,1.0,0.9048029577617253,15.877639162992821,0.0,0.8214451128714692,1,0,0,low,Strong Retention,Strong Retention
L0040,40,A,News,6.430301797742904,7,factual_recall,medium,immediate,1.0,0.7533583493992566,16.9526412059594,0.0,0.8214451128714692,3,3,2,low,Strong Retention,Strong Retention
L0040,40,A,World,7.196542618354693,8,factual_recall,hard,long_delay,1.0,0.6891197025061961,9.339753118553508,1.0,0.8214451128714692,1,1,1,low,Strong Retention,Strong Retention
L0040,40,A,News,9.208829307991241,9,comprehension,easy,long_delay,1.0,0.822946036445843,15.749507867678592,0.0,0.8214451128714692,1,2,2,low,Strong Retention,Strong Retention
L0041,41,A,Sports,6.521525762816315,0,inference,hard,immediate,1.0,0.82704853861102,11.793728642095145,0.0,0.911957464231673,1,2,0,low,Stable Learner,Strong Retention
L0041,41,A,News,6.189753487721724,1,comprehension,hard,immediate,1.0,0.7091002305486283,14.18666813046594,0.0,0.911957464231673,0,0,1,low,Stable Learner,Strong Retention
L0041,41,A,World,8.421191119346247,2,reasoning,medium,immediate,1.0,0.8418499074550385,14.219186086901253,0.0,0.911957464231673,4,3,1,low,Stable Learner,Strong Retention
L0041,41,A,World,7.102696133049976,3,inference,hard,immediate,1.0,0.7865972779190635,14.706458207106103,0.0,0.911957464231673,2,0,1,low,Stable Learner,Strong Retention
L0041,41,A,Entertainment,15.561783355318715,4,factual_recall,medium,long_delay,1.0,0.7391760270662714,9.420558773450681,0.0,0.911957464231673,0,1,1,low,Stable Learner,Strong Retention
L0041,41,A,Cooking,9.857405036951238,5,inference,easy,short_delay,1.0,0.7223525591851636,13.361761774006181,0.0,0.911957464231673,3,1,0,low,Stable Learner,Strong Retention
L0041,41,A,News,6.413447966691504,6,reasoning,easy,immediate,1.0,1.0,8.495762143557686,0.0,0.911957464231673,4,2,0,low,Stable Learner,Strong Retention
L0041,41,A,Entertainment,11.31582369493568,7,comprehension,easy,immediate,1.0,0.7736522749820965,9.521428067943953,0.0,0.911957464231673,2,1,1,low,Stable Learner,Strong Retention
L0041,41,A,Entertainment,13.685399122985777,8,factual_recall,medium,short_delay,1.0,0.6543014579218732,8.329164101998963,0.0,0.911957464231673,1,1,0,low,Stable Learner,Strong Retention
L0041,41,A,World,16.34441332555176,9,inference,medium,long_delay,1.0,0.7301778540267427,7.246444581606922,1.0,0.911957464231673,2,0,0,low,Stable Learner,Strong Retention
L0042,42,A,News,12.870012641653576,0,reasoning,medium,long_delay,1.0,0.8615585287861288,15.636638408855505,0.0,0.8968626658015663,4,1,2,low,Stable Learner,Strong Retention
L0042,42,A,Cooking,10.10208430532719,1,factual_recall,hard,short_delay,1.0,0.6547242453237854,7.3936258663681755,0.0,0.8968626658015663,0,0,0,low,Stable Learner,Strong Retention
L0042,42,A,Entertainment,15.07831378648238,2,factual_recall,hard,long_delay,1.0,0.7551122379719616,16.454638826965194,0.0,0.8968626658015663,0,2,2,low,Stable Learner,Strong Retention
L0042,42,A,Entertainment,10.890650878413856,3,inference,easy,short_delay,1.0,0.9509870683120316,8.58922754146072,0.0,0.8968626658015663,0,3,0,low,Stable Learner,Strong Retention
L0042,42,A,News,12.432370119030235,4,reasoning,easy,short_delay,1.0,0.6924711619778626,13.038167062286153,0.0,0.8968626658015663,2,2,2,low,Stable Learner,Strong Retention
L0042,42,A,Cooking,15.169142027959104,5,comprehension,hard,long_delay,1.0,0.8869761187164957,13.032984747988907,0.0,0.8968626658015663,1,0,1,low,Stable Learner,Strong Retention
L0042,42,A,Sports,13.946487018362626,6,factual_recall,easy,immediate,1.0,0.7515269238451007,13.940490235478324,0.0,0.8968626658015663,3,1,1,low,Stable Learner,Strong Retention
L0042,42,A,Entertainment,14.711162343141043,7,reasoning,easy,short_delay,1.0,0.8545793759849953,13.347826704240763,1.0,0.8968626658015663,2,0,2,low,Stable Learner,Strong Retention
L0042,42,A,Cooking,17.827459197263206,8,comprehension,easy,immediate,1.0,0.9097327507202868,8.624760085901107,0.0,0.8968626658015663,1,2,2,low,Stable Learner,Strong Retention
L0042,42,A,Cooking,5.151940060121882,9,factual_recall,hard,short_delay,1.0,0.8741281766985022,6.600530350817135,0.0,0.8968626658015663,2,1,2,low,Stable Learner,Strong Retention
L0043,43,A,Cooking,9.492687354119688,0,comprehension,medium,immediate,1.0,0.8484643511311702,11.353115987835011,0.0,0.9257979238383922,2,2,0,low,Strong Retention,Strong Retention
L0043,43,A,Entertainment,5.859544318107892,1,comprehension,hard,immediate,1.0,0.8704015074321655,9.32001961248711,0.0,0.9257979238383922,4,1,1,low,Strong Retention,Strong Retention
L0043,43,A,Sports,11.039195475551743,2,factual_recall,medium,immediate,1.0,0.6991034022411747,16.541098926612754,0.0,0.9257979238383922,1,2,2,low,Strong Retention,Strong Retention
L0043,43,A,News,18.177082330939818,3,factual_recall,hard,short_delay,1.0,0.7556098363581244,15.095564723639463,0.0,0.9257979238383922,4,2,1,low,Strong Retention,Strong Retention
L0043,43,A,News,19.769110649013946,4,factual_recall,medium,immediate,1.0,0.7493830733307666,5.574972726818471,0.0,0.9257979238383922,3,0,0,low,Strong Retention,Strong Retention
L0043,43,A,Cooking,9.93178396715155,5,reasoning,easy,short_delay,1.0,0.8647613977219563,10.747384244366877,0.0,0.9257979238383922,0,2,1,low,Strong Retention,Strong Retention
L0043,43,A,Sports,7.817878222890215,6,reasoning,easy,immediate,1.0,0.7825825437778802,12.662061848067049,0.0,0.9257979238383922,4,1,0,low,Strong Retention,Strong Retention
L0043,43,A,World,10.050062113960585,7,comprehension,hard,long_delay,1.0,0.8138223425474304,15.115318868484126,0.0,0.9257979238383922,3,1,0,low,Strong Retention,Strong Retention
L0043,43,A,World,15.378194895004237,8,inference,hard,short_delay,1.0,0.9087454620148465,15.640405979759084,0.0,0.9257979238383922,3,0,0,low,Strong Retention,Strong Retention
L0043,43,A,News,19.86298766159095,9,factual_recall,hard,immediate,1.0,0.886315073870414,13.135624004701894,0.0,0.9257979238383922,4,0,2,low,Strong Retention,Strong Retention
L0044,44,A,World,17.83943763220523,0,comprehension,medium,short_delay,1.0,0.7331090659996581,7.811633116934182,0.0,0.9939189565996565,1,0,1,low,Strong Retention,Strong Retention
L0044,44,A,World,15.755854496608169,1,factual_recall,hard,short_delay,1.0,0.79265213384096,14.335146181171792,0.0,0.9939189565996565,1,1,2,low,Strong Retention,Strong Retention
L0044,44,A,World,13.55763729418387,2,reasoning,medium,immediate,1.0,0.8426123946819427,14.404367349657175,0.0,0.9939189565996565,3,2,2,low,Strong Retention,Strong Retention
L0044,44,A,Entertainment,13.506640482331886,3,factual_recall,medium,short_delay,1.0,0.7976577040799185,8.384482841676501,0.0,0.9939189565996565,4,2,2,low,Strong Retention,Strong Retention
L0044,44,A,Cooking,19.386100071199788,4,reasoning,medium,long_delay,1.0,0.7499381854011348,10.959085477747516,0.0,0.9939189565996565,0,3,0,low,Strong Retention,Strong Retention
L0044,44,A,World,18.783645842151348,5,inference,hard,long_delay,1.0,0.6450742823655757,4.567029351549858,0.0,0.9939189565996565,3,3,0,low,Strong Retention,Strong Retention
L0044,44,A,News,16.48064783591491,6,factual_recall,medium,short_delay,1.0,0.7489165440946984,10.022640199269224,0.0,0.9939189565996565,3,3,2,low,Strong Retention,Strong Retention
L0044,44,A,News,10.714105220729511,7,inference,medium,long_delay,1.0,0.69262975872822,13.595927602809383,0.0,0.9939189565996565,2,2,0,low,Strong Retention,Strong Retention
L0044,44,A,World,17.56425939283231,8,comprehension,hard,short_delay,1.0,0.6273393318876223,15.29975155845641,0.0,0.9939189565996565,2,0,2,low,Strong Retention,Strong Retention
L0044,44,A,News,12.102131029914899,9,comprehension,easy,short_delay,1.0,0.7204321158329414,9.147811673234745,0.0,0.9939189565996565,3,1,2,low,Strong Retention,Strong Retention
L0045,45,A,Sports,16.42922267846263,0,reasoning,hard,immediate,1.0,0.705684007563061,4.416059203415743,0.0,0.91181621410141,1,1,2,low,Stable Learner,Strong Retention
L0045,45,A,Cooking,9.834795772151327,1,factual_recall,medium,immediate,1.0,0.7772234454418657,17.684303752279135,0.0,0.91181621410141,4,1,0,low,Stable Learner,Strong Retention
L0045,45,A,Entertainment,6.105681036674778,2,factual_recall,easy,long_delay,1.0,0.8772211477352505,15.745601668058589,0.0,0.91181621410141,3,3,1,low,Stable Learner,Strong Retention
L0045,45,A,Cooking,15.837167347512057,3,reasoning,hard,long_delay,1.0,0.8101820613103299,5.818800217884969,0.0,0.91181621410141,4,3,1,low,Stable Learner,Strong Retention
L0045,45,A,News,16.69036317178708,4,reasoning,medium,immediate,1.0,0.6587358977398778,10.78719353315801,0.0,0.91181621410141,2,3,0,low,Stable Learner,Strong Retention
L0045,45,A,Sports,17.08985873578307,5,reasoning,easy,immediate,1.0,0.6684970894462247,16.38208964598324,0.0,0.91181621410141,0,1,2,low,Stable Learner,Strong Retention
L0045,45,A,Cooking,18.24271255199306,6,inference,easy,long_delay,1.0,0.6618836068509226,14.20173404373914,0.0,0.91181621410141,1,1,2,low,Stable Learner,Strong Retention
L0045,45,A,Sports,6.9503749252685445,7,comprehension,medium,long_delay,1.0,0.8491452589939591,6.7636197904480575,0.0,0.91181621410141,1,1,2,low,Stable Learner,Strong Retention
L0045,45,A,Entertainment,7.147951066146824,8,comprehension,easy,immediate,1.0,1.0,14.442968623184777,0.0,0.91181621410141,3,0,0,low,Stable Learner,Strong Retention
L0045,45,A,Sports,14.840714075917676,9,reasoning,easy,short_delay,1.0,0.9362458244000214,3.449997615677649,0.0,0.91181621410141,3,0,2,low,Stable Learner,Strong Retention
L0046,46,A,Sports,8.706013809210784,0,reasoning,medium,long_delay,1.0,0.8351930770818657,13.618180772344626,0.0,0.9653499776702008,3,1,2,low,Stable Learner,Strong Retention
L0046,46,A,Sports,9.63874589504234,1,factual_recall,easy,long_delay,1.0,0.8471250457845894,10.934411699229965,0.0,0.9653499776702008,1,3,0,low,Stable Learner,Strong Retention
L0046,46,A,Cooking,11.255793250942219,2,comprehension,hard,long_delay,1.0,0.6664279490695431,9.403760987834882,0.0,0.9653499776702008,2,0,0,low,Stable Learner,Strong Retention
L0046,46,A,Sports,18.625185133123946,3,reasoning,hard,immediate,1.0,0.8937522921749758,18.42193353117586,0.0,0.9653499776702008,3,1,0,low,Stable Learner,Strong Retention
L0046,46,A,Sports,8.168314916569475,4,reasoning,medium,immediate,1.0,0.7665067962726393,16.195811465445768,1.0,0.9653499776702008,4,1,0,low,Stable Learner,Strong Retention
L0046,46,A,Cooking,10.398990131972079,5,inference,medium,long_delay,1.0,0.8863092453610909,8.956541019807293,0.0,0.9653499776702008,1,0,1,low,Stable Learner,Strong Retention
L0046,46,A,World,18.17472096340787,6,inference,medium,immediate,1.0,0.7185830018013888,14.273777222378452,0.0,0.9653499776702008,4,2,0,low,Stable Learner,Strong Retention
L0046,46,A,Sports,5.800019625611413,7,comprehension,hard,immediate,1.0,0.8177049347509913,9.029284581195387,0.0,0.9653499776702008,0,3,1,low,Stable Learner,Strong Retention
L0046,46,A,Entertainment,7.7670737626865884,8,reasoning,hard,immediate,1.0,0.8352002953937632,7.261261425350703,0.0,0.9653499776702008,2,1,1,low,Stable Learner,Strong Retention
L0046,46,A,World,14.227033849826322,9,reasoning,medium,long_delay,1.0,0.7845966683424134,16.135237765595903,0.0,0.9653499776702008,0,0,1,low,Stable Learner,Strong Retention
L0047,47,A,Entertainment,15.644292648288683,0,comprehension,easy,long_delay,1.0,0.8645112687661122,13.313095848324123,0.0,0.8980544982606892,2,3,0,low,Strong Retention,Strong Retention
L0047,47,A,World,13.602887925626725,1,factual_recall,medium,long_delay,1.0,0.7234504698957751,9.489691035155882,0.0,0.8980544982606892,0,2,2,low,Strong Retention,Strong Retention
L0047,47,A,Sports,15.871043276769381,2,reasoning,hard,long_delay,1.0,0.7420559914418301,8.466299375649456,0.0,0.8980544982606892,3,1,1,low,Strong Retention,Strong Retention
L0047,47,A,Sports,7.834405763295301,3,comprehension,hard,long_delay,1.0,0.7536555386374604,16.20829954409497,0.0,0.8980544982606892,2,0,0,low,Strong Retention,Strong Retention
L0047,47,A,News,8.752565792075444,4,factual_recall,hard,long_delay,1.0,0.6147272138309723,11.74451765950203,0.0,0.8980544982606892,3,1,1,low,Strong Retention,Strong Retention
L0047,47,A,Sports,6.272876653324015,5,factual_recall,medium,long_delay,1.0,0.8861758494203368,20.0884358034139,0.0,0.8980544982606892,2,0,2,low,Strong Retention,Strong Retention
L0047,47,A,Entertainment,10.157239533865566,6,reasoning,medium,immediate,1.0,0.9191593614182567,12.18523985917656,0.0,0.8980544982606892,1,1,0,low,Strong Retention,Strong Retention
L0047,47,A,World,7.476179031317185,7,comprehension,hard,short_delay,1.0,0.7298655850236159,8.295687838598031,0.0,0.8980544982606892,1,1,0,low,Strong Retention,Strong Retention
L0047,47,A,Sports,5.87621569331928,8,comprehension,medium,long_delay,1.0,0.834820301594482,16.907763505743755,0.0,0.8980544982606892,4,2,0,low,Strong Retention,Strong Retention
L0047,47,A,Sports,14.930744069473437,9,reasoning,medium,short_delay,1.0,0.7734459525370764,14.523200656584079,0.0,0.8980544982606892,4,1,2,low,Strong Retention,Strong Retention
L0048,48,A,News,14.991493303513584,0,comprehension,hard,short_delay,1.0,1.0,7.751814964613781,0.0,0.921374052106042,3,3,0,low,Stable Learner,Strong Retention
L0048,48,A,Entertainment,13.516341752617867,1,inference,easy,long_delay,1.0,0.9350170051262012,7.092925061793455,0.0,0.921374052106042,2,0,0,low,Stable Learner,Strong Retention
L0048,48,A,Entertainment,10.853879434207931,2,reasoning,hard,short_delay,1.0,0.8718347886894163,11.798103708874313,0.0,0.921374052106042,0,1,0,low,Stable Learner,Strong Retention
L0048,48,A,Entertainment,17.614167009481694,3,factual_recall,hard,short_delay,1.0,0.7914392702258852,8.433882181311855,0.0,0.921374052106042,3,0,1,low,Stable Learner,Strong Retention
L0048,48,A,Cooking,15.844009980378818,4,comprehension,medium,short_delay,1.0,0.6061247372996476,9.035925680884421,0.0,0.921374052106042,1,1,0,low,Stable Learner,Strong Retention
L0048,48,A,Sports,19.03410179704612,5,factual_recall,medium,short_delay,1.0,0.6677713604099816,8.875235895411976,1.0,0.921374052106042,2,1,1,low,Stable Learner,Strong Retention
L0048,48,A,Entertainment,12.052734098045242,6,reasoning,easy,immediate,1.0,0.9282792856102714,14.089440855337875,0.0,0.921374052106042,0,1,2,low,Stable Learner,Strong Retention
L0048,48,A,Entertainment,5.599128876297038,7,inference,hard,short_delay,1.0,0.7210243919875221,11.071497238018571,0.0,0.921374052106042,1,1,2,low,Stable Learner,Strong Retention
L0048,48,A,World,14.78942073711958,8,factual_recall,easy,short_delay,1.0,0.7300747901835953,11.285712128424585,0.0,0.921374052106042,0,3,2,low,Stable Learner,Strong Retention
L0048,48,A,Cooking,15.98478673273027,9,factual_recall,hard,short_delay,1.0,0.7834349524315979,14.387783589235532,1.0,0.921374052106042,1,0,0,low,Stable Learner,Strong Retention
L0049,49,A,World,19.616630584761552,0,reasoning,easy,immediate,1.0,0.7934954327281192,16.361887964554263,0.0,0.9295160286493196,2,3,0,low,Strong Retention,Strong Retention
L0049,49,A,World,18.933950256895386,1,reasoning,easy,short_delay,1.0,0.9169746180985517,8.254714899818826,0.0,0.9295160286493196,0,3,1,low,Strong Retention,Strong Retention
L0049,49,A,Cooking,12.847519411165692,2,factual_recall,hard,long_delay,1.0,0.8924699196769792,8.374275762891347,0.0,0.9295160286493196,4,2,2,low,Strong Retention,Strong Retention
L0049,49,A,Sports,11.00099834626814,3,inference,easy,short_delay,1.0,0.8446141004247675,13.839601065231081,1.0,0.9295160286493196,0,1,0,low,Strong Retention,Strong Retention
L0049,49,A,Entertainment,15.573102019581782,4,inference,easy,short_delay,1.0,0.8927545777313544,11.715332044587653,0.0,0.9295160286493196,0,1,1,low,Strong Retention,Strong Retention
L0049,49,A,Entertainment,17.193580215436413,5,reasoning,hard,short_delay,1.0,0.8750423554403577,4.4569535577154875,1.0,0.9295160286493196,2,2,2,low,Strong Retention,Strong Retention
L0049,49,A,News,12.117951337818363,6,factual_recall,hard,long_delay,1.0,0.756053648665311,13.500432655016763,0.0,0.9295160286493196,1,1,1,low,Strong Retention,Strong Retention
L0049,49,A,Sports,9.573670179273742,7,reasoning,medium,long_delay,1.0,0.6656101088308667,4.5903083400441815,0.0,0.9295160286493196,2,1,1,low,Strong Retention,Strong Retention
L0049,49,A,Entertainment,8.26755937825399,8,reasoning,hard,long_delay,1.0,0.8420362125842624,8.218973792506496,0.0,0.9295160286493196,0,1,0,low,Strong Retention,Strong Retention
L0049,49,A,World,8.110299995396836,9,reasoning,medium,immediate,1.0,0.854608923083143,17.40672549144043,0.0,0.9295160286493196,2,2,2,low,Strong Retention,Strong Retention
L0050,50,A,Cooking,15.421974668731414,0,comprehension,hard,immediate,1.0,0.6617261829701374,14.364426057722227,0.0,0.8915206813751355,4,1,1,low,Stable Learner,Strong Retention
L0050,50,A,News,12.469513381679985,1,factual_recall,easy,immediate,1.0,0.7912072590580103,9.031946300441039,0.0,0.8915206813751355,2,0,0,low,Stable Learner,Strong Retention
L0050,50,A,Entertainment,7.1747379979571395,2,inference,hard,short_delay,1.0,0.8296033077042618,6.58476992181257,0.0,0.8915206813751355,3,0,1,low,Stable Learner,Strong Retention
L0050,50,A,News,8.034629282631473,3,inference,easy,short_delay,1.0,0.9850463233843755,10.606522547063712,0.0,0.8915206813751355,0,2,1,low,Stable Learner,Strong Retention
L0050,50,A,World,6.310097226076752,4,factual_recall,medium,short_delay,1.0,0.8085999065005216,12.366105756955445,0.0,0.8915206813751355,0,2,0,low,Stable Learner,Strong Retention
L0050,50,A,Sports,10.581176172740381,5,comprehension,easy,short_delay,1.0,0.5665822957789696,4.511377990266417,0.0,0.8915206813751355,1,0,1,low,Stable Learner,Strong Retention
L0050,50,A,News,19.943975944087,6,inference,hard,long_delay,1.0,0.7906014567215379,7.403362837845457,0.0,0.8915206813751355,2,1,2,low,Stable Learner,Strong Retention
L0050,50,A,News,9.853601558740003,7,comprehension,easy,immediate,1.0,1.0,12.041342252729418,0.0,0.8915206813751355,0,2,0,low,Stable Learner,Strong Retention
L0050,50,A,World,10.094936957064455,8,reasoning,easy,immediate,1.0,0.886636623498504,10.367307296044183,0.0,0.8915206813751355,3,2,0,low,Stable Learner,Strong Retention
L0050,50,A,Sports,17.778017836198163,9,reasoning,easy,immediate,1.0,0.7189111056191412,13.579245084584363,0.0,0.8915206813751355,2,2,0,low,Stable Learner,Strong Retention
L0051,51,A,News,11.635843908514184,0,inference,medium,long_delay,1.0,0.7348703873639856,6.312951723811538,0.0,0.8841817288419278,3,0,2,low,Needs Review,Strong Retention
L0051,51,A,World,12.208398361983773,1,factual_recall,easy,short_delay,1.0,0.8221375253976229,6.263111170169587,0.0,0.8841817288419278,1,1,0,low,Needs Review,Strong Retention
L0051,51,A,Sports,15.762792990134251,2,reasoning,medium,long_delay,1.0,0.8395173142815486,8.977837125037887,0.0,0.8841817288419278,0,2,0,low,Needs Review,Strong Retention
L0051,51,A,Cooking,11.72896712025702,3,factual_recall,hard,immediate,1.0,0.8323083257937901,7.774938366837328,0.0,0.8841817288419278,4,0,0,low,Needs Review,Strong Retention
L0051,51,A,Sports,10.92673044809573,4,inference,medium,long_delay,1.0,0.7683875128031513,15.021007103904402,0.0,0.8841817288419278,2,3,2,low,Needs Review,Strong Retention
L0051,51,A,Entertainment,7.423260896767906,5,reasoning,medium,immediate,1.0,0.6898378170425739,13.405238703951671,0.0,0.8841817288419278,0,0,2,low,Needs Review,Strong Retention
L0051,51,A,Entertainment,15.428222345900279,6,reasoning,hard,long_delay,1.0,0.8665833097806717,16.396735975141244,0.0,0.8841817288419278,4,0,2,low,Needs Review,Strong Retention
L0051,51,A,Sports,14.706781821103494,7,factual_recall,medium,long_delay,1.0,0.8012513759421531,13.585947269643674,0.0,0.8841817288419278,0,0,0,low,Needs Review,Strong Retention
L0051,51,A,World,14.738135398728806,8,reasoning,medium,short_delay,1.0,0.888835752483465,12.834598327493476,0.0,0.8841817288419278,0,0,2,low,Needs Review,Strong Retention
L0051,51,A,Cooking,10.542065692718792,9,reasoning,easy,immediate,1.0,0.8790075549472232,16.79891912137668,0.0,0.8841817288419278,3,0,0,low,Needs Review,Strong Retention
L0052,52,A,Sports,9.769767569247687,0,inference,medium,short_delay,1.0,0.7309670420822224,20.955326665657694,0.0,0.884753891453042,3,3,1,low,Stable Learner,Strong Retention
L0052,52,A,Entertainment,18.305585304958292,1,reasoning,medium,short_delay,1.0,0.8601895648606442,17.71914980988167,0.0,0.884753891453042,4,2,0,low,Stable Learner,Strong Retention
L0052,52,A,News,12.189100734443741,2,factual_recall,medium,long_delay,1.0,0.7321211826157822,10.769888941131939,0.0,0.884753891453042,2,3,1,low,Stable Learner,Strong Retention
L0052,52,A,Entertainment,14.402243541954542,3,comprehension,medium,immediate,1.0,0.9011660413706647,10.727890264771723,0.0,0.884753891453042,2,0,1,low,Stable Learner,Strong Retention
L0052,52,A,Sports,12.545687072415165,4,comprehension,easy,long_delay,1.0,0.7754279226337801,13.878786877941412,0.0,0.884753891453042,3,2,0,low,Stable Learner,Strong Retention
L0052,52,A,Entertainment,10.857274846527815,5,comprehension,medium,long_delay,1.0,0.735039629040517,8.64792327829726,0.0,0.884753891453042,0,0,1,low,Stable Learner,Strong Retention
L0052,52,A,Cooking,8.828133493986225,6,reasoning,easy,immediate,1.0,0.6746694737654837,16.665153226129945,0.0,0.884753891453042,0,2,2,low,Stable Learner,Strong Retention
L0052,52,A,Cooking,11.235172896683514,7,inference,easy,short_delay,1.0,0.825320451029535,13.446402087374334,0.0,0.884753891453042,2,1,1,low,Stable Learner,Strong Retention
L0052,52,A,Cooking,13.71307022654573,8,reasoning,easy,immediate,1.0,0.889521840222618,13.025835643434132,0.0,0.884753891453042,2,3,0,low,Stable Learner,Strong Retention
L0052,52,A,News,11.763871209739918,9,comprehension,easy,short_delay,1.0,0.8273321256536875,14.747814671083265,0.0,0.884753891453042,2,2,0,low,Stable Learner,Strong Retention
L0053,53,A,World,6.762195288658165,0,factual_recall,easy,long_delay,1.0,0.578471988439653,9.960091294662975,0.0,0.8953000612885608,3,0,2,low,Stable Learner,Strong Retention
L0053,53,A,News,8.07575897784775,1,comprehension,hard,long_delay,1.0,0.7780406010741241,16.43070935793504,0.0,0.8953000612885608,0,0,1,low,Stable Learner,Strong Retention
L0053,53,A,News,16.266217407243065,2,factual_recall,easy,immediate,1.0,0.7842682167151535,15.442470089347854,0.0,0.8953000612885608,3,0,1,low,Stable Learner,Strong Retention
L0053,53,A,Cooking,8.03728017866819,3,inference,hard,immediate,1.0,0.7839707057176981,12.311426897069216,0.0,0.8953000612885608,1,0,1,low,Stable Learner,Strong Retention
L0053,53,A,Sports,13.513254298222876,4,comprehension,easy,immediate,1.0,0.9415914274577268,10.51754778584055,0.0,0.8953000612885608,0,2,1,low,Stable Learner,Strong Retention
L0053,53,A,News,19.63841888421985,5,reasoning,hard,short_delay,1.0,0.6784201701491125,16.104758672427455,0.0,0.8953000612885608,0,1,0,low,Stable Learner,Strong Retention
L0053,53,A,Entertainment,7.292198960783111,6,reasoning,hard,immediate,1.0,0.7175377428795388,11.920968560656593,0.0,0.8953000612885608,2,3,2,low,Stable Learner,Strong Retention
L0053,53,A,Entertainment,7.646864795433492,7,inference,medium,short_delay,1.0,0.5387804201680666,8.726919844326169,0.0,0.8953000612885608,1,2,2,low,Stable Learner,Strong Retention
L0053,53,A,Entertainment,15.984776332517226,8,comprehension,medium,long_delay,1.0,0.751908333382586,5.135005290061794,0.0,0.8953000612885608,3,0,1,low,Stable Learner,Strong Retention
L0053,53,A,News,10.764599886559363,9,inference,hard,short_delay,1.0,0.7604356445874,10.234742024417269,0.0,0.8953000612885608,2,2,1,low,Stable Learner,Strong Retention
L0054,54,A,Entertainment,8.174038721805259,0,inference,hard,immediate,1.0,0.8094320156381097,13.444791536215984,0.0,0.8079481916353577,2,1,2,low,Stable Learner,Strong Retention
L0054,54,A,World,9.336549217917653,1,factual_recall,hard,long_delay,1.0,0.9994428494681074,17.35278453175461,0.0,0.8079481916353577,0,3,1,low,Stable Learner,Strong Retention
L0054,54,A,News,6.946357851085053,2,factual_recall,easy,long_delay,1.0,0.7883800715640247,16.209692051196683,0.0,0.8079481916353577,4,0,2,low,Stable Learner,Strong Retention
L0054,54,A,World,8.245839630244621,3,factual_recall,hard,long_delay,1.0,0.6266698955351921,13.824048728436514,0.0,0.8079481916353577,3,0,0,low,Stable Learner,Strong Retention
L0054,54,A,Sports,6.123825443892032,4,comprehension,hard,short_delay,1.0,0.7604082035589402,6.673420959770067,0.0,0.8079481916353577,2,3,1,low,Stable Learner,Strong Retention
L0054,54,A,Cooking,11.672536389227927,5,comprehension,medium,long_delay,1.0,0.9454518040959037,6.688269944026235,0.0,0.8079481916353577,2,1,2,low,Stable Learner,Strong Retention
L0054,54,A,World,15.707910275961012,6,reasoning,easy,long_delay,1.0,0.8376069596320772,14.133008084855053,0.0,0.8079481916353577,1,1,2,low,Stable Learner,Strong Retention
L0054,54,A,News,6.884375683274822,7,reasoning,medium,immediate,1.0,0.7161143890487482,6.618115608268423,0.0,0.8079481916353577,1,3,2,low,Stable Learner,Strong Retention
L0054,54,A,News,12.80532778948202,8,factual_recall,hard,long_delay,1.0,0.7314757192820976,11.097731915725582,0.0,0.8079481916353577,1,1,2,low,Stable Learner,Strong Retention
L0054,54,A,World,5.045916572961394,9,reasoning,medium,short_delay,1.0,0.7440299728850187,13.216601784744707,0.0,0.8079481916353577,4,3,2,low,Stable Learner,Strong Retention
L0055,55,A,World,14.839296651870288,0,comprehension,medium,immediate,1.0,0.8542515443535551,14.81859132888259,0.0,0.9811486724314691,2,3,0,low,Stable Learner,Strong Retention
L0055,55,A,Entertainment,19.28301088113368,1,factual_recall,easy,long_delay,1.0,1.0,8.15601463230272,0.0,0.9811486724314691,2,2,2,low,Stable Learner,Strong Retention
L0055,55,A,Entertainment,13.127732301675003,2,comprehension,hard,short_delay,1.0,0.6807518073217522,17.63103522101679,0.0,0.9811486724314691,4,3,2,low,Stable Learner,Strong Retention
L0055,55,A,Entertainment,6.77196275418611,3,reasoning,medium,long_delay,1.0,0.7310654747782659,16.917299725261657,0.0,0.9811486724314691,2,1,0,low,Stable Learner,Strong Retention
L0055,55,A,Entertainment,9.260087245037345,4,reasoning,hard,immediate,1.0,0.8418797828200548,14.39833807916151,0.0,0.9811486724314691,2,2,0,low,Stable Learner,Strong Retention
L0055,55,A,News,13.85806112878585,5,comprehension,easy,short_delay,1.0,0.8397234052978992,12.817390748835816,0.0,0.9811486724314691,3,2,0,low,Stable Learner,Strong Retention
L0055,55,A,Entertainment,5.393140348232133,6,inference,hard,short_delay,1.0,0.9950138984175019,12.904432040177484,0.0,0.9811486724314691,3,1,0,low,Stable Learner,Strong Retention
L0055,55,A,Sports,12.074041687477221,7,comprehension,hard,short_delay,1.0,0.7331625316700466,11.68505683104249,0.0,0.9811486724314691,4,2,0,low,Stable Learner,Strong Retention
L0055,55,A,Cooking,15.80210671349461,8,comprehension,easy,short_delay,1.0,0.8904918518693885,14.563140537010568,0.0,0.9811486724314691,2,0,0,low,Stable Learner,Strong Retention
L0055,55,A,Entertainment,12.783956528632118,9,comprehension,medium,immediate,1.0,0.9162463004681997,12.12453941177991,0.0,0.9811486724314691,1,2,1,low,Stable Learner,Strong Retention
L0056,56,B,World,18.529320352726913,0,reasoning,hard,long_delay,1.0,0.6538578792826963,16.29805673951607,0.0,0.8160869826963058,0,1,2,medium,Low-Engagement,Stable Learner
L0056,56,B,Cooking,13.510408385210877,1,inference,hard,short_delay,1.0,0.614050230382673,25.45834544697744,1.0,0.8160869826963058,1,1,0,medium,Low-Engagement,Stable Learner
L0056,56,B,Sports,5.613049846575115,2,reasoning,easy,immediate,1.0,0.8477569449875412,16.681241231761852,0.0,0.8160869826963058,0,3,2,medium,Low-Engagement,Stable Learner
L0056,56,B,World,6.6445301865282556,3,inference,medium,long_delay,1.0,0.661180814294892,3.109730186245998,0.0,0.8160869826963058,1,1,1,medium,Low-Engagement,Stable Learner
L0056,56,B,Sports,5.303881400266191,4,factual_recall,easy,long_delay,1.0,0.6356630120472874,16.631494717157803,0.0,0.8160869826963058,2,3,1,medium,Low-Engagement,Stable Learner
L0056,56,B,Entertainment,14.906783577400539,5,reasoning,medium,immediate,1.0,0.789614236635534,15.189399972447994,0.0,0.8160869826963058,1,2,0,medium,Low-Engagement,Stable Learner
L0056,56,B,Entertainment,5.674121052638106,6,factual_recall,hard,long_delay,1.0,0.6077639641132615,15.217250121757289,1.0,0.8160869826963058,3,1,1,medium,Low-Engagement,Stable Learner
L0056,56,B,Cooking,9.907562877138586,7,comprehension,hard,short_delay,1.0,0.6205272656226004,16.229736546980853,1.0,0.8160869826963058,0,3,0,medium,Low-Engagement,Stable Learner
L0056,56,B,Cooking,14.877912242761461,8,comprehension,hard,long_delay,1.0,0.6810246684016898,14.856608561626004,0.0,0.8160869826963058,4,0,0,medium,Low-Engagement,Stable Learner
L0056,56,B,World,9.179248388122586,9,comprehension,medium,immediate,1.0,0.680027010408818,14.736939534723055,1.0,0.8160869826963058,0,3,1,medium,Low-Engagement,Stable Learner
L0057,57,B,Sports,9.821010202137153,0,inference,hard,short_delay,1.0,0.7675655531853302,18.611370735890013,0.0,0.9217207425989398,3,2,2,medium,Needs Review,Stable Learner
L0057,57,B,World,6.830223977942572,1,factual_recall,easy,immediate,0.0,0.4597307358864636,13.097836195089942,0.0,0.9217207425989398,1,2,1,medium,Needs Review,Stable Learner
L0057,57,B,World,16.447806235928656,2,reasoning,hard,immediate,1.0,0.5286238373360025,13.583284131462502,1.0,0.9217207425989398,3,0,1,medium,Needs Review,Stable Learner
L0057,57,B,Cooking,16.60068932207726,3,inference,hard,short_delay,1.0,0.6667654326642514,18.0550097991263,0.0,0.9217207425989398,3,0,1,medium,Needs Review,Stable Learner
L0057,57,B,News,15.220843029557921,4,factual_recall,hard,immediate,1.0,0.6327559787927576,6.855012174698501,0.0,0.9217207425989398,4,2,2,medium,Needs Review,Stable Learner
L0057,57,B,Entertainment,9.756809928127073,5,factual_recall,medium,long_delay,1.0,0.5475617791923112,22.985139299254914,0.0,0.9217207425989398,2,2,1,medium,Needs Review,Stable Learner
L0057,57,B,News,14.993257479580697,6,comprehension,medium,long_delay,1.0,0.874476223765049,15.91194607361938,1.0,0.9217207425989398,3,0,0,medium,Needs Review,Stable Learner
L0057,57,B,Sports,5.730011822612525,7,comprehension,easy,short_delay,1.0,0.711253991398258,21.40472104390212,0.0,0.9217207425989398,4,2,1,medium,Needs Review,Stable Learner
L0057,57,B,News,9.123156149375284,8,reasoning,hard,long_delay,1.0,0.7274816322863092,9.622901216905909,0.0,0.9217207425989398,1,1,0,medium,Needs Review,Stable Learner
L0057,57,B,Entertainment,9.256371437089006,9,comprehension,easy,short_delay,1.0,0.6107985050767787,10.384174379859035,1.0,0.9217207425989398,3,0,0,medium,Needs Review,Stable Learner
L0058,58,B,News,18.69105351771689,0,factual_recall,easy,short_delay,1.0,0.6553114144172718,14.733125777857445,0.0,0.7185085756030827,0,3,2,medium,Stable Learner,Stable Learner
L0058,58,B,Sports,12.451066710770965,1,inference,hard,immediate,1.0,0.5455763602983269,20.43162958436516,1.0,0.7185085756030827,1,1,0,medium,Stable Learner,Stable Learner
L0058,58,B,News,11.51915541105809,2,inference,easy,immediate,1.0,0.720613725470544,11.915102481226112,0.0,0.7185085756030827,4,1,0,medium,Stable Learner,Stable Learner
L0058,58,B,Sports,14.346278862053317,3,reasoning,hard,short_delay,1.0,0.7389850246315273,19.93087023945356,1.0,0.7185085756030827,4,1,1,medium,Stable Learner,Stable Learner
L0058,58,B,Sports,9.827437545448836,4,factual_recall,hard,long_delay,1.0,0.9269196036692818,17.692489268205414,0.0,0.7185085756030827,4,0,2,medium,Stable Learner,Stable Learner
L0058,58,B,News,19.598839851464763,5,comprehension,hard,short_delay,1.0,0.6178164009395596,14.939850400505268,0.0,0.7185085756030827,1,0,2,medium,Stable Learner,Stable Learner
L0058,58,B,Entertainment,9.846923092182063,6,reasoning,medium,immediate,1.0,0.6532205426324817,13.425316796214272,0.0,0.7185085756030827,2,0,1,medium,Stable Learner,Stable Learner
L0058,58,B,Cooking,11.698950351762617,7,factual_recall,medium,immediate,1.0,0.6224241475561785,27.133338793656847,0.0,0.7185085756030827,1,2,2,medium,Stable Learner,Stable Learner
L0058,58,B,Entertainment,18.49400986075005,8,factual_recall,medium,immediate,1.0,0.7012113701131225,10.914956746289603,0.0,0.7185085756030827,3,2,0,medium,Stable Learner,Stable Learner
L0058,58,B,World,9.963811697217,9,reasoning,easy,immediate,1.0,0.7181690534479614,16.489665884842072,0.0,0.7185085756030827,1,1,0,medium,Stable Learner,Stable Learner
L0059,59,B,News,17.163481285009404,0,reasoning,hard,short_delay,1.0,0.6988710963411218,16.50357270908864,0.0,0.761105575821388,1,3,2,medium,Needs Review,Stable Learner
L0059,59,B,Sports,7.362764538330289,1,reasoning,easy,long_delay,1.0,0.6095840062425485,9.46708753106061,0.0,0.761105575821388,0,3,0,medium,Needs Review,Stable Learner
L0059,59,B,News,7.134244678348885,2,factual_recall,easy,immediate,1.0,0.8231477113927418,18.452786591371265,1.0,0.761105575821388,2,0,2,medium,Needs Review,Stable Learner
L0059,59,B,News,18.119531177644095,3,factual_recall,hard,long_delay,1.0,0.7708586801613148,20.289173840644533,0.0,0.761105575821388,0,1,2,medium,Needs Review,Stable Learner
L0059,59,B,Sports,19.953641369150606,4,factual_recall,easy,short_delay,1.0,0.7090133327088756,16.361667005641642,1.0,0.761105575821388,0,1,0,medium,Needs Review,Stable Learner
L0059,59,B,Cooking,17.84862765723786,5,inference,hard,immediate,1.0,0.8594231779328587,5.736010924675271,0.0,0.761105575821388,2,2,0,medium,Needs Review,Stable Learner
L0059,59,B,Cooking,17.817903020632944,6,factual_recall,medium,short_delay,1.0,0.5301104720389859,10.166032394169827,0.0,0.761105575821388,1,2,1,medium,Needs Review,Stable Learner
L0059,59,B,Cooking,12.177401572122273,7,comprehension,medium,long_delay,1.0,0.6792273718894318,17.823550016065806,0.0,0.761105575821388,3,1,2,medium,Needs Review,Stable Learner
L0059,59,B,World,10.134725093714088,8,reasoning,hard,short_delay,1.0,0.7166336968934062,15.10599321756183,1.0,0.761105575821388,1,0,2,medium,Needs Review,Stable Learner
L0059,59,B,Sports,6.296711199032093,9,factual_recall,medium,short_delay,1.0,0.5885444953206078,1.5299869115375597,0.0,0.761105575821388,0,0,1,medium,Needs Review,Stable Learner
L0060,60,B,Sports,6.07380953227874,0,reasoning,easy,immediate,1.0,0.6440338321332694,9.710618677345625,0.0,0.8494962140185347,2,1,1,medium,Stable Learner,Stable Learner
L0060,60,B,Entertainment,18.033278500877042,1,inference,easy,long_delay,1.0,0.7130307312177546,21.485285982455796,0.0,0.8494962140185347,0,0,1,medium,Stable Learner,Stable Learner
L0060,60,B,News,12.23806176868242,2,reasoning,hard,long_delay,1.0,0.7980527262411969,9.299076364256608,0.0,0.8494962140185347,1,2,1,medium,Stable Learner,Stable Learner
L0060,60,B,Cooking,19.841598600496173,3,reasoning,easy,long_delay,1.0,0.8690458993274452,12.839441197734937,0.0,0.8494962140185347,4,1,1,medium,Stable Learner,Stable Learner
L0060,60,B,World,18.82946501304814,4,factual_recall,hard,short_delay,1.0,0.7542604959235293,15.48796630425907,1.0,0.8494962140185347,0,1,2,medium,Stable Learner,Stable Learner
L0060,60,B,Sports,14.882251502261314,5,comprehension,medium,long_delay,1.0,0.6844138896665594,24.954934399443193,1.0,0.8494962140185347,1,2,2,medium,Stable Learner,Stable Learner
L0060,60,B,News,10.960008263098112,6,factual_recall,medium,immediate,1.0,0.6745924823962093,12.886585075738363,0.0,0.8494962140185347,0,1,2,medium,Stable Learner,Stable Learner
L0060,60,B,News,6.124977339485598,7,reasoning,medium,short_delay,1.0,0.7357396557193624,11.669920930198018,0.0,0.8494962140185347,0,3,0,medium,Stable Learner,Stable Learner
L0060,60,B,Entertainment,9.629230139141285,8,factual_recall,medium,long_delay,1.0,0.668432715752055,12.245915413331032,0.0,0.8494962140185347,4,3,0,medium,Stable Learner,Stable Learner
L0060,60,B,Cooking,19.504207079523958,9,inference,hard,immediate,1.0,0.6989640499022389,23.294485838056563,0.0,0.8494962140185347,1,2,2,medium,Stable Learner,Stable Learner
L0061,61,B,Cooking,14.973555185622157,0,reasoning,medium,long_delay,1.0,0.6951516971747979,11.893027532264409,0.0,0.8246574860438031,4,1,0,medium,Stable Learner,Stable Learner
L0061,61,B,Cooking,7.683871784846747,1,inference,medium,long_delay,1.0,0.7075472610967785,11.754384391808712,0.0,0.8246574860438031,3,3,2,medium,Stable Learner,Stable Learner
L0061,61,B,News,9.490555150314481,2,factual_recall,easy,long_delay,1.0,0.8120910002669873,11.455204894770791,0.0,0.8246574860438031,3,2,0,medium,Stable Learner,Stable Learner
L0061,61,B,Sports,17.3982179223432,3,inference,easy,short_delay,1.0,0.71820575744625,8.5842609869817,0.0,0.8246574860438031,0,3,0,medium,Stable Learner,Stable Learner
L0061,61,B,World,18.18393549421582,4,comprehension,medium,short_delay,1.0,0.7598912927591022,7.497897988897457,1.0,0.8246574860438031,3,1,2,medium,Stable Learner,Stable Learner
L0061,61,B,Cooking,10.922613390509484,5,comprehension,easy,short_delay,1.0,0.5860437258147242,14.024978111727904,0.0,0.8246574860438031,0,0,1,medium,Stable Learner,Stable Learner
L0061,61,B,Cooking,16.631366790090116,6,comprehension,easy,immediate,1.0,0.5704606310783964,12.035370648398002,0.0,0.8246574860438031,1,2,0,medium,Stable Learner,Stable Learner
L0061,61,B,World,6.879890146616761,7,inference,easy,immediate,1.0,0.8414113923024488,20.535796427216475,0.0,0.8246574860438031,4,2,1,medium,Stable Learner,Stable Learner
L0061,61,B,Entertainment,5.348906601826516,8,factual_recall,medium,immediate,1.0,0.6900901535147068,16.465383266334584,0.0,0.8246574860438031,4,2,0,medium,Stable Learner,Stable Learner
L0061,61,B,World,9.071591263465644,9,inference,hard,long_delay,1.0,0.6176770816553866,16.326588400389916,0.0,0.8246574860438031,3,3,0,medium,Stable Learner,Stable Learner
L0062,62,B,Entertainment,12.482433866402316,0,inference,medium,immediate,1.0,0.7050323293190464,29.287365377323532,0.0,0.849311792028608,4,0,2,medium,Needs Review,Stable Learner
L0062,62,B,World,15.652504107480445,1,inference,medium,short_delay,1.0,0.7305267515932771,16.50562371426012,0.0,0.849311792028608,4,2,0,medium,Needs Review,Stable Learner
L0062,62,B,Sports,8.250684686198479,2,factual_recall,hard,immediate,1.0,0.5370501761636532,23.03180575315359,0.0,0.849311792028608,1,1,0,medium,Needs Review,Stable Learner
L0062,62,B,Sports,19.11760413987778,3,inference,easy,immediate,1.0,0.8584948122880138,21.028365725959777,0.0,0.849311792028608,4,1,2,medium,Needs Review,Stable Learner
L0062,62,B,News,18.806007094400893,4,factual_recall,easy,short_delay,1.0,0.6191149091854643,16.840050182472595,0.0,0.849311792028608,4,1,1,medium,Needs Review,Stable Learner
L0062,62,B,News,9.136431132426036,5,factual_recall,hard,short_delay,1.0,0.6968205807111256,10.054021141846606,0.0,0.849311792028608,2,0,1,medium,Needs Review,Stable Learner
L0062,62,B,World,12.274403753654225,6,comprehension,easy,long_delay,1.0,0.7654384660678373,20.298768054091177,0.0,0.849311792028608,1,1,1,medium,Needs Review,Stable Learner
L0062,62,B,Entertainment,14.446816620873776,7,factual_recall,hard,immediate,1.0,0.5813020244203928,7.509448291759765,0.0,0.849311792028608,1,1,1,medium,Needs Review,Stable Learner
L0062,62,B,Entertainment,10.456954732469551,8,comprehension,hard,long_delay,1.0,0.6253675641487334,23.00437561838546,0.0,0.849311792028608,4,2,1,medium,Needs Review,Stable Learner
L0062,62,B,News,17.875140081387936,9,reasoning,easy,immediate,1.0,0.6979171774600875,16.000026541091277,0.0,0.849311792028608,2,2,2,medium,Needs Review,Stable Learner
L0063,63,B,Cooking,17.17822251061892,0,comprehension,easy,long_delay,1.0,0.6347381060346057,4.926427595332925,0.0,0.7279663637861444,0,3,2,medium,Needs Review,Stable Learner
L0063,63,B,Sports,9.661104016646854,1,inference,easy,immediate,1.0,0.6554449834799314,9.910056381161594,1.0,0.7279663637861444,1,0,0,medium,Needs Review,Stable Learner
L0063,63,B,Entertainment,7.84469572322187,2,factual_recall,easy,long_delay,1.0,0.8083845126829301,21.002101999551,0.0,0.7279663637861444,1,0,1,medium,Needs Review,Stable Learner
L0063,63,B,News,17.824176929457998,3,reasoning,hard,short_delay,0.0,0.4910147340969882,17.017940351405514,0.0,0.7279663637861444,1,2,1,medium,Needs Review,Stable Learner
L0063,63,B,Sports,7.52584472968064,4,comprehension,hard,short_delay,1.0,0.5484336444725568,15.937338360862638,1.0,0.7279663637861444,4,1,1,medium,Needs Review,Stable Learner
L0063,63,B,Entertainment,8.272237768415472,5,factual_recall,medium,immediate,0.0,0.48526948343101833,9.986107218604428,0.0,0.7279663637861444,3,2,0,medium,Needs Review,Stable Learner
L0063,63,B,World,11.593810629520082,6,comprehension,medium,long_delay,1.0,0.5712497880238551,7.319575204776379,0.0,0.7279663637861444,3,2,2,medium,Needs Review,Stable Learner
L0063,63,B,Entertainment,11.042590099900526,7,comprehension,easy,short_delay,1.0,0.5988399948807893,9.304219622328597,0.0,0.7279663637861444,2,0,0,medium,Needs Review,Stable Learner
L0063,63,B,World,7.954496839392156,8,factual_recall,easy,immediate,1.0,0.5185518745909612,14.783950865519925,0.0,0.7279663637861444,4,2,2,medium,Needs Review,Stable Learner
L0063,63,B,Cooking,14.01274064610544,9,inference,medium,short_delay,1.0,0.6065852253385331,19.34088389863334,0.0,0.7279663637861444,4,1,2,medium,Needs Review,Stable Learner
L0064,64,B,Cooking,13.239048524024957,0,reasoning,hard,short_delay,1.0,0.8906240297703334,20.984083545480622,0.0,0.7946343002831167,4,2,1,medium,Stable Learner,Stable Learner
L0064,64,B,News,7.529281427473518,1,factual_recall,easy,long_delay,1.0,0.8040596546193073,15.511551669044302,0.0,0.7946343002831167,1,1,0,medium,Stable Learner,Stable Learner
L0064,64,B,Sports,12.694316757669512,2,inference,hard,short_delay,1.0,0.7585060918249986,6.3546442662887435,0.0,0.7946343002831167,0,1,1,medium,Stable Learner,Stable Learner
L0064,64,B,Sports,12.547657553483194,3,reasoning,easy,short_delay,1.0,0.58379228699284,14.743285708275153,1.0,0.7946343002831167,1,0,1,medium,Stable Learner,Stable Learner
L0064,64,B,World,19.764710176727583,4,factual_recall,medium,immediate,1.0,0.6287005250803257,16.406032279614525,0.0,0.7946343002831167,1,1,1,medium,Stable Learner,Stable Learner
L0064,64,B,News,10.24998849061959,5,inference,hard,long_delay,1.0,0.6705155393071498,19.863961807178704,0.0,0.7946343002831167,0,1,1,medium,Stable Learner,Stable Learner
L0064,64,B,Cooking,5.773693166067095,6,reasoning,hard,long_delay,1.0,0.6024592875989647,13.312617984366918,0.0,0.7946343002831167,0,1,1,medium,Stable Learner,Stable Learner
L0064,64,B,Entertainment,11.244702330977004,7,factual_recall,hard,long_delay,1.0,0.7300464524985119,19.139691337236037,0.0,0.7946343002831167,1,3,1,medium,Stable Learner,Stable Learner
L0064,64,B,News,10.155009729212853,8,inference,medium,short_delay,1.0,0.7156908849215705,15.93570993385108,1.0,0.7946343002831167,0,3,0,medium,Stable Learner,Stable Learner
L0064,64,B,Cooking,15.340706805052221,9,inference,medium,short_delay,1.0,0.5711692206945308,8.424726954812103,0.0,0.7946343002831167,4,3,2,medium,Stable Learner,Stable Learner
L0065,65,B,Sports,18.117583986697674,0,reasoning,hard,short_delay,1.0,0.5088460624816777,12.180626617237708,0.0,0.7956654710305169,2,0,0,medium,Needs Review,Stable Learner
L0065,65,B,News,8.410864184342728,1,reasoning,hard,long_delay,1.0,0.870054025543411,11.613510289664843,0.0,0.7956654710305169,3,0,1,medium,Needs Review,Stable Learner
L0065,65,B,Cooking,18.94138107569281,2,reasoning,easy,immediate,1.0,0.5361224872759801,17.143738937267727,1.0,0.7956654710305169,1,3,0,medium,Needs Review,Stable Learner
L0065,65,B,World,12.250025198242051,3,factual_recall,hard,long_delay,1.0,0.7219497272309715,20.387392713598416,0.0,0.7956654710305169,1,0,1,medium,Needs Review,Stable Learner
L0065,65,B,News,12.109013211385909,4,comprehension,medium,immediate,1.0,0.7189959944197748,13.283721190815669,0.0,0.7956654710305169,0,0,1,medium,Needs Review,Stable Learner
L0065,65,B,News,9.871281746612125,5,factual_recall,medium,immediate,1.0,0.7075636782329078,18.903405449628888,0.0,0.7956654710305169,2,0,0,medium,Needs Review,Stable Learner
L0065,65,B,World,19.09287559969517,6,inference,medium,immediate,1.0,0.6305423117838393,15.248703327222993,0.0,0.7956654710305169,4,1,1,medium,Needs Review,Stable Learner
L0065,65,B,Entertainment,16.002361962949053,7,factual_recall,medium,immediate,1.0,0.7627252651140503,10.536338953809958,0.0,0.7956654710305169,3,0,0,medium,Needs Review,Stable Learner
L0065,65,B,World,15.746497636338576,8,reasoning,hard,short_delay,1.0,0.5239632526056905,13.710239533794681,1.0,0.7956654710305169,3,3,2,medium,Needs Review,Stable Learner
L0065,65,B,News,7.615875767345727,9,inference,easy,immediate,1.0,0.6734171211326078,13.502570546041925,0.0,0.7956654710305169,0,2,0,medium,Needs Review,Stable Learner
L0066,66,B,World,19.440407782587464,0,comprehension,hard,long_delay,1.0,0.6872868237828491,11.61504826193918,1.0,0.7488155590863399,1,1,1,medium,Low-Engagement,Stable Learner
L0066,66,B,Cooking,10.626704796133554,1,factual_recall,easy,short_delay,1.0,0.6834407495985528,21.09981647388527,1.0,0.7488155590863399,1,0,0,medium,Low-Engagement,Stable Learner
L0066,66,B,Cooking,13.412923594045818,2,comprehension,hard,immediate,1.0,0.5751572357465474,12.609175377419229,0.0,0.7488155590863399,2,0,1,medium,Low-Engagement,Stable Learner
L0066,66,B,Cooking,11.634235476839581,3,inference,easy,immediate,1.0,0.7601795909900448,14.755782071329948,1.0,0.7488155590863399,0,1,0,medium,Low-Engagement,Stable Learner
L0066,66,B,News,17.003726654133015,4,comprehension,easy,long_delay,1.0,0.5823614792233742,24.56893020034212,1.0,0.7488155590863399,1,1,0,medium,Low-Engagement,Stable Learner
L0066,66,B,Cooking,15.687219256398,5,factual_recall,medium,long_delay,1.0,0.6581766555452827,13.613308956031657,1.0,0.7488155590863399,0,1,0,medium,Low-Engagement,Stable Learner
L0066,66,B,Entertainment,13.472425447441445,6,reasoning,easy,immediate,1.0,0.6504719527279949,21.194249423367292,0.0,0.7488155590863399,4,1,0,medium,Low-Engagement,Stable Learner
L0066,66,B,Sports,8.91947301536246,7,inference,medium,long_delay,1.0,0.7158103612659217,15.1952254278228,1.0,0.7488155590863399,3,0,1,medium,Low-Engagement,Stable Learner
L0066,66,B,Cooking,6.544085705710996,8,comprehension,hard,long_delay,0.0,0.46808960597826677,17.07709415146745,1.0,0.7488155590863399,0,1,1,medium,Low-Engagement,Stable Learner
L0066,66,B,News,8.87182249474337,9,comprehension,hard,short_delay,1.0,0.7690909814929459,15.349792947056873,0.0,0.7488155590863399,3,2,2,medium,Low-Engagement,Stable Learner
L0067,67,B,Cooking,9.981517817615071,0,factual_recall,medium,short_delay,1.0,0.7213479544055722,22.926306070926437,0.0,0.754137392118691,2,3,1,medium,Needs Review,Stable Learner
L0067,67,B,Entertainment,16.436027595570746,1,inference,medium,immediate,1.0,0.7261350111985707,11.196935234947597,0.0,0.754137392118691,4,2,0,medium,Needs Review,Stable Learner
L0067,67,B,Sports,6.388384081074993,2,reasoning,hard,short_delay,1.0,0.6218681518034795,15.01074540213843,0.0,0.754137392118691,0,2,2,medium,Needs Review,Stable Learner
L0067,67,B,Entertainment,10.031688889238916,3,comprehension,easy,short_delay,1.0,0.7268869602541885,8.479918713860394,0.0,0.754137392118691,3,0,2,medium,Needs Review,Stable Learner
L0067,67,B,Cooking,7.759016787035296,4,reasoning,hard,immediate,1.0,0.6617921070651483,23.13615570831786,0.0,0.754137392118691,1,1,2,medium,Needs Review,Stable Learner
L0067,67,B,Sports,10.204400380512949,5,reasoning,medium,long_delay,0.0,0.39303799751450436,14.583336865016928,1.0,0.754137392118691,1,0,1,medium,Needs Review,Stable Learner
L0067,67,B,Cooking,18.769137524343044,6,comprehension,easy,short_delay,1.0,0.6315297968048458,15.233134213970091,1.0,0.754137392118691,3,1,1,medium,Needs Review,Stable Learner
L0067,67,B,News,14.512748230927755,7,inference,hard,short_delay,1.0,0.7878988640142379,21.77150232752811,0.0,0.754137392118691,0,1,0,medium,Needs Review,Stable Learner
L0067,67,B,Cooking,14.034122830216894,8,comprehension,easy,long_delay,1.0,0.511819424337232,18.307391973227407,0.0,0.754137392118691,3,1,0,medium,Needs Review,Stable Learner
L0067,67,B,Sports,16.487610283950367,9,reasoning,hard,immediate,1.0,0.691269120041554,10.6218563375163,0.0,0.754137392118691,1,1,0,medium,Needs Review,Stable Learner
L0068,68,B,Sports,17.423375409714822,0,inference,easy,immediate,1.0,0.6250572980224602,21.769177733965538,0.0,0.839217845088455,2,0,1,medium,Needs Review,Stable Learner
L0068,68,B,World,5.453288056270249,1,factual_recall,medium,immediate,1.0,0.6362972692389999,16.960310582918712,0.0,0.839217845088455,3,2,2,medium,Needs Review,Stable Learner
L0068,68,B,Sports,15.823688664482761,2,reasoning,easy,immediate,1.0,0.7337429770139078,20.053906920028673,0.0,0.839217845088455,2,3,0,medium,Needs Review,Stable Learner
L0068,68,B,Sports,15.450590436141162,3,inference,hard,long_delay,1.0,0.6086004902765322,16.935808895581815,0.0,0.839217845088455,0,1,0,medium,Needs Review,Stable Learner
L0068,68,B,News,6.289984574524293,4,inference,easy,immediate,1.0,0.6017266088402705,15.244624123400781,1.0,0.839217845088455,2,1,0,medium,Needs Review,Stable Learner
L0068,68,B,World,13.428167523395157,5,reasoning,medium,long_delay,1.0,0.7996498478186291,13.623453938189726,1.0,0.839217845088455,4,0,1,medium,Needs Review,Stable Learner
L0068,68,B,News,11.174664753315852,6,reasoning,easy,immediate,1.0,0.7684187738712788,16.835721884431027,0.0,0.839217845088455,1,1,1,medium,Needs Review,Stable Learner
L0068,68,B,Entertainment,5.612533960128217,7,factual_recall,hard,immediate,1.0,0.740155000234392,13.44126045547724,0.0,0.839217845088455,1,2,1,medium,Needs Review,Stable Learner
L0068,68,B,Entertainment,13.291265661087047,8,comprehension,medium,long_delay,1.0,0.7725644621394093,19.33938050032556,0.0,0.839217845088455,2,1,0,medium,Needs Review,Stable Learner
L0068,68,B,News,8.397583728967634,9,factual_recall,hard,long_delay,0.0,0.48227212746326376,7.067716777238998,0.0,0.839217845088455,1,0,2,medium,Needs Review,Stable Learner
L0069,69,B,Cooking,17.399731084854313,0,reasoning,medium,short_delay,1.0,0.8570797721727563,16.98664154131432,1.0,0.8541800405876709,3,2,1,medium,Needs Review,Stable Learner
L0069,69,B,Cooking,5.087750340104108,1,comprehension,medium,short_delay,1.0,0.7280307817224188,11.168056599444196,0.0,0.8541800405876709,3,3,0,medium,Needs Review,Stable Learner
L0069,69,B,World,12.955993091277557,2,inference,easy,immediate,1.0,0.5902579279228568,10.952412714347002,0.0,0.8541800405876709,0,2,1,medium,Needs Review,Stable Learner
L0069,69,B,News,5.953000224430046,3,factual_recall,hard,short_delay,1.0,0.7138938522462068,19.941422015513293,0.0,0.8541800405876709,0,0,0,medium,Needs Review,Stable Learner
L0069,69,B,Entertainment,5.8280334981210675,4,factual_recall,easy,long_delay,1.0,0.922747204433761,20.957754063250725,1.0,0.8541800405876709,0,3,1,medium,Needs Review,Stable Learner
L0069,69,B,News,12.775709709154533,5,factual_recall,easy,short_delay,1.0,0.6902422810718912,22.5607177906096,1.0,0.8541800405876709,3,2,0,medium,Needs Review,Stable Learner
L0069,69,B,Entertainment,8.115961030543724,6,inference,hard,long_delay,1.0,0.82618408593936,24.01965241626434,0.0,0.8541800405876709,0,0,2,medium,Needs Review,Stable Learner
L0069,69,B,Sports,11.76424473325056,7,factual_recall,medium,short_delay,1.0,0.6059670634161288,15.673097181612983,0.0,0.8541800405876709,4,3,0,medium,Needs Review,Stable Learner
L0069,69,B,News,10.25550642072422,8,comprehension,hard,short_delay,1.0,0.6757913948363614,13.444003778842033,0.0,0.8541800405876709,0,3,0,medium,Needs Review,Stable Learner
L0069,69,B,World,18.207874645389783,9,inference,easy,short_delay,1.0,0.7419565206125543,21.754954693892344,0.0,0.8541800405876709,2,2,2,medium,Needs Review,Stable Learner
L0070,70,B,World,9.595193557665587,0,inference,easy,immediate,1.0,0.6249984421627445,14.934442845016648,0.0,0.9395797134727291,0,3,2,medium,Needs Review,Stable Learner
L0070,70,B,World,10.147064372651982,1,reasoning,hard,long_delay,1.0,0.861467534892897,13.416885974690711,1.0,0.9395797134727291,2,3,1,medium,Needs Review,Stable Learner
L0070,70,B,Cooking,16.282476002966607,2,inference,medium,immediate,1.0,0.6805323006627108,13.746087329111136,1.0,0.9395797134727291,1,2,1,medium,Needs Review,Stable Learner
L0070,70,B,Sports,5.015779588405822,3,comprehension,hard,short_delay,1.0,0.8581896225864927,19.962383067915265,1.0,0.9395797134727291,2,0,1,medium,Needs Review,Stable Learner
L0070,70,B,Cooking,13.259621912291042,4,factual_recall,medium,immediate,1.0,0.755020112494632,21.12580727549928,0.0,0.9395797134727291,0,3,2,medium,Needs Review,Stable Learner
L0070,70,B,Entertainment,15.063820408309422,5,comprehension,medium,long_delay,1.0,0.7107108362582423,11.664247431158149,0.0,0.9395797134727291,1,3,0,medium,Needs Review,Stable Learner
L0070,70,B,Sports,7.641461439025882,6,reasoning,easy,short_delay,1.0,0.6734369318113413,11.65706071276255,0.0,0.9395797134727291,1,3,2,medium,Needs Review,Stable Learner
L0070,70,B,Sports,9.993239381210698,7,reasoning,hard,immediate,1.0,0.617595856012079,16.89679459833556,0.0,0.9395797134727291,0,1,2,medium,Needs Review,Stable Learner
L0070,70,B,Sports,6.51799168890162,8,reasoning,easy,immediate,1.0,0.6875791549964353,22.637660323786275,0.0,0.9395797134727291,4,3,2,medium,Needs Review,Stable Learner
L0070,70,B,Sports,14.934032057469295,9,inference,easy,long_delay,1.0,0.7697361459020025,20.7299515415628,0.0,0.9395797134727291,0,2,2,medium,Needs Review,Stable Learner
L0071,71,B,Cooking,13.220894147639491,0,inference,medium,short_delay,1.0,0.5470108977559419,10.648264911712834,1.0,0.7795385963053774,0,0,1,medium,Stable Learner,Stable Learner
L0071,71,B,Cooking,11.437276848187437,1,reasoning,hard,short_delay,1.0,0.752778615031019,23.788832333404113,0.0,0.7795385963053774,0,1,2,medium,Stable Learner,Stable Learner
L0071,71,B,Entertainment,14.77557995679662,2,reasoning,medium,short_delay,1.0,0.6747041336336973,9.851987025576104,0.0,0.7795385963053774,4,0,0,medium,Stable Learner,Stable Learner
L0071,71,B,Cooking,17.534498885799866,3,inference,medium,long_delay,1.0,0.79617347900147,11.373028711858801,0.0,0.7795385963053774,0,2,1,medium,Stable Learner,Stable Learner
L0071,71,B,Sports,14.62468518367449,4,reasoning,easy,short_delay,1.0,0.6092261220520063,17.850170980420113,0.0,0.7795385963053774,4,0,2,medium,Stable Learner,Stable Learner
L0071,71,B,Entertainment,16.02274480977405,5,factual_recall,hard,immediate,1.0,0.5197725272649006,5.719896550566052,0.0,0.7795385963053774,0,2,0,medium,Stable Learner,Stable Learner
L0071,71,B,Sports,7.696575616923677,6,reasoning,hard,short_delay,1.0,0.6765973997316925,21.3729533269067,0.0,0.7795385963053774,0,0,2,medium,Stable Learner,Stable Learner
L0071,71,B,News,15.030421442651292,7,factual_recall,easy,immediate,1.0,0.8095952688284266,18.120965571086778,0.0,0.7795385963053774,3,1,0,medium,Stable Learner,Stable Learner
L0071,71,B,News,10.871729953802603,8,factual_recall,easy,long_delay,1.0,0.6960942136616052,19.49615535905555,1.0,0.7795385963053774,3,3,0,medium,Stable Learner,Stable Learner
L0071,71,B,Sports,14.340710211315715,9,inference,easy,long_delay,1.0,0.6600330200827144,17.79058505974827,0.0,0.7795385963053774,2,3,0,medium,Stable Learner,Stable Learner
L0072,72,B,Cooking,7.599631398438741,0,reasoning,hard,short_delay,1.0,0.8225541372371019,16.08480911807262,0.0,0.7859984974391869,4,1,2,medium,Needs Review,Stable Learner
L0072,72,B,News,6.0475788874025485,1,factual_recall,easy,long_delay,1.0,0.76120962126846,13.861611854070862,0.0,0.7859984974391869,3,0,2,medium,Needs Review,Stable Learner
L0072,72,B,Sports,6.583481937711852,2,factual_recall,easy,short_delay,1.0,0.5812482220151306,14.812734575083503,0.0,0.7859984974391869,2,3,0,medium,Needs Review,Stable Learner
L0072,72,B,Entertainment,9.366472455460624,3,comprehension,easy,short_delay,1.0,0.7478402875296634,11.40457260555769,0.0,0.7859984974391869,4,2,2,medium,Needs Review,Stable Learner
L0072,72,B,Cooking,17.355117347368463,4,comprehension,easy,immediate,1.0,0.7440302367665736,18.050652518985547,0.0,0.7859984974391869,4,0,2,medium,Needs Review,Stable Learner
L0072,72,B,Entertainment,13.04465932887437,5,comprehension,medium,long_delay,1.0,0.5993932527048436,14.78274682745537,1.0,0.7859984974391869,4,1,2,medium,Needs Review,Stable Learner
L0072,72,B,Entertainment,14.241308629117585,6,comprehension,medium,long_delay,1.0,0.7648865922635439,15.83224421974114,0.0,0.7859984974391869,4,2,0,medium,Needs Review,Stable Learner
L0072,72,B,World,15.290712569713223,7,factual_recall,easy,short_delay,1.0,0.6639623364054738,16.785709622144363,0.0,0.7859984974391869,0,2,2,medium,Needs Review,Stable Learner
L0072,72,B,Sports,6.475089003085845,8,inference,hard,immediate,1.0,0.5390046509985555,9.227071927868376,0.0,0.7859984974391869,3,3,0,medium,Needs Review,Stable Learner
L0072,72,B,News,6.028401740972712,9,factual_recall,hard,long_delay,1.0,0.7255202724637142,10.52858489058974,0.0,0.7859984974391869,4,3,2,medium,Needs Review,Stable Learner
L0073,73,B,News,6.2002913828991435,0,comprehension,easy,long_delay,1.0,0.7261146391359836,14.560204745094115,0.0,0.8114512722517939,1,2,1,medium,Stable Learner,Stable Learner
L0073,73,B,World,12.04984898500329,1,factual_recall,medium,long_delay,1.0,0.7120291684007225,8.694381343264325,1.0,0.8114512722517939,1,3,1,medium,Stable Learner,Stable Learner
L0073,73,B,Entertainment,16.194098509730093,2,reasoning,hard,long_delay,1.0,0.661177747870807,13.919138883390172,0.0,0.8114512722517939,0,3,2,medium,Stable Learner,Stable Learner
L0073,73,B,Sports,12.905330739385631,3,reasoning,easy,short_delay,1.0,0.6083780884888735,15.507000167026284,0.0,0.8114512722517939,0,2,2,medium,Stable Learner,Stable Learner
L0073,73,B,Entertainment,15.858909193296254,4,factual_recall,hard,immediate,1.0,0.7088838351659377,16.147282372223312,0.0,0.8114512722517939,1,3,2,medium,Stable Learner,Stable Learner
L0073,73,B,World,11.97499738255269,5,comprehension,hard,short_delay,1.0,0.6466875234116359,17.34768183507913,1.0,0.8114512722517939,1,0,2,medium,Stable Learner,Stable Learner
L0073,73,B,World,17.219993991211677,6,inference,hard,long_delay,1.0,0.8489822620441015,19.606650989388427,0.0,0.8114512722517939,4,1,2,medium,Stable Learner,Stable Learner
L0073,73,B,World,15.360572195319508,7,reasoning,easy,immediate,1.0,0.8142182294773219,11.539229641535664,1.0,0.8114512722517939,0,3,2,medium,Stable Learner,Stable Learner
L0073,73,B,News,12.790641757870661,8,factual_recall,medium,long_delay,1.0,0.7432839132351609,11.584621963954943,0.0,0.8114512722517939,2,2,1,medium,Stable Learner,Stable Learner
L0073,73,B,Sports,11.208977122642757,9,inference,medium,long_delay,1.0,0.7178466939292986,22.254283398715796,0.0,0.8114512722517939,3,2,1,medium,Stable Learner,Stable Learner
L0074,74,B,World,12.100415197961981,0,factual_recall,easy,immediate,1.0,0.6244774055829795,12.342715488466025,0.0,0.8218303733534084,1,1,2,medium,Needs Review,Stable Learner
L0074,74,B,Sports,9.061035242441402,1,factual_recall,medium,immediate,1.0,0.7186146900992191,24.476918127383335,0.0,0.8218303733534084,2,0,2,medium,Needs Review,Stable Learner
L0074,74,B,Entertainment,8.292101438421364,2,inference,hard,immediate,1.0,0.6828255371510046,13.101320260751834,0.0,0.8218303733534084,4,3,2,medium,Needs Review,Stable Learner
L0074,74,B,World,17.954001047812312,3,comprehension,easy,long_delay,1.0,0.6496065323479857,10.624451789026521,0.0,0.8218303733534084,1,1,0,medium,Needs Review,Stable Learner
L0074,74,B,Entertainment,13.721104644384745,4,inference,medium,short_delay,1.0,0.647185716785334,10.031575400786675,0.0,0.8218303733534084,2,2,2,medium,Needs Review,Stable Learner
L0074,74,B,Sports,14.024575537082942,5,factual_recall,easy,immediate,1.0,0.6291879007584313,6.330387983851688,0.0,0.8218303733534084,3,2,2,medium,Needs Review,Stable Learner
L0074,74,B,World,9.981762774683304,6,factual_recall,medium,long_delay,1.0,0.5154198827910986,22.66313946196564,0.0,0.8218303733534084,2,2,0,medium,Needs Review,Stable Learner
L0074,74,B,News,7.927163308074726,7,factual_recall,medium,short_delay,1.0,0.7182895095161692,21.85533695384331,0.0,0.8218303733534084,1,2,0,medium,Needs Review,Stable Learner
L0074,74,B,Cooking,7.48425770810601,8,comprehension,easy,short_delay,1.0,0.7031546825278321,18.003725814423788,1.0,0.8218303733534084,2,2,1,medium,Needs Review,Stable Learner
L0074,74,B,News,15.687449155448316,9,inference,easy,immediate,1.0,0.7649670252448494,10.519555961121101,0.0,0.8218303733534084,1,0,0,medium,Needs Review,Stable Learner
L0075,75,B,Cooking,16.969011757683035,0,factual_recall,hard,long_delay,1.0,0.6063992099810229,16.608956845242474,0.0,0.6599152453102789,3,3,0,medium,Delayed Recall Weakness,Stable Learner
L0075,75,B,Sports,11.986270725726108,1,factual_recall,easy,immediate,1.0,0.6670179828327447,1.0,0.0,0.6599152453102789,3,3,0,medium,Delayed Recall Weakness,Stable Learner
L0075,75,B,Sports,7.53950423029176,2,factual_recall,medium,long_delay,1.0,0.718813692330818,27.05622019819842,0.0,0.6599152453102789,3,3,1,medium,Delayed Recall Weakness,Stable Learner
L0075,75,B,World,5.689054956600843,3,comprehension,hard,short_delay,1.0,0.712468165322885,17.832043386987376,0.0,0.6599152453102789,1,3,0,medium,Delayed Recall Weakness,Stable Learner
L0075,75,B,Cooking,9.012990475497986,4,comprehension,easy,short_delay,1.0,0.7917105811456032,12.021483622932971,1.0,0.6599152453102789,0,0,1,medium,Delayed Recall Weakness,Stable Learner
L0075,75,B,Sports,14.83409873664823,5,inference,hard,immediate,1.0,0.7948495298580351,24.63684877615114,0.0,0.6599152453102789,3,2,1,medium,Delayed Recall Weakness,Stable Learner
L0075,75,B,Entertainment,17.24173402311924,6,comprehension,hard,immediate,1.0,0.5927614891706208,13.262844147569028,1.0,0.6599152453102789,2,1,0,medium,Delayed Recall Weakness,Stable Learner
L0075,75,B,News,15.011434633766939,7,factual_recall,medium,long_delay,1.0,0.7038576110050472,15.662596929140289,0.0,0.6599152453102789,3,3,1,medium,Delayed Recall Weakness,Stable Learner
L0075,75,B,Sports,11.869415152492714,8,reasoning,hard,immediate,1.0,0.5952168452278163,12.564420948011863,0.0,0.6599152453102789,2,1,0,medium,Delayed Recall Weakness,Stable Learner
L0075,75,B,Entertainment,13.190783691131507,9,comprehension,easy,short_delay,1.0,0.6611752961646434,23.259959187216698,0.0,0.6599152453102789,3,1,0,medium,Delayed Recall Weakness,Stable Learner
L0076,76,B,Cooking,13.57941256712208,0,inference,easy,short_delay,1.0,0.7307661768888718,5.1066716655532165,0.0,0.6287702201832993,3,2,2,medium,Stable Learner,Stable Learner
L0076,76,B,World,17.918560130276813,1,reasoning,hard,short_delay,1.0,0.7765342112242776,19.631883739166234,0.0,0.6287702201832993,2,0,0,medium,Stable Learner,Stable Learner
L0076,76,B,Cooking,7.346432420500478,2,factual_recall,medium,immediate,1.0,0.9328356475208951,11.146603701639165,0.0,0.6287702201832993,0,1,1,medium,Stable Learner,Stable Learner
L0076,76,B,Entertainment,17.812209596095894,3,reasoning,hard,immediate,1.0,0.6408802496679339,14.826718242935103,1.0,0.6287702201832993,4,1,2,medium,Stable Learner,Stable Learner
L0076,76,B,World,5.152063537110495,4,factual_recall,easy,short_delay,1.0,0.6261288103450933,7.8665328935111045,0.0,0.6287702201832993,2,0,2,medium,Stable Learner,Stable Learner
L0076,76,B,News,7.346182281584831,5,reasoning,hard,short_delay,1.0,0.5690578969560759,12.088232002692132,0.0,0.6287702201832993,3,2,2,medium,Stable Learner,Stable Learner
L0076,76,B,Cooking,18.39925979560973,6,inference,hard,immediate,1.0,0.7008641906487008,13.602044232412364,0.0,0.6287702201832993,3,3,0,medium,Stable Learner,Stable Learner
L0076,76,B,World,18.06628789789546,7,inference,easy,long_delay,1.0,0.7002318180558356,14.94354576519585,1.0,0.6287702201832993,0,2,2,medium,Stable Learner,Stable Learner
L0076,76,B,Sports,10.529325965639018,8,comprehension,easy,short_delay,1.0,0.5988703665213251,17.39866257761256,0.0,0.6287702201832993,1,0,0,medium,Stable Learner,Stable Learner
L0076,76,B,News,19.91135704650674,9,reasoning,hard,short_delay,1.0,0.662507011799616,22.1953754174311,0.0,0.6287702201832993,4,0,0,medium,Stable Learner,Stable Learner
L0077,77,B,News,17.163110268659388,0,comprehension,easy,short_delay,1.0,0.6851397854317093,23.122489229783778,0.0,0.816362549749505,3,2,1,medium,Stable Learner,Stable Learner
L0077,77,B,Sports,6.03016978323755,1,comprehension,hard,immediate,1.0,0.6472108937368788,16.016822623478554,0.0,0.816362549749505,0,0,0,medium,Stable Learner,Stable Learner
L0077,77,B,News,6.249338305769016,2,factual_recall,hard,immediate,1.0,0.6637865493356083,17.87177141639618,0.0,0.816362549749505,3,3,1,medium,Stable Learner,Stable Learner
L0077,77,B,Cooking,8.622626783707146,3,inference,medium,immediate,1.0,0.693542598524553,14.23224838914981,0.0,0.816362549749505,3,2,0,medium,Stable Learner,Stable Learner
L0077,77,B,News,14.243930524858545,4,comprehension,easy,short_delay,1.0,0.8518099996239823,17.64009339847261,0.0,0.816362549749505,0,3,2,medium,Stable Learner,Stable Learner
L0077,77,B,Sports,5.976164407662738,5,comprehension,medium,immediate,1.0,0.6560286221469198,16.569825762496073,0.0,0.816362549749505,3,1,0,medium,Stable Learner,Stable Learner
L0077,77,B,Cooking,7.966506824873969,6,factual_recall,medium,long_delay,1.0,0.6852612075911381,15.291321936257436,1.0,0.816362549749505,1,3,2,medium,Stable Learner,Stable Learner
L0077,77,B,Cooking,19.50114785769206,7,comprehension,hard,immediate,1.0,0.5934622339593492,15.688768461385648,0.0,0.816362549749505,0,0,1,medium,Stable Learner,Stable Learner
L0077,77,B,World,6.272567143721666,8,factual_recall,medium,short_delay,1.0,0.7516631066473156,17.259611416968244,1.0,0.816362549749505,2,1,0,medium,Stable Learner,Stable Learner
L0077,77,B,World,11.173787342472057,9,comprehension,hard,short_delay,1.0,0.8166679178718284,13.529237825772178,1.0,0.816362549749505,1,2,0,medium,Stable Learner,Stable Learner
L0078,78,B,News,9.245487320939525,0,reasoning,hard,short_delay,1.0,0.6235492834386314,12.592799885547457,1.0,0.748400218296146,1,0,1,medium,Stable Learner,Stable Learner
L0078,78,B,Cooking,5.647114746428597,1,reasoning,easy,immediate,1.0,0.6246234846163838,15.90479978710566,0.0,0.748400218296146,4,0,2,medium,Stable Learner,Stable Learner
L0078,78,B,News,10.116530591345867,2,factual_recall,easy,short_delay,1.0,0.5397904003957236,12.520873730939861,0.0,0.748400218296146,1,3,2,medium,Stable Learner,Stable Learner
L0078,78,B,Entertainment,14.037229969302564,3,factual_recall,medium,long_delay,1.0,0.6049624691673522,4.38062540055822,0.0,0.748400218296146,1,0,2,medium,Stable Learner,Stable Learner
L0078,78,B,Entertainment,11.371365402808852,4,inference,medium,short_delay,1.0,0.8298420275650323,19.61123970585969,0.0,0.748400218296146,3,1,2,medium,Stable Learner,Stable Learner
L0078,78,B,Cooking,19.859371600527425,5,factual_recall,hard,short_delay,1.0,0.6593400739432503,16.215087806740964,0.0,0.748400218296146,1,3,1,medium,Stable Learner,Stable Learner
L0078,78,B,World,5.550682813706746,6,reasoning,hard,short_delay,1.0,0.7504411668556099,13.43028772626074,0.0,0.748400218296146,1,3,1,medium,Stable Learner,Stable Learner
L0078,78,B,Entertainment,7.976312701423124,7,comprehension,hard,immediate,0.0,0.4321243482099166,10.169073139637813,0.0,0.748400218296146,3,0,0,medium,Stable Learner,Stable Learner
L0078,78,B,Entertainment,14.164235496829042,8,factual_recall,easy,long_delay,1.0,0.7368311308965879,7.650712419464325,0.0,0.748400218296146,1,0,2,medium,Stable Learner,Stable Learner
L0078,78,B,News,12.289542556517079,9,inference,easy,immediate,1.0,0.6638647295630887,16.119463535340287,0.0,0.748400218296146,2,1,2,medium,Stable Learner,Stable Learner
L0079,79,B,Cooking,6.126340709497864,0,reasoning,medium,short_delay,1.0,0.6703618186441513,23.214240844265916,0.0,0.939148764686529,4,2,0,medium,Needs Review,Stable Learner
L0079,79,B,World,13.488723676987329,1,inference,medium,immediate,1.0,0.7444514088682197,16.768752391862474,1.0,0.939148764686529,0,1,0,medium,Needs Review,Stable Learner
L0079,79,B,News,7.505573111619296,2,inference,medium,immediate,1.0,0.6263130867129201,18.219963392656176,0.0,0.939148764686529,1,3,1,medium,Needs Review,Stable Learner
L0079,79,B,World,14.24385937403742,3,comprehension,medium,immediate,1.0,0.5748072178020177,18.596376184601606,0.0,0.939148764686529,4,0,0,medium,Needs Review,Stable Learner
L0079,79,B,Cooking,10.355259485009027,4,reasoning,easy,long_delay,1.0,0.6566119489082065,9.23492309033685,0.0,0.939148764686529,2,3,2,medium,Needs Review,Stable Learner
L0079,79,B,Entertainment,6.661102104090378,5,inference,medium,long_delay,1.0,0.7901192533379199,10.183339647652279,0.0,0.939148764686529,1,0,2,medium,Needs Review,Stable Learner
L0079,79,B,Cooking,5.81465413791061,6,comprehension,medium,long_delay,1.0,0.6279268208601717,9.580518551971748,0.0,0.939148764686529,3,1,1,medium,Needs Review,Stable Learner
L0079,79,B,World,6.119444467539676,7,comprehension,hard,short_delay,1.0,0.5929468027270585,8.339271221541772,0.0,0.939148764686529,0,0,0,medium,Needs Review,Stable Learner
L0079,79,B,World,8.319369345209777,8,reasoning,medium,short_delay,1.0,0.6955464244369144,18.977299374352018,0.0,0.939148764686529,4,0,0,medium,Needs Review,Stable Learner
L0079,79,B,News,15.907227442579106,9,factual_recall,easy,short_delay,1.0,0.7299022600717745,16.450250458318777,0.0,0.939148764686529,3,0,2,medium,Needs Review,Stable Learner
L0080,80,B,News,12.587466448347888,0,factual_recall,easy,short_delay,1.0,0.6970045528560637,16.776881053350483,0.0,0.7686576683039683,1,2,2,medium,Stable Learner,Stable Learner
L0080,80,B,Cooking,14.004895880265751,1,inference,easy,immediate,1.0,0.7691897575507096,24.810028319211238,1.0,0.7686576683039683,1,2,2,medium,Stable Learner,Stable Learner
L0080,80,B,Sports,13.963628914004598,2,comprehension,medium,immediate,1.0,0.5329784377902521,14.785294585216276,0.0,0.7686576683039683,4,3,2,medium,Stable Learner,Stable Learner
L0080,80,B,Cooking,11.045731740054066,3,comprehension,easy,short_delay,1.0,0.7536056133738375,19.766517758213904,0.0,0.7686576683039683,2,0,2,medium,Stable Learner,Stable Learner
L0080,80,B,Sports,12.042342975497903,4,factual_recall,hard,long_delay,1.0,0.677950443782717,12.743845555467864,0.0,0.7686576683039683,4,1,0,medium,Stable Learner,Stable Learner
L0080,80,B,Cooking,10.054215973574285,5,reasoning,easy,short_delay,1.0,0.5741362732046305,12.427005803579258,0.0,0.7686576683039683,3,2,2,medium,Stable Learner,Stable Learner
L0080,80,B,World,18.212044070566694,6,inference,medium,short_delay,0.0,0.47153942473459337,11.612454415596819,1.0,0.7686576683039683,2,1,2,medium,Stable Learner,Stable Learner
L0080,80,B,Entertainment,19.320573678590474,7,reasoning,hard,short_delay,1.0,0.6663526288121647,4.697355264378437,0.0,0.7686576683039683,2,2,2,medium,Stable Learner,Stable Learner
L0080,80,B,World,18.78903891992106,8,inference,easy,long_delay,1.0,0.824771298327407,21.43546129973456,0.0,0.7686576683039683,1,1,2,medium,Stable Learner,Stable Learner
L0080,80,B,Sports,12.49822497094387,9,reasoning,easy,short_delay,1.0,0.8474684666741396,11.79183780430992,1.0,0.7686576683039683,4,0,1,medium,Stable Learner,Stable Learner
L0081,81,B,Sports,16.38477840833353,0,factual_recall,medium,long_delay,1.0,0.6606839323061372,16.043329494819915,1.0,0.7916133424317611,2,0,0,medium,Low-Engagement,Stable Learner
L0081,81,B,Cooking,17.20517556022191,1,inference,easy,immediate,1.0,0.6736994984163224,18.805752749031598,0.0,0.7916133424317611,1,0,0,medium,Low-Engagement,Stable Learner
L0081,81,B,News,7.920225452929264,2,factual_recall,easy,long_delay,1.0,0.51693423777506,13.557236098718,0.0,0.7916133424317611,3,3,0,medium,Low-Engagement,Stable Learner
L0081,81,B,Sports,14.736455176452989,3,comprehension,easy,short_delay,1.0,0.8210762854312205,14.95816186140555,1.0,0.7916133424317611,0,1,2,medium,Low-Engagement,Stable Learner
L0081,81,B,Cooking,19.201802922719796,4,reasoning,medium,short_delay,1.0,0.6025648099111817,11.691878037680905,0.0,0.7916133424317611,4,0,0,medium,Low-Engagement,Stable Learner
L0081,81,B,Cooking,8.043376922090248,5,comprehension,hard,short_delay,1.0,0.7826071970153533,19.5203247465013,0.0,0.7916133424317611,3,0,1,medium,Low-Engagement,Stable Learner
L0081,81,B,Entertainment,15.042202823195426,6,factual_recall,medium,long_delay,1.0,0.6178623391952489,11.532933344163238,1.0,0.7916133424317611,1,0,2,medium,Low-Engagement,Stable Learner
L0081,81,B,News,6.716790457548347,7,comprehension,medium,immediate,1.0,0.617449534810424,22.425781724689266,0.0,0.7916133424317611,2,3,0,medium,Low-Engagement,Stable Learner
L0081,81,B,World,11.624341795427458,8,reasoning,easy,immediate,1.0,0.8013123250465467,13.420829158400878,0.0,0.7916133424317611,2,3,1,medium,Low-Engagement,Stable Learner
L0081,81,B,Cooking,10.82803295684423,9,comprehension,medium,long_delay,1.0,0.7793884603477925,15.102542820081672,1.0,0.7916133424317611,1,3,2,medium,Low-Engagement,Stable Learner
L0082,82,B,Entertainment,13.526561170635777,0,inference,medium,immediate,1.0,0.9371930145241676,22.430753229302475,0.0,0.8250719070130198,0,0,2,medium,Delayed Recall Weakness,Stable Learner
L0082,82,B,Entertainment,11.354424881027692,1,reasoning,easy,short_delay,1.0,0.7422441046759466,15.517285824468486,0.0,0.8250719070130198,1,2,2,medium,Delayed Recall Weakness,Stable Learner
L0082,82,B,News,18.02749238788815,2,reasoning,hard,long_delay,1.0,0.564539808672825,12.2039876313714,0.0,0.8250719070130198,0,3,2,medium,Delayed Recall Weakness,Stable Learner
L0082,82,B,World,8.818208176790137,3,comprehension,medium,short_delay,1.0,0.7081829624418614,9.273860145566386,0.0,0.8250719070130198,0,1,2,medium,Delayed Recall Weakness,Stable Learner
L0082,82,B,Sports,14.971926404353761,4,reasoning,easy,long_delay,1.0,0.5519312748658933,5.6414925680028185,0.0,0.8250719070130198,2,0,0,medium,Delayed Recall Weakness,Stable Learner
L0082,82,B,World,5.183684986862336,5,factual_recall,medium,immediate,1.0,0.803280368926886,8.743596832386567,0.0,0.8250719070130198,2,0,1,medium,Delayed Recall Weakness,Stable Learner
L0082,82,B,Sports,18.72263523053948,6,factual_recall,easy,immediate,1.0,0.5844117411972075,15.55979620722189,0.0,0.8250719070130198,1,2,1,medium,Delayed Recall Weakness,Stable Learner
L0082,82,B,World,16.59493092652067,7,comprehension,easy,long_delay,1.0,0.6874243634692023,19.90116884361332,0.0,0.8250719070130198,4,1,0,medium,Delayed Recall Weakness,Stable Learner
L0082,82,B,Entertainment,13.630304304727472,8,factual_recall,hard,long_delay,1.0,0.5942219998008152,12.198242537888994,0.0,0.8250719070130198,0,0,2,medium,Delayed Recall Weakness,Stable Learner
L0082,82,B,News,16.281603991075407,9,comprehension,easy,immediate,1.0,0.6253551942452009,22.852718003595072,0.0,0.8250719070130198,2,2,2,medium,Delayed Recall Weakness,Stable Learner
L0083,83,B,Sports,17.598114240976088,0,comprehension,hard,immediate,1.0,0.7607097115654963,23.55711399466245,0.0,0.7648904920556419,4,0,0,medium,Needs Review,Stable Learner
L0083,83,B,Sports,17.81083269197269,1,factual_recall,easy,short_delay,1.0,0.7534223499026137,9.978827369348979,0.0,0.7648904920556419,4,2,0,medium,Needs Review,Stable Learner
L0083,83,B,News,10.291016063905067,2,reasoning,easy,immediate,1.0,0.7946851755150046,10.28940589074614,0.0,0.7648904920556419,2,3,1,medium,Needs Review,Stable Learner
L0083,83,B,Cooking,15.354968920342918,3,factual_recall,medium,long_delay,1.0,0.5959376292835855,23.054504682071883,0.0,0.7648904920556419,2,2,1,medium,Needs Review,Stable Learner
L0083,83,B,Entertainment,15.489685635411643,4,inference,easy,short_delay,1.0,0.7875635401278862,18.12274212944181,0.0,0.7648904920556419,4,2,0,medium,Needs Review,Stable Learner
L0083,83,B,Entertainment,11.496818112294697,5,comprehension,medium,immediate,1.0,0.864643985091144,25.60185124521262,1.0,0.7648904920556419,2,3,2,medium,Needs Review,Stable Learner
L0083,83,B,Cooking,19.397980362458437,6,inference,medium,long_delay,1.0,0.6541307020758144,12.747806810870733,0.0,0.7648904920556419,4,2,1,medium,Needs Review,Stable Learner
L0083,83,B,Entertainment,7.670724428863316,7,reasoning,medium,long_delay,1.0,0.6834706067142123,15.631405686187847,0.0,0.7648904920556419,1,2,0,medium,Needs Review,Stable Learner
L0083,83,B,News,17.95772842777762,8,inference,easy,short_delay,1.0,0.6276553357519846,11.696615281140978,0.0,0.7648904920556419,3,1,2,medium,Needs Review,Stable Learner
L0083,83,B,Entertainment,11.522016268248912,9,reasoning,hard,long_delay,1.0,0.6453563747814901,15.71650584323848,0.0,0.7648904920556419,4,3,1,medium,Needs Review,Stable Learner
L0084,84,B,Sports,15.158819655175186,0,factual_recall,medium,immediate,1.0,0.6997103250871203,15.83825732363351,0.0,0.7076437418963164,3,3,1,medium,Stable Learner,Stable Learner
L0084,84,B,Cooking,16.887003215579153,1,reasoning,easy,short_delay,1.0,0.6597230644336183,21.195860310440146,0.0,0.7076437418963164,0,3,2,medium,Stable Learner,Stable Learner
L0084,84,B,Sports,10.79050300428937,2,inference,medium,immediate,1.0,0.8338465314028525,14.545519299589307,0.0,0.7076437418963164,3,3,1,medium,Stable Learner,Stable Learner
L0084,84,B,Sports,10.085479128462323,3,factual_recall,medium,immediate,1.0,0.714062202849121,15.166232581723309,1.0,0.7076437418963164,0,0,0,medium,Stable Learner,Stable Learner
L0084,84,B,Sports,18.74959790359183,4,comprehension,easy,immediate,1.0,0.7005658920886007,23.607884586484573,0.0,0.7076437418963164,3,2,1,medium,Stable Learner,Stable Learner
L0084,84,B,World,15.041761903429153,5,factual_recall,medium,immediate,1.0,0.7700647082855441,23.109620639776157,1.0,0.7076437418963164,2,3,1,medium,Stable Learner,Stable Learner
L0084,84,B,News,19.381870843185563,6,factual_recall,medium,long_delay,1.0,0.7892871618092713,14.959120965383386,0.0,0.7076437418963164,1,1,1,medium,Stable Learner,Stable Learner
L0084,84,B,Sports,18.252972944346823,7,reasoning,easy,long_delay,1.0,0.75836050942973,12.732242113471916,0.0,0.7076437418963164,4,3,0,medium,Stable Learner,Stable Learner
L0084,84,B,Entertainment,17.093308711622452,8,factual_recall,hard,short_delay,1.0,0.8219463472814954,22.315867501042494,0.0,0.7076437418963164,0,0,2,medium,Stable Learner,Stable Learner
L0084,84,B,World,10.512625175799721,9,comprehension,easy,short_delay,1.0,0.7408682412913788,19.00209178957607,0.0,0.7076437418963164,2,1,1,medium,Stable Learner,Stable Learner
L0085,85,B,Cooking,14.08965887822135,0,factual_recall,medium,immediate,1.0,0.7197984557562882,16.09469423535818,1.0,0.7281817885537349,0,0,1,medium,Needs Review,Stable Learner
L0085,85,B,World,9.670811550050672,1,comprehension,medium,immediate,1.0,0.6148090911980181,20.326396858495997,0.0,0.7281817885537349,3,1,2,medium,Needs Review,Stable Learner
L0085,85,B,Entertainment,17.608646501574167,2,factual_recall,medium,short_delay,1.0,0.6113071500138283,18.764009114708855,0.0,0.7281817885537349,1,1,2,medium,Needs Review,Stable Learner
L0085,85,B,Sports,10.685446499921538,3,reasoning,medium,immediate,1.0,0.7213473293105505,20.35951478091329,0.0,0.7281817885537349,0,1,1,medium,Needs Review,Stable Learner
L0085,85,B,News,5.518574949773472,4,reasoning,easy,immediate,1.0,0.6662288559219434,18.041980957295614,0.0,0.7281817885537349,0,3,0,medium,Needs Review,Stable Learner
L0085,85,B,Cooking,17.092512451340454,5,factual_recall,medium,long_delay,0.0,0.48724788642832534,16.04839654545745,0.0,0.7281817885537349,4,0,2,medium,Needs Review,Stable Learner
L0085,85,B,Cooking,19.655095520239886,6,comprehension,easy,immediate,1.0,0.534444307868791,20.49675871143828,1.0,0.7281817885537349,4,2,0,medium,Needs Review,Stable Learner
L0085,85,B,Entertainment,9.978412097763552,7,reasoning,medium,immediate,1.0,0.5652733508538537,19.5970639587005,0.0,0.7281817885537349,1,1,0,medium,Needs Review,Stable Learner
L0085,85,B,Entertainment,6.422930451667825,8,comprehension,medium,immediate,1.0,0.5917028093886026,16.880476837769955,0.0,0.7281817885537349,1,2,0,medium,Needs Review,Stable Learner
L0085,85,B,Cooking,11.831949502597132,9,comprehension,hard,immediate,1.0,0.7214423329478639,21.35535935430071,1.0,0.7281817885537349,0,1,0,medium,Needs Review,Stable Learner
L0086,86,B,News,11.795391714299624,0,factual_recall,medium,long_delay,1.0,0.7085205926365759,14.28213676680918,0.0,0.8475656687773184,3,3,0,medium,Stable Learner,Stable Learner
L0086,86,B,World,10.62204681226171,1,inference,easy,immediate,1.0,0.6152983378048541,9.959875210985548,0.0,0.8475656687773184,3,2,1,medium,Stable Learner,Stable Learner
L0086,86,B,News,13.332843606587529,2,factual_recall,medium,long_delay,1.0,0.6837722896682239,21.32966813278409,0.0,0.8475656687773184,4,0,0,medium,Stable Learner,Stable Learner
L0086,86,B,Cooking,7.371526834154447,3,reasoning,medium,immediate,1.0,0.7183169022656193,19.41675818879396,0.0,0.8475656687773184,3,1,1,medium,Stable Learner,Stable Learner
L0086,86,B,World,18.27455002123409,4,reasoning,easy,long_delay,1.0,0.8518237241451382,13.471610693492464,0.0,0.8475656687773184,3,2,0,medium,Stable Learner,Stable Learner
L0086,86,B,World,11.365479341524908,5,inference,hard,long_delay,1.0,0.758632366829158,18.208553245069268,0.0,0.8475656687773184,0,2,0,medium,Stable Learner,Stable Learner
L0086,86,B,News,6.5873112905678495,6,reasoning,hard,short_delay,1.0,0.8014556855953944,16.11449581501919,0.0,0.8475656687773184,1,0,2,medium,Stable Learner,Stable Learner
L0086,86,B,Entertainment,7.851385393595274,7,comprehension,easy,immediate,1.0,0.618939260370037,18.599139904656873,0.0,0.8475656687773184,4,1,1,medium,Stable Learner,Stable Learner
L0086,86,B,World,12.34831687989848,8,inference,medium,immediate,1.0,0.6275817093744998,8.27846438237185,1.0,0.8475656687773184,3,2,1,medium,Stable Learner,Stable Learner
L0086,86,B,Cooking,5.22463408904891,9,factual_recall,hard,long_delay,1.0,0.6564620007187011,14.271694634012826,0.0,0.8475656687773184,3,0,2,medium,Stable Learner,Stable Learner
L0087,87,B,Cooking,10.317689842675351,0,factual_recall,easy,short_delay,1.0,0.6081052968130437,24.9637140041766,1.0,0.7721997416866595,3,0,1,medium,Delayed Recall Weakness,Stable Learner
L0087,87,B,Entertainment,13.452182023340903,1,factual_recall,hard,short_delay,1.0,0.6535228229095267,11.787866601457818,0.0,0.7721997416866595,2,1,1,medium,Delayed Recall Weakness,Stable Learner
L0087,87,B,News,8.396527851496643,2,reasoning,medium,short_delay,1.0,0.6381614930384077,14.313235065402386,0.0,0.7721997416866595,4,0,2,medium,Delayed Recall Weakness,Stable Learner
L0087,87,B,Sports,15.16808440346794,3,inference,easy,long_delay,1.0,0.7611759098479359,13.011022970872137,0.0,0.7721997416866595,0,3,1,medium,Delayed Recall Weakness,Stable Learner
L0087,87,B,Cooking,17.027375548240716,4,reasoning,hard,long_delay,1.0,0.668743009303201,17.74043852041071,0.0,0.7721997416866595,3,3,2,medium,Delayed Recall Weakness,Stable Learner
L0087,87,B,Cooking,8.964908364125485,5,inference,medium,short_delay,1.0,0.5889092785800044,23.86394961545522,1.0,0.7721997416866595,3,1,1,medium,Delayed Recall Weakness,Stable Learner
L0087,87,B,Cooking,5.956276046259545,6,reasoning,hard,immediate,1.0,0.6627814838704876,17.899669208646422,0.0,0.7721997416866595,1,0,0,medium,Delayed Recall Weakness,Stable Learner
L0087,87,B,News,18.894249816073597,7,factual_recall,easy,long_delay,1.0,0.731478423696241,7.408174262300045,0.0,0.7721997416866595,3,2,2,medium,Delayed Recall Weakness,Stable Learner
L0087,87,B,Cooking,12.906471337586938,8,reasoning,hard,long_delay,1.0,0.5616278672234719,8.079382864957351,1.0,0.7721997416866595,4,1,0,medium,Delayed Recall Weakness,Stable Learner
L0087,87,B,Cooking,17.25654275499128,9,reasoning,hard,long_delay,1.0,0.515376631103002,13.005176123365418,0.0,0.7721997416866595,4,3,2,medium,Delayed Recall Weakness,Stable Learner
L0088,88,B,World,16.608432876317828,0,reasoning,hard,long_delay,1.0,0.6021825715722134,11.008326106305866,0.0,0.8978579476511577,4,2,2,medium,Needs Review,Stable Learner
L0088,88,B,Entertainment,18.355370024813716,1,inference,medium,long_delay,1.0,0.8280229868971307,17.999133877303255,0.0,0.8978579476511577,4,1,0,medium,Needs Review,Stable Learner
L0088,88,B,World,15.753898189036933,2,factual_recall,easy,short_delay,1.0,0.7325072040862067,14.680071721857173,0.0,0.8978579476511577,1,1,2,medium,Needs Review,Stable Learner
L0088,88,B,Cooking,10.47121520436054,3,comprehension,hard,immediate,1.0,0.7129902881593961,17.444550058789023,0.0,0.8978579476511577,1,1,0,medium,Needs Review,Stable Learner
L0088,88,B,Entertainment,10.93988887070554,4,factual_recall,hard,immediate,1.0,0.6493131687439703,12.730700708229067,1.0,0.8978579476511577,4,2,0,medium,Needs Review,Stable Learner
L0088,88,B,Cooking,7.597956299497927,5,factual_recall,medium,long_delay,1.0,0.7460672913002251,8.95439347659522,0.0,0.8978579476511577,2,2,2,medium,Needs Review,Stable Learner
L0088,88,B,World,8.731392854954589,6,reasoning,hard,long_delay,1.0,0.6784529237163198,23.67536981257138,0.0,0.8978579476511577,1,2,2,medium,Needs Review,Stable Learner
L0088,88,B,News,17.31067526167615,7,inference,easy,long_delay,1.0,0.643078670853119,22.73305705381787,0.0,0.8978579476511577,3,0,2,medium,Needs Review,Stable Learner
L0088,88,B,Entertainment,19.483689523917892,8,inference,medium,immediate,1.0,0.74960047866482,19.418924806309807,0.0,0.8978579476511577,1,3,2,medium,Needs Review,Stable Learner
L0088,88,B,Sports,14.437969082443914,9,comprehension,medium,long_delay,1.0,0.665602789077887,13.060946573128634,0.0,0.8978579476511577,0,0,0,medium,Needs Review,Stable Learner
L0089,89,B,World,12.240554737833454,0,reasoning,medium,immediate,1.0,0.6183642946734889,8.107179281989454,1.0,0.7907203580934328,1,2,0,medium,Needs Review,Stable Learner
L0089,89,B,Cooking,8.765924984169816,1,factual_recall,medium,long_delay,1.0,0.6671241424270331,13.816972377758354,0.0,0.7907203580934328,4,3,0,medium,Needs Review,Stable Learner
L0089,89,B,Entertainment,8.148793449859072,2,comprehension,medium,immediate,1.0,0.579444805910508,16.028283202974492,0.0,0.7907203580934328,2,0,1,medium,Needs Review,Stable Learner
L0089,89,B,Entertainment,6.540415852259639,3,inference,hard,immediate,1.0,0.9145733038961008,19.602072491703055,0.0,0.7907203580934328,4,0,2,medium,Needs Review,Stable Learner
L0089,89,B,News,7.96094615950424,4,factual_recall,medium,immediate,1.0,0.7859118660208185,9.308680078623933,0.0,0.7907203580934328,2,0,0,medium,Needs Review,Stable Learner
L0089,89,B,World,19.435178026260683,5,comprehension,medium,immediate,1.0,0.7073094105631552,16.998153430800357,1.0,0.7907203580934328,1,1,1,medium,Needs Review,Stable Learner
L0089,89,B,Cooking,19.69493677483345,6,reasoning,easy,immediate,1.0,0.7972112927476696,15.071948465761162,1.0,0.7907203580934328,2,1,2,medium,Needs Review,Stable Learner
L0089,89,B,Cooking,6.875960346217433,7,comprehension,medium,immediate,0.0,0.4820747523316223,16.737546549665424,0.0,0.7907203580934328,4,3,0,medium,Needs Review,Stable Learner
L0089,89,B,World,11.099557070900252,8,factual_recall,medium,immediate,0.0,0.42423202621659944,12.401140246232,0.0,0.7907203580934328,4,0,0,medium,Needs Review,Stable Learner
L0089,89,B,Sports,5.9274344104700285,9,reasoning,medium,immediate,1.0,0.6400708938250095,21.9156756993106,0.0,0.7907203580934328,4,3,2,medium,Needs Review,Stable Learner
L0090,90,B,World,13.57853490450225,0,reasoning,hard,immediate,1.0,0.6707641793162121,10.818492900220392,0.0,0.8553105560392277,3,1,1,medium,Needs Review,Stable Learner
L0090,90,B,News,14.621268567701541,1,inference,medium,immediate,1.0,0.5949800366394137,18.797668728816095,0.0,0.8553105560392277,1,1,0,medium,Needs Review,Stable Learner
L0090,90,B,World,13.765886710829202,2,inference,hard,long_delay,1.0,0.6892265600143178,9.869589995343421,0.0,0.8553105560392277,0,2,2,medium,Needs Review,Stable Learner
L0090,90,B,World,18.44570074322182,3,factual_recall,medium,short_delay,1.0,0.5596399785104548,15.196139638808782,0.0,0.8553105560392277,3,3,0,medium,Needs Review,Stable Learner
L0090,90,B,Sports,10.987334449648289,4,factual_recall,medium,immediate,1.0,0.5766504468539594,15.264256549344744,0.0,0.8553105560392277,1,3,1,medium,Needs Review,Stable Learner
L0090,90,B,World,9.362548255190426,5,inference,hard,long_delay,1.0,0.533986647014822,26.639026682132958,0.0,0.8553105560392277,1,3,1,medium,Needs Review,Stable Learner
L0090,90,B,World,9.568945269920613,6,inference,hard,short_delay,1.0,0.57332207624426,18.152126439900826,0.0,0.8553105560392277,2,2,2,medium,Needs Review,Stable Learner
L0090,90,B,News,11.335255530375766,7,comprehension,easy,short_delay,1.0,0.8157337583999806,12.035479928353633,0.0,0.8553105560392277,3,2,0,medium,Needs Review,Stable Learner
L0090,90,B,Cooking,15.670643056287242,8,comprehension,hard,immediate,1.0,0.6066881668717404,18.42524481825257,1.0,0.8553105560392277,3,1,1,medium,Needs Review,Stable Learner
L0090,90,B,Entertainment,16.48202576645008,9,reasoning,easy,long_delay,1.0,0.726622512265148,25.69087235242604,0.0,0.8553105560392277,4,2,2,medium,Needs Review,Stable Learner
L0091,91,B,Cooking,8.882794098858316,0,reasoning,hard,short_delay,1.0,0.5631365114010628,12.764952700440727,1.0,0.8940063466100356,1,2,1,medium,Stable Learner,Stable Learner
L0091,91,B,Sports,6.009407715967333,1,comprehension,medium,long_delay,1.0,0.6511385121230506,8.889978065201035,0.0,0.8940063466100356,1,2,0,medium,Stable Learner,Stable Learner
L0091,91,B,Sports,14.882601041684712,2,comprehension,medium,short_delay,1.0,0.8244250396402379,9.560739812665375,0.0,0.8940063466100356,2,1,2,medium,Stable Learner,Stable Learner
L0091,91,B,Cooking,12.39061770750857,3,reasoning,hard,immediate,0.0,0.49329398191050355,17.01761173726961,0.0,0.8940063466100356,4,2,0,medium,Stable Learner,Stable Learner
L0091,91,B,Cooking,15.571954074273531,4,inference,hard,long_delay,1.0,0.7360457774958805,9.438340426093223,0.0,0.8940063466100356,0,1,1,medium,Stable Learner,Stable Learner
L0091,91,B,Sports,5.084592272337755,5,factual_recall,hard,long_delay,1.0,0.7332176159845154,18.701421668264576,0.0,0.8940063466100356,3,3,1,medium,Stable Learner,Stable Learner
L0091,91,B,Entertainment,5.607905511443937,6,factual_recall,hard,immediate,1.0,0.8769225816822163,11.685169765151233,1.0,0.8940063466100356,1,2,1,medium,Stable Learner,Stable Learner
L0091,91,B,Cooking,16.806122343914495,7,inference,medium,long_delay,1.0,0.5217044580277764,8.934830970756762,1.0,0.8940063466100356,3,2,2,medium,Stable Learner,Stable Learner
L0091,91,B,World,15.363301946469278,8,comprehension,hard,long_delay,1.0,0.8409631057031633,12.360954268200528,0.0,0.8940063466100356,4,1,0,medium,Stable Learner,Stable Learner
L0091,91,B,News,8.207787131839988,9,reasoning,easy,immediate,1.0,0.6240529256851097,16.68353595878153,0.0,0.8940063466100356,2,3,0,medium,Stable Learner,Stable Learner
L0092,92,B,Sports,15.676050940169285,0,inference,medium,immediate,1.0,0.7797384583706368,15.133967215597192,1.0,0.8019107150607746,3,3,1,medium,Stable Learner,Stable Learner
L0092,92,B,World,13.20026317354292,1,comprehension,easy,long_delay,1.0,0.7319070712921814,20.305451288012897,0.0,0.8019107150607746,2,0,0,medium,Stable Learner,Stable Learner
L0092,92,B,World,14.433644283541083,2,reasoning,medium,long_delay,1.0,0.8560881140032304,11.55760544567103,0.0,0.8019107150607746,3,1,0,medium,Stable Learner,Stable Learner
L0092,92,B,World,18.775415156007746,3,reasoning,easy,long_delay,1.0,0.7322327542854598,18.12872271544794,0.0,0.8019107150607746,1,3,2,medium,Stable Learner,Stable Learner
L0092,92,B,Sports,10.88625275325581,4,inference,medium,short_delay,1.0,0.8764635519883087,13.734047273027972,0.0,0.8019107150607746,2,2,1,medium,Stable Learner,Stable Learner
L0092,92,B,Entertainment,15.779876416176826,5,comprehension,easy,long_delay,1.0,0.7701078840237656,22.895015557949442,0.0,0.8019107150607746,0,3,0,medium,Stable Learner,Stable Learner
L0092,92,B,News,18.70313972529484,6,inference,medium,long_delay,0.0,0.49942498742317376,17.193340837085046,0.0,0.8019107150607746,4,0,0,medium,Stable Learner,Stable Learner
L0092,92,B,Cooking,7.808459391347771,7,comprehension,medium,immediate,1.0,0.9411102678387842,19.67971320650783,0.0,0.8019107150607746,1,0,2,medium,Stable Learner,Stable Learner
L0092,92,B,Entertainment,14.692687529151137,8,comprehension,medium,long_delay,1.0,0.6225655891522781,4.179615642634649,1.0,0.8019107150607746,3,2,0,medium,Stable Learner,Stable Learner
L0092,92,B,News,18.617742529437873,9,reasoning,medium,immediate,1.0,0.8295544015201736,14.572136601056874,0.0,0.8019107150607746,2,3,1,medium,Stable Learner,Stable Learner
L0093,93,B,World,14.635711275734453,0,inference,hard,short_delay,1.0,0.5998520599256977,12.210139957269037,0.0,0.7486774052995658,0,0,2,medium,Stable Learner,Stable Learner
L0093,93,B,World,13.202253024076564,1,reasoning,easy,short_delay,1.0,0.6029155373542193,31.469270541840743,0.0,0.7486774052995658,4,0,0,medium,Stable Learner,Stable Learner
L0093,93,B,Sports,13.052426018032214,2,reasoning,easy,short_delay,1.0,0.6261829783451596,17.105066512302763,0.0,0.7486774052995658,3,1,1,medium,Stable Learner,Stable Learner
L0093,93,B,Sports,6.951246363993457,3,comprehension,easy,short_delay,1.0,0.6818825096581047,8.100096670481522,0.0,0.7486774052995658,0,2,2,medium,Stable Learner,Stable Learner
L0093,93,B,Entertainment,12.334401879169272,4,factual_recall,hard,short_delay,1.0,0.6947958465424793,19.213436019886316,0.0,0.7486774052995658,4,2,0,medium,Stable Learner,Stable Learner
L0093,93,B,News,9.141948014789952,5,reasoning,medium,short_delay,1.0,0.6609280122191897,10.449805553994262,0.0,0.7486774052995658,2,2,2,medium,Stable Learner,Stable Learner
L0093,93,B,Entertainment,17.350588870559843,6,inference,medium,immediate,1.0,0.6376680451003481,19.545307539025487,0.0,0.7486774052995658,0,0,2,medium,Stable Learner,Stable Learner
L0093,93,B,News,16.752960374003457,7,reasoning,hard,long_delay,1.0,0.6448596731994519,13.945188603146592,0.0,0.7486774052995658,4,1,0,medium,Stable Learner,Stable Learner
L0093,93,B,News,13.043533025331449,8,inference,easy,long_delay,1.0,0.9307724785506933,12.801020752552963,0.0,0.7486774052995658,1,2,1,medium,Stable Learner,Stable Learner
L0093,93,B,News,6.188293266096461,9,inference,hard,short_delay,1.0,0.6029274848501792,23.045824844137915,0.0,0.7486774052995658,2,1,1,medium,Stable Learner,Stable Learner
L0094,94,B,Sports,8.091367683765661,0,inference,easy,long_delay,1.0,0.5985030693333979,7.604337229291191,1.0,0.7380498666449613,3,1,0,medium,Stable Learner,Stable Learner
L0094,94,B,News,6.584318322663139,1,factual_recall,easy,immediate,1.0,0.808990552676167,7.180982498971645,0.0,0.7380498666449613,1,2,1,medium,Stable Learner,Stable Learner
L0094,94,B,News,7.800888530291484,2,factual_recall,hard,long_delay,1.0,0.7564804271726591,13.142869361526802,0.0,0.7380498666449613,2,0,0,medium,Stable Learner,Stable Learner
L0094,94,B,Cooking,18.934106538070097,3,inference,hard,short_delay,1.0,0.6106695772799576,14.574525147875422,0.0,0.7380498666449613,3,2,2,medium,Stable Learner,Stable Learner
L0094,94,B,Entertainment,5.144945806403723,4,comprehension,medium,short_delay,1.0,0.6839831768223135,10.62349594918842,0.0,0.7380498666449613,4,0,1,medium,Stable Learner,Stable Learner
L0094,94,B,Sports,8.356141903546064,5,reasoning,hard,short_delay,1.0,0.6499884907014987,18.25369713828614,0.0,0.7380498666449613,4,2,2,medium,Stable Learner,Stable Learner
L0094,94,B,World,7.311078936560405,6,factual_recall,hard,immediate,1.0,0.567178929429425,14.672267291085188,0.0,0.7380498666449613,3,2,2,medium,Stable Learner,Stable Learner
L0094,94,B,Entertainment,10.541364271317214,7,factual_recall,medium,short_delay,1.0,0.6977651376621303,17.88442655299325,1.0,0.7380498666449613,2,2,0,medium,Stable Learner,Stable Learner
L0094,94,B,Entertainment,11.275843319952523,8,reasoning,easy,short_delay,1.0,0.6384507335760805,14.085446049061462,0.0,0.7380498666449613,3,3,0,medium,Stable Learner,Stable Learner
L0094,94,B,Cooking,15.967458643148023,9,factual_recall,hard,long_delay,1.0,0.5847463333704315,11.06441182396447,0.0,0.7380498666449613,0,1,1,medium,Stable Learner,Stable Learner
L0095,95,B,News,16.156642748991565,0,inference,hard,immediate,1.0,0.6352580855810324,10.745283880942146,0.0,0.7041858397726098,3,2,1,medium,Low-Engagement,Stable Learner
L0095,95,B,Entertainment,5.360757135099068,1,comprehension,medium,short_delay,1.0,0.8049052167986167,14.033934896209036,0.0,0.7041858397726098,3,2,0,medium,Low-Engagement,Stable Learner
L0095,95,B,Sports,12.987951937774,2,reasoning,medium,long_delay,1.0,0.684276756530796,16.943126370722254,0.0,0.7041858397726098,1,3,2,medium,Low-Engagement,Stable Learner
L0095,95,B,World,14.322776303449253,3,comprehension,medium,immediate,1.0,0.5238402954873471,10.713271237229128,1.0,0.7041858397726098,3,2,1,medium,Low-Engagement,Stable Learner
L0095,95,B,Sports,15.474445918823076,4,comprehension,medium,long_delay,1.0,0.7343989614322619,16.351474733539153,1.0,0.7041858397726098,3,2,0,medium,Low-Engagement,Stable Learner
L0095,95,B,World,15.086552041350178,5,inference,medium,short_delay,1.0,0.6403534117953492,13.875398562470039,1.0,0.7041858397726098,0,3,0,medium,Low-Engagement,Stable Learner
L0095,95,B,Cooking,11.931579877980242,6,reasoning,hard,immediate,1.0,0.8339851486530245,13.774662142033174,0.0,0.7041858397726098,1,0,0,medium,Low-Engagement,Stable Learner
L0095,95,B,Sports,16.70770009364409,7,factual_recall,hard,long_delay,1.0,0.6193813052365866,15.244691963540559,0.0,0.7041858397726098,1,3,0,medium,Low-Engagement,Stable Learner
L0095,95,B,Entertainment,6.306939680707599,8,comprehension,easy,short_delay,1.0,0.7851225973725927,15.356323577892821,0.0,0.7041858397726098,3,0,0,medium,Low-Engagement,Stable Learner
L0095,95,B,Sports,19.42299863811706,9,factual_recall,medium,short_delay,1.0,0.8575698032365715,15.8194038453802,1.0,0.7041858397726098,4,0,0,medium,Low-Engagement,Stable Learner
L0096,96,B,Entertainment,10.389175189943597,0,comprehension,easy,immediate,1.0,0.6438981565273708,17.314334111274526,1.0,0.7917992523546351,4,3,1,medium,Needs Review,Stable Learner
L0096,96,B,World,5.420788343723021,1,factual_recall,easy,long_delay,1.0,0.545724605071749,21.746590242253358,0.0,0.7917992523546351,1,0,0,medium,Needs Review,Stable Learner
L0096,96,B,Entertainment,7.4072660490779345,2,inference,hard,long_delay,1.0,0.7471484895009285,18.239304087432533,0.0,0.7917992523546351,2,2,2,medium,Needs Review,Stable Learner
L0096,96,B,Sports,7.185796426000682,3,factual_recall,hard,long_delay,1.0,0.6236274849102205,18.43433480667428,0.0,0.7917992523546351,3,1,1,medium,Needs Review,Stable Learner
L0096,96,B,News,18.58592345946283,4,reasoning,hard,long_delay,1.0,0.6393620785262931,18.03115102942173,1.0,0.7917992523546351,0,3,0,medium,Needs Review,Stable Learner
L0096,96,B,Entertainment,18.31934874043703,5,factual_recall,easy,short_delay,1.0,0.6337421152712915,8.098786783444185,0.0,0.7917992523546351,3,2,1,medium,Needs Review,Stable Learner
L0096,96,B,Cooking,19.972295009190393,6,factual_recall,easy,long_delay,1.0,0.8035478597464147,10.619405841504308,0.0,0.7917992523546351,0,2,1,medium,Needs Review,Stable Learner
L0096,96,B,Cooking,18.459826537059516,7,comprehension,hard,long_delay,1.0,0.6759083838226608,13.97506303200437,0.0,0.7917992523546351,3,0,0,medium,Needs Review,Stable Learner
L0096,96,B,Sports,18.44843509880462,8,reasoning,medium,long_delay,1.0,0.6879099820545822,11.370679787533872,0.0,0.7917992523546351,0,2,0,medium,Needs Review,Stable Learner
L0096,96,B,Entertainment,11.228957744485752,9,reasoning,medium,long_delay,1.0,0.6359363845613604,9.67731487622001,0.0,0.7917992523546351,4,1,0,medium,Needs Review,Stable Learner
L0097,97,B,Entertainment,8.33668126087512,0,inference,medium,short_delay,1.0,0.5819379189232579,14.452595451964664,1.0,0.8402227549891498,4,0,1,medium,Strong Retention,Stable Learner
L0097,97,B,Sports,16.426424079831246,1,comprehension,hard,long_delay,0.0,0.46137067543730687,20.445685919566806,0.0,0.8402227549891498,3,0,0,medium,Strong Retention,Stable Learner
L0097,97,B,Cooking,11.340626216650744,2,factual_recall,easy,long_delay,1.0,0.7878834914259941,16.05555371810565,0.0,0.8402227549891498,4,2,2,medium,Strong Retention,Stable Learner
L0097,97,B,World,7.180254575126564,3,factual_recall,medium,long_delay,1.0,0.691138506133108,21.237131684118403,0.0,0.8402227549891498,3,1,1,medium,Strong Retention,Stable Learner
L0097,97,B,Cooking,12.67553258560491,4,factual_recall,medium,long_delay,1.0,0.6054802529178538,20.66801179002999,0.0,0.8402227549891498,1,0,2,medium,Strong Retention,Stable Learner
L0097,97,B,World,11.023564307049451,5,reasoning,medium,immediate,1.0,0.7973562343755604,15.038691672108097,0.0,0.8402227549891498,2,1,0,medium,Strong Retention,Stable Learner
L0097,97,B,Cooking,18.67230807852184,6,inference,medium,long_delay,1.0,0.5938441119122191,3.3162931182130584,1.0,0.8402227549891498,1,3,1,medium,Strong Retention,Stable Learner
L0097,97,B,Entertainment,11.77528243708617,7,factual_recall,hard,long_delay,1.0,0.6375844741769058,9.471138523923466,0.0,0.8402227549891498,0,2,2,medium,Strong Retention,Stable Learner
L0097,97,B,Entertainment,15.098300406251267,8,reasoning,medium,short_delay,1.0,0.7324890364316995,18.816670561922447,0.0,0.8402227549891498,2,1,0,medium,Strong Retention,Stable Learner
L0097,97,B,News,11.3568414564352,9,factual_recall,medium,long_delay,1.0,0.5686397168385123,7.248742898573565,0.0,0.8402227549891498,1,1,0,medium,Strong Retention,Stable Learner
L0098,98,B,World,7.280538615418563,0,factual_recall,hard,short_delay,1.0,0.7770058590207604,1.8086096185444567,0.0,0.7181525203875936,4,1,0,medium,Needs Review,Stable Learner
L0098,98,B,Sports,8.613882207847459,1,comprehension,hard,short_delay,1.0,0.5586397221860858,16.887734267829266,0.0,0.7181525203875936,1,2,2,medium,Needs Review,Stable Learner
L0098,98,B,News,6.378007803301691,2,reasoning,easy,short_delay,1.0,0.710097927443816,17.155915630196148,1.0,0.7181525203875936,2,2,2,medium,Needs Review,Stable Learner
L0098,98,B,Cooking,17.243625676224088,3,factual_recall,hard,immediate,1.0,0.6958297037217916,17.377511665759414,0.0,0.7181525203875936,3,2,1,medium,Needs Review,Stable Learner
L0098,98,B,News,14.669240451854884,4,factual_recall,easy,immediate,1.0,0.7760455077471671,12.375337426226604,1.0,0.7181525203875936,2,3,1,medium,Needs Review,Stable Learner
L0098,98,B,World,9.008257447727457,5,comprehension,hard,short_delay,1.0,0.6666868128263069,22.448611261051862,0.0,0.7181525203875936,4,3,1,medium,Needs Review,Stable Learner
L0098,98,B,News,6.806584907172622,6,inference,medium,immediate,1.0,0.7591130967197559,12.70061092131489,0.0,0.7181525203875936,1,1,1,medium,Needs Review,Stable Learner
L0098,98,B,Cooking,10.271639217992993,7,factual_recall,hard,long_delay,1.0,0.6627779861905903,17.10439509836185,0.0,0.7181525203875936,1,2,0,medium,Needs Review,Stable Learner
L0098,98,B,Cooking,5.057958235125623,8,factual_recall,hard,long_delay,1.0,0.7234392526584801,17.973181125020393,1.0,0.7181525203875936,0,1,0,medium,Needs Review,Stable Learner
L0098,98,B,World,15.371263895446228,9,reasoning,easy,immediate,1.0,0.529705891275276,23.59370079874555,0.0,0.7181525203875936,0,3,0,medium,Needs Review,Stable Learner
L0099,99,B,Cooking,10.091378734300124,0,inference,easy,long_delay,1.0,0.5614925956696745,13.022781028430073,0.0,0.7021973733407669,4,0,2,medium,Needs Review,Stable Learner
L0099,99,B,News,13.831805473407362,1,factual_recall,hard,short_delay,1.0,0.87763887368312,19.62649781984788,0.0,0.7021973733407669,1,3,1,medium,Needs Review,Stable Learner
L0099,99,B,Cooking,13.311338684323854,2,reasoning,medium,short_delay,1.0,0.5843016933161886,16.270953382788285,0.0,0.7021973733407669,1,3,2,medium,Needs Review,Stable Learner
L0099,99,B,Cooking,14.723240604070709,3,factual_recall,medium,long_delay,1.0,0.7946106639051748,7.589147505597392,0.0,0.7021973733407669,1,1,0,medium,Needs Review,Stable Learner
L0099,99,B,Cooking,8.10278542552273,4,inference,hard,long_delay,1.0,0.6918420321436521,19.25744063456935,1.0,0.7021973733407669,2,0,1,medium,Needs Review,Stable Learner
L0099,99,B,World,7.7859266448432205,5,comprehension,hard,short_delay,1.0,0.6379879941639829,14.964501190454287,0.0,0.7021973733407669,3,1,0,medium,Needs Review,Stable Learner
L0099,99,B,Cooking,14.054311441723279,6,factual_recall,medium,short_delay,1.0,0.6755171115669794,12.289073657953306,0.0,0.7021973733407669,1,1,0,medium,Needs Review,Stable Learner
L0099,99,B,Entertainment,16.12042059424799,7,reasoning,easy,long_delay,1.0,0.549890550346869,18.733381519544654,0.0,0.7021973733407669,4,1,0,medium,Needs Review,Stable Learner
L0099,99,B,Entertainment,13.99801767241368,8,comprehension,hard,immediate,1.0,0.678624562039077,14.163965815114988,0.0,0.7021973733407669,0,1,0,medium,Needs Review,Stable Learner
L0099,99,B,Cooking,9.295394335359465,9,reasoning,easy,immediate,1.0,0.5717259686104041,9.171693300471436,0.0,0.7021973733407669,3,1,1,medium,Needs Review,Stable Learner
L0100,100,B,Entertainment,8.29018453728465,0,reasoning,easy,long_delay,1.0,0.6667203547059342,13.975288668191824,0.0,0.8659872140562086,2,2,0,medium,Needs Review,Stable Learner
L0100,100,B,Cooking,18.661619595223964,1,reasoning,easy,long_delay,1.0,0.6105486496930228,11.86904815437138,0.0,0.8659872140562086,0,3,1,medium,Needs Review,Stable Learner
L0100,100,B,Entertainment,13.761189383681181,2,factual_recall,easy,immediate,1.0,0.7726107750448544,12.985570214121825,0.0,0.8659872140562086,3,3,2,medium,Needs Review,Stable Learner
L0100,100,B,Sports,10.384589206746409,3,factual_recall,medium,long_delay,1.0,0.8942748539948747,11.250524843098317,0.0,0.8659872140562086,4,1,1,medium,Needs Review,Stable Learner
L0100,100,B,Cooking,7.813866782307184,4,inference,medium,short_delay,1.0,0.7009682634308948,13.564515959022163,0.0,0.8659872140562086,4,3,0,medium,Needs Review,Stable Learner
L0100,100,B,Cooking,10.432605137440106,5,inference,hard,immediate,1.0,0.8033842460865434,17.66116343132457,1.0,0.8659872140562086,0,2,1,medium,Needs Review,Stable Learner
L0100,100,B,Cooking,18.507211197588813,6,inference,hard,long_delay,1.0,0.783607795057479,14.402540447800021,0.0,0.8659872140562086,3,3,1,medium,Needs Review,Stable Learner
L0100,100,B,News,18.946497494412323,7,reasoning,medium,short_delay,1.0,0.6194360248341667,5.678134011223071,0.0,0.8659872140562086,3,2,1,medium,Needs Review,Stable Learner
L0100,100,B,World,13.63878914484149,8,inference,easy,long_delay,1.0,0.6826634180476233,11.269397175507569,1.0,0.8659872140562086,0,0,0,medium,Needs Review,Stable Learner
L0100,100,B,News,11.605652023771805,9,comprehension,easy,immediate,1.0,0.5517455370296013,7.403003237208738,0.0,0.8659872140562086,3,3,0,medium,Needs Review,Stable Learner
L0101,101,B,Entertainment,17.726850171726635,0,factual_recall,hard,immediate,0.0,0.4331469875428364,16.557146869000324,0.0,0.815176591073171,1,0,1,medium,Needs Review,Stable Learner
L0101,101,B,Entertainment,7.250356956647252,1,reasoning,medium,long_delay,1.0,0.6573153273301543,13.584814095645081,0.0,0.815176591073171,0,0,2,medium,Needs Review,Stable Learner
L0101,101,B,Entertainment,17.58324142946432,2,inference,medium,long_delay,1.0,0.7654242985318492,17.62660484026526,1.0,0.815176591073171,2,3,1,medium,Needs Review,Stable Learner
L0101,101,B,Cooking,10.975223126654699,3,comprehension,hard,short_delay,1.0,0.7422295306058376,16.11862079163102,0.0,0.815176591073171,4,1,2,medium,Needs Review,Stable Learner
L0101,101,B,Entertainment,8.029832449120706,4,inference,hard,long_delay,1.0,0.5501589521038059,12.291728703005523,1.0,0.815176591073171,3,3,2,medium,Needs Review,Stable Learner
L0101,101,B,Entertainment,17.85920399524227,5,comprehension,medium,long_delay,1.0,0.5630335603906483,5.319053198702549,0.0,0.815176591073171,4,1,0,medium,Needs Review,Stable Learner
L0101,101,B,Sports,5.83255443555709,6,inference,easy,short_delay,1.0,0.6111327959677365,15.667065407854114,0.0,0.815176591073171,1,0,1,medium,Needs Review,Stable Learner
L0101,101,B,Cooking,8.483692369887049,7,factual_recall,hard,long_delay,1.0,0.6986215862358135,10.23462317385011,0.0,0.815176591073171,2,0,2,medium,Needs Review,Stable Learner
L0101,101,B,World,5.389663399198412,8,reasoning,hard,long_delay,0.0,0.4768066809956297,12.108286875692274,1.0,0.815176591073171,0,2,1,medium,Needs Review,Stable Learner
L0101,101,B,Cooking,17.23014094593819,9,reasoning,hard,immediate,1.0,0.6786776424151443,17.395621089815428,0.0,0.815176591073171,2,1,2,medium,Needs Review,Stable Learner
L0102,102,B,Cooking,8.139714551310345,0,inference,hard,long_delay,1.0,0.6816762457261948,25.346855758144443,1.0,0.8914257479453576,1,3,0,medium,Needs Review,Stable Learner
L0102,102,B,Cooking,15.382758479659893,1,inference,medium,short_delay,1.0,0.7795765831663531,25.610987521361224,0.0,0.8914257479453576,3,3,2,medium,Needs Review,Stable Learner
L0102,102,B,Entertainment,19.038930670714688,2,factual_recall,easy,short_delay,1.0,0.6953797680536202,16.410359981136498,0.0,0.8914257479453576,0,2,1,medium,Needs Review,Stable Learner
L0102,102,B,Sports,15.644412367456788,3,factual_recall,hard,immediate,1.0,0.8387429328141148,17.763005901773084,0.0,0.8914257479453576,3,0,0,medium,Needs Review,Stable Learner
L0102,102,B,News,16.339061254271225,4,factual_recall,medium,long_delay,1.0,0.5737892891242894,20.958357178123187,1.0,0.8914257479453576,1,0,0,medium,Needs Review,Stable Learner
L0102,102,B,News,11.194152953493589,5,inference,easy,immediate,1.0,0.679178501958351,9.064013005163167,0.0,0.8914257479453576,4,0,1,medium,Needs Review,Stable Learner
L0102,102,B,News,8.406316719391569,6,factual_recall,medium,short_delay,1.0,0.7473161605041468,8.439999927111048,1.0,0.8914257479453576,3,3,0,medium,Needs Review,Stable Learner
L0102,102,B,Cooking,5.132358887067293,7,inference,easy,short_delay,1.0,0.6609588242989956,21.282094569288173,0.0,0.8914257479453576,4,2,2,medium,Needs Review,Stable Learner
L0102,102,B,Entertainment,14.228961317657802,8,comprehension,easy,immediate,1.0,0.795221899665267,16.369942364365,0.0,0.8914257479453576,3,2,2,medium,Needs Review,Stable Learner
L0102,102,B,News,17.279922854639867,9,inference,hard,immediate,1.0,0.636796046048922,13.867473770101052,0.0,0.8914257479453576,0,2,1,medium,Needs Review,Stable Learner
L0103,103,B,World,7.930624959589468,0,factual_recall,hard,long_delay,1.0,0.658424437665218,9.357821818476395,0.0,0.8436840493989063,0,1,1,medium,Needs Review,Stable Learner
L0103,103,B,Cooking,15.477715518017309,1,comprehension,medium,long_delay,1.0,0.8838773688817886,2.3178499752599735,0.0,0.8436840493989063,2,3,1,medium,Needs Review,Stable Learner
L0103,103,B,World,17.004254249681278,2,inference,easy,long_delay,1.0,0.6273794361205866,17.976934269894013,1.0,0.8436840493989063,4,1,0,medium,Needs Review,Stable Learner
L0103,103,B,Cooking,13.307287124810887,3,comprehension,easy,short_delay,1.0,0.7645984179756793,13.690864034321272,0.0,0.8436840493989063,3,1,0,medium,Needs Review,Stable Learner
L0103,103,B,News,8.889380140342196,4,reasoning,medium,immediate,1.0,0.7882197330599305,14.18924789512359,0.0,0.8436840493989063,3,1,2,medium,Needs Review,Stable Learner
L0103,103,B,Entertainment,13.753479828500947,5,inference,easy,long_delay,1.0,0.6278664167797997,6.542779511490734,0.0,0.8436840493989063,1,0,2,medium,Needs Review,Stable Learner
L0103,103,B,World,12.692342618013912,6,comprehension,easy,short_delay,1.0,0.6057079232090965,9.509488234553368,0.0,0.8436840493989063,3,2,1,medium,Needs Review,Stable Learner
L0103,103,B,World,14.358709101421514,7,reasoning,hard,immediate,1.0,0.7541366530930905,12.610205437162168,0.0,0.8436840493989063,4,2,0,medium,Needs Review,Stable Learner
L0103,103,B,Entertainment,10.17161203872756,8,comprehension,hard,short_delay,1.0,0.7374891917913932,11.638371999260896,0.0,0.8436840493989063,2,2,0,medium,Needs Review,Stable Learner
L0103,103,B,Sports,8.335177716706484,9,inference,medium,short_delay,1.0,0.5389389899289074,15.589180377588155,0.0,0.8436840493989063,3,3,2,medium,Needs Review,Stable Learner
L0104,104,B,News,8.887197735653077,0,inference,hard,short_delay,1.0,0.8529712790749236,14.637065263463917,0.0,0.7694971249901429,4,1,2,medium,Stable Learner,Stable Learner
L0104,104,B,Sports,10.966423378734122,1,factual_recall,medium,long_delay,1.0,0.6188404191620882,14.657112654706575,1.0,0.7694971249901429,3,1,2,medium,Stable Learner,Stable Learner
L0104,104,B,Entertainment,19.599900860813978,2,reasoning,hard,long_delay,1.0,0.7564096039351711,14.549948705381903,0.0,0.7694971249901429,4,2,0,medium,Stable Learner,Stable Learner
L0104,104,B,Sports,5.943810588490712,3,factual_recall,hard,immediate,1.0,0.728911433624305,13.161501893768362,0.0,0.7694971249901429,2,0,1,medium,Stable Learner,Stable Learner
L0104,104,B,Entertainment,9.658705738659782,4,inference,hard,long_delay,1.0,0.5731417927317631,15.699170475074908,0.0,0.7694971249901429,1,1,0,medium,Stable Learner,Stable Learner
L0104,104,B,World,9.019503116852038,5,reasoning,easy,long_delay,1.0,0.7013809704637333,11.780428938181098,0.0,0.7694971249901429,3,0,0,medium,Stable Learner,Stable Learner
L0104,104,B,News,14.83332668583299,6,inference,easy,immediate,1.0,0.6807365937850374,28.284047457349995,0.0,0.7694971249901429,2,0,1,medium,Stable Learner,Stable Learner
L0104,104,B,World,14.117868692748363,7,inference,hard,immediate,1.0,0.5946807823723156,7.953333772673421,0.0,0.7694971249901429,0,3,2,medium,Stable Learner,Stable Learner
L0104,104,B,Sports,15.026328744970257,8,factual_recall,hard,short_delay,1.0,0.7158002434194127,12.076319613827705,0.0,0.7694971249901429,4,0,0,medium,Stable Learner,Stable Learner
L0104,104,B,World,19.91897493662723,9,reasoning,medium,immediate,1.0,0.6946289546108518,12.471289477115297,1.0,0.7694971249901429,4,1,0,medium,Stable Learner,Stable Learner
L0105,105,B,News,10.900159886004733,0,factual_recall,easy,short_delay,1.0,0.7355394907442315,17.719536012957064,1.0,0.7972083387537171,2,0,1,medium,Stable Learner,Stable Learner
L0105,105,B,News,11.016518858302174,1,reasoning,hard,immediate,1.0,0.6484346291159386,16.642921707618214,0.0,0.7972083387537171,1,2,0,medium,Stable Learner,Stable Learner
L0105,105,B,World,19.23695249114914,2,factual_recall,easy,short_delay,1.0,0.6915812682922093,11.831839575274271,0.0,0.7972083387537171,3,0,1,medium,Stable Learner,Stable Learner
L0105,105,B,Entertainment,11.225912024242174,3,inference,hard,immediate,1.0,0.6167629613584178,17.128319063183824,0.0,0.7972083387537171,1,3,0,medium,Stable Learner,Stable Learner
L0105,105,B,News,15.571885139194123,4,reasoning,easy,short_delay,1.0,0.8063483344182314,9.573609701690325,0.0,0.7972083387537171,4,0,1,medium,Stable Learner,Stable Learner
L0105,105,B,Cooking,16.28522784947578,5,inference,easy,short_delay,1.0,0.8321559409502203,18.17031178039516,0.0,0.7972083387537171,3,1,2,medium,Stable Learner,Stable Learner
L0105,105,B,Entertainment,19.555042870692418,6,reasoning,hard,long_delay,1.0,0.8179912800697073,21.894433498031052,0.0,0.7972083387537171,1,1,0,medium,Stable Learner,Stable Learner
L0105,105,B,News,9.624572101176149,7,inference,easy,short_delay,1.0,0.6391891238322138,23.155227719539763,0.0,0.7972083387537171,2,1,2,medium,Stable Learner,Stable Learner
L0105,105,B,News,9.587437334972401,8,inference,hard,short_delay,1.0,0.5846225960634913,18.54262027054908,0.0,0.7972083387537171,4,0,0,medium,Stable Learner,Stable Learner
L0105,105,B,Cooking,5.950519700760933,9,inference,hard,short_delay,1.0,0.8076973660750164,8.089892251894392,0.0,0.7972083387537171,4,3,0,medium,Stable Learner,Stable Learner
L0106,106,B,News,7.576935401200032,0,comprehension,hard,long_delay,1.0,0.6112192482989552,22.549431272885517,1.0,0.8488071611412861,2,1,1,medium,Strong Retention,Stable Learner
L0106,106,B,Sports,13.304851134470848,1,inference,hard,long_delay,1.0,0.5983476163274641,17.845682209337607,0.0,0.8488071611412861,0,1,2,medium,Strong Retention,Stable Learner
L0106,106,B,Cooking,6.755739062714356,2,reasoning,easy,short_delay,1.0,0.65899442270018,20.29290526867189,0.0,0.8488071611412861,2,2,0,medium,Strong Retention,Stable Learner
L0106,106,B,Sports,11.079041886449037,3,reasoning,medium,short_delay,1.0,0.5504960323168601,17.385387954651055,0.0,0.8488071611412861,2,0,2,medium,Strong Retention,Stable Learner
L0106,106,B,News,11.137104976540606,4,inference,medium,short_delay,1.0,0.5838306001246404,19.89964554848594,1.0,0.8488071611412861,3,1,0,medium,Strong Retention,Stable Learner
L0106,106,B,Cooking,6.624840113568375,5,inference,easy,short_delay,1.0,0.7444734291509046,8.564414217161126,0.0,0.8488071611412861,0,1,1,medium,Strong Retention,Stable Learner
L0106,106,B,News,13.740964350214696,6,inference,medium,short_delay,1.0,0.7449349114224157,14.391277714445433,0.0,0.8488071611412861,2,2,0,medium,Strong Retention,Stable Learner
L0106,106,B,Entertainment,11.524301949356014,7,reasoning,medium,immediate,1.0,0.5750425173465045,14.805086158862352,0.0,0.8488071611412861,3,1,0,medium,Strong Retention,Stable Learner
L0106,106,B,News,13.209917183265521,8,factual_recall,hard,long_delay,1.0,0.7476121935300075,13.781250265323589,1.0,0.8488071611412861,4,3,2,medium,Strong Retention,Stable Learner
L0106,106,B,Entertainment,12.556829189757021,9,factual_recall,easy,long_delay,1.0,0.7254303305739807,17.21943315158363,0.0,0.8488071611412861,2,2,2,medium,Strong Retention,Stable Learner
L0107,107,B,Sports,19.06298667218807,0,inference,easy,immediate,1.0,0.5676377730450015,9.501646459955955,0.0,0.7518428456940394,3,3,2,medium,Needs Review,Stable Learner
L0107,107,B,Sports,9.822395045807808,1,reasoning,medium,long_delay,1.0,0.6875804557959253,9.499949231252717,0.0,0.7518428456940394,4,3,0,medium,Needs Review,Stable Learner
L0107,107,B,News,15.200714743539057,2,reasoning,easy,immediate,1.0,0.5883764998921275,19.183780156104437,0.0,0.7518428456940394,1,3,2,medium,Needs Review,Stable Learner
L0107,107,B,World,6.364022316154679,3,inference,easy,immediate,1.0,0.8068945141433126,17.6253205499197,1.0,0.7518428456940394,4,2,0,medium,Needs Review,Stable Learner
L0107,107,B,Cooking,19.282888045938503,4,comprehension,easy,long_delay,1.0,0.68005302075331,8.730852287735443,1.0,0.7518428456940394,2,2,2,medium,Needs Review,Stable Learner
L0107,107,B,Cooking,18.788490444541555,5,reasoning,medium,short_delay,1.0,0.6648323376906713,11.904319785293318,0.0,0.7518428456940394,3,1,2,medium,Needs Review,Stable Learner
L0107,107,B,Sports,12.555153305565163,6,factual_recall,easy,short_delay,1.0,0.7391801018931008,10.4813422202684,0.0,0.7518428456940394,0,2,2,medium,Needs Review,Stable Learner
L0107,107,B,Cooking,10.412478216773778,7,reasoning,medium,immediate,1.0,0.5795052560799707,23.881596490202902,0.0,0.7518428456940394,4,3,1,medium,Needs Review,Stable Learner
L0107,107,B,Entertainment,9.245289826607737,8,comprehension,medium,immediate,1.0,0.5510846344671486,19.53005213785304,0.0,0.7518428456940394,2,3,1,medium,Needs Review,Stable Learner
L0107,107,B,Cooking,9.204658145526997,9,inference,hard,immediate,1.0,0.7208351579441638,12.89577576997363,0.0,0.7518428456940394,0,3,0,medium,Needs Review,Stable Learner
L0108,108,B,News,18.930598923311557,0,factual_recall,easy,immediate,1.0,0.6426197381187025,12.909626855094272,0.0,0.7628524490562298,4,2,0,medium,Stable Learner,Stable Learner
L0108,108,B,News,14.262483977277508,1,comprehension,medium,long_delay,1.0,0.6620142755706723,15.893059204473916,0.0,0.7628524490562298,4,1,1,medium,Stable Learner,Stable Learner
L0108,108,B,Sports,17.50999941392606,2,comprehension,easy,long_delay,1.0,0.7524475450165213,18.03296578779714,0.0,0.7628524490562298,1,2,2,medium,Stable Learner,Stable Learner
L0108,108,B,Entertainment,8.970728265341103,3,factual_recall,medium,short_delay,1.0,0.7640727428170419,10.63020574938559,0.0,0.7628524490562298,0,3,0,medium,Stable Learner,Stable Learner
L0108,108,B,World,16.08852945623988,4,inference,medium,immediate,1.0,0.5793758350328773,14.635714722865274,0.0,0.7628524490562298,4,0,0,medium,Stable Learner,Stable Learner
L0108,108,B,World,6.682814990901991,5,comprehension,easy,immediate,1.0,0.756234255943145,13.667075576884313,0.0,0.7628524490562298,0,2,0,medium,Stable Learner,Stable Learner
L0108,108,B,Sports,19.61268307398144,6,reasoning,hard,short_delay,1.0,0.6149278769243771,12.430932582970135,0.0,0.7628524490562298,2,2,2,medium,Stable Learner,Stable Learner
L0108,108,B,Entertainment,13.26620153118824,7,inference,hard,long_delay,1.0,0.7268921651841054,12.801384992583802,0.0,0.7628524490562298,3,1,1,medium,Stable Learner,Stable Learner
L0108,108,B,Sports,16.987465431173767,8,factual_recall,medium,long_delay,1.0,0.6608034257537513,20.56007299068397,0.0,0.7628524490562298,1,3,2,medium,Stable Learner,Stable Learner
L0108,108,B,News,15.165105990658105,9,inference,hard,short_delay,1.0,0.8365788549238985,12.007246326198334,0.0,0.7628524490562298,1,3,2,medium,Stable Learner,Stable Learner
L0109,109,B,Sports,6.154816587995134,0,reasoning,easy,long_delay,1.0,0.888359824409967,16.466604358427542,1.0,0.923855392798281,4,2,2,medium,Delayed Recall Weakness,Stable Learner
L0109,109,B,Entertainment,11.403710026033416,1,comprehension,medium,long_delay,1.0,0.6892726205223954,10.115559318062793,0.0,0.923855392798281,2,3,0,medium,Delayed Recall Weakness,Stable Learner
L0109,109,B,Sports,19.818412603435604,2,reasoning,medium,short_delay,1.0,0.5976171234093489,17.25864672811758,0.0,0.923855392798281,3,1,2,medium,Delayed Recall Weakness,Stable Learner
L0109,109,B,Sports,16.1781404285035,3,factual_recall,easy,long_delay,1.0,0.6501551074509894,12.64210520175409,1.0,0.923855392798281,0,1,0,medium,Delayed Recall Weakness,Stable Learner
L0109,109,B,News,14.642153814330761,4,factual_recall,hard,immediate,1.0,0.7673574202486364,15.63683652324115,0.0,0.923855392798281,3,0,2,medium,Delayed Recall Weakness,Stable Learner
L0109,109,B,Entertainment,13.566741528082385,5,reasoning,hard,long_delay,1.0,0.6285610980177955,21.919812830842794,0.0,0.923855392798281,0,3,2,medium,Delayed Recall Weakness,Stable Learner
L0109,109,B,News,14.015754718031618,6,inference,easy,immediate,1.0,0.7037633867041689,14.159039773865238,0.0,0.923855392798281,3,2,2,medium,Delayed Recall Weakness,Stable Learner
L0109,109,B,Sports,5.739316195785821,7,inference,easy,short_delay,1.0,0.6787243949518751,19.599021700959963,0.0,0.923855392798281,4,1,1,medium,Delayed Recall Weakness,Stable Learner
L0109,109,B,World,12.629890152841874,8,inference,easy,short_delay,1.0,0.6231187329917143,6.039835720580857,1.0,0.923855392798281,1,0,2,medium,Delayed Recall Weakness,Stable Learner
L0109,109,B,Entertainment,6.617207675456304,9,comprehension,medium,short_delay,1.0,0.6273807254008129,12.648184931797026,0.0,0.923855392798281,1,2,1,medium,Delayed Recall Weakness,Stable Learner
L0110,110,B,News,19.78241188663377,0,reasoning,medium,immediate,1.0,0.7650613589569129,18.83724604372216,0.0,0.8047518230038893,1,0,1,medium,Needs Review,Stable Learner
L0110,110,B,Entertainment,16.661527400261953,1,comprehension,hard,long_delay,1.0,0.754922089691092,21.978860764061256,0.0,0.8047518230038893,3,2,2,medium,Needs Review,Stable Learner
L0110,110,B,News,14.123328462177605,2,comprehension,medium,long_delay,1.0,0.569074094409549,18.640342627158624,0.0,0.8047518230038893,1,3,1,medium,Needs Review,Stable Learner
L0110,110,B,Sports,6.911461414078079,3,reasoning,hard,long_delay,1.0,0.7776982730678632,8.361558612807157,1.0,0.8047518230038893,1,0,0,medium,Needs Review,Stable Learner
L0110,110,B,News,12.589867007162901,4,inference,medium,immediate,1.0,0.6711226320622448,25.04903874485564,0.0,0.8047518230038893,0,0,2,medium,Needs Review,Stable Learner
L0110,110,B,News,16.88934905840442,5,factual_recall,medium,immediate,1.0,0.5813008644322463,20.328284447400215,0.0,0.8047518230038893,0,1,1,medium,Needs Review,Stable Learner
L0110,110,B,Cooking,6.693223297705799,6,comprehension,medium,immediate,1.0,0.8136384737431922,12.452378973636177,0.0,0.8047518230038893,1,2,1,medium,Needs Review,Stable Learner
L0110,110,B,Sports,10.155066219271506,7,reasoning,medium,immediate,1.0,0.8263278996737954,9.851874638212951,0.0,0.8047518230038893,2,2,0,medium,Needs Review,Stable Learner
L0110,110,B,Cooking,5.531880904234084,8,comprehension,easy,short_delay,1.0,0.7063746982340661,17.524067152020418,0.0,0.8047518230038893,3,2,1,medium,Needs Review,Stable Learner
L0110,110,B,News,16.80470174546638,9,comprehension,hard,short_delay,1.0,0.7508793601905236,13.608699808162104,1.0,0.8047518230038893,0,2,0,medium,Needs Review,Stable Learner
L0111,111,B,Entertainment,15.840414803892946,0,factual_recall,medium,short_delay,1.0,0.6183362860075534,12.79210932326002,0.0,0.7543237599426925,4,3,0,medium,Needs Review,Stable Learner
L0111,111,B,World,7.059407553145981,1,inference,easy,immediate,1.0,0.7726670164775941,22.75535702327847,1.0,0.7543237599426925,1,1,0,medium,Needs Review,Stable Learner
L0111,111,B,News,7.895498171744184,2,reasoning,hard,short_delay,0.0,0.48970984379066884,13.378863750374041,0.0,0.7543237599426925,0,0,2,medium,Needs Review,Stable Learner
L0111,111,B,Sports,14.982809689195351,3,inference,medium,long_delay,0.0,0.4814201009289029,14.73407424141461,1.0,0.7543237599426925,2,0,2,medium,Needs Review,Stable Learner
L0111,111,B,World,13.476016748813194,4,inference,medium,immediate,1.0,0.6803285784449092,27.37709069798971,0.0,0.7543237599426925,4,0,0,medium,Needs Review,Stable Learner
L0111,111,B,World,15.188523691227074,5,reasoning,hard,immediate,1.0,0.6896127189392306,14.026198866346565,0.0,0.7543237599426925,3,0,0,medium,Needs Review,Stable Learner
L0111,111,B,Cooking,16.971206564290483,6,reasoning,easy,long_delay,1.0,0.7204215136018974,17.780784325995455,0.0,0.7543237599426925,0,0,0,medium,Needs Review,Stable Learner
L0111,111,B,Cooking,7.3565285410768,7,factual_recall,hard,immediate,1.0,0.6261026491720907,18.231547166931765,0.0,0.7543237599426925,1,1,2,medium,Needs Review,Stable Learner
L0111,111,B,News,14.240809143178124,8,comprehension,easy,short_delay,1.0,0.5882076194907668,18.657008218591074,0.0,0.7543237599426925,2,1,2,medium,Needs Review,Stable Learner
L0111,111,B,World,18.28056347371176,9,comprehension,hard,immediate,1.0,0.6792683867305053,16.447436327056263,0.0,0.7543237599426925,1,2,2,medium,Needs Review,Stable Learner
L0112,112,C,Cooking,7.679429284193634,0,inference,hard,long_delay,1.0,0.7340886764239,17.304494174611055,0.0,0.842352710078338,0,0,1,low,Delayed Recall Weakness,Delayed Recall Weakness
L0112,112,C,Cooking,6.352954355121834,1,factual_recall,medium,long_delay,1.0,0.8062656553391145,11.775896437109482,0.0,0.842352710078338,1,1,0,low,Delayed Recall Weakness,Delayed Recall Weakness
L0112,112,C,Cooking,15.967969994342628,2,factual_recall,hard,immediate,1.0,0.7837737629072,13.762389077309297,0.0,0.842352710078338,2,2,0,low,Delayed Recall Weakness,Delayed Recall Weakness
L0112,112,C,News,7.060946739729148,3,reasoning,easy,long_delay,1.0,0.7886823125104092,18.647626252186345,0.0,0.842352710078338,2,1,2,low,Delayed Recall Weakness,Delayed Recall Weakness
L0112,112,C,News,17.140271795273677,4,factual_recall,easy,short_delay,1.0,0.7860224375915089,9.588957290930573,0.0,0.842352710078338,3,3,0,low,Delayed Recall Weakness,Delayed Recall Weakness
L0112,112,C,World,10.86439711952337,5,comprehension,easy,immediate,1.0,0.8017925792791271,21.218808785023775,0.0,0.842352710078338,0,2,1,low,Delayed Recall Weakness,Delayed Recall Weakness
L0112,112,C,Sports,7.763530678130461,6,factual_recall,easy,long_delay,1.0,0.843210477356658,8.643380101041698,0.0,0.842352710078338,0,3,2,low,Delayed Recall Weakness,Delayed Recall Weakness
L0112,112,C,Sports,8.103243963516006,7,factual_recall,easy,long_delay,1.0,0.8119464820881906,12.618541555181054,0.0,0.842352710078338,1,3,2,low,Delayed Recall Weakness,Delayed Recall Weakness
L0112,112,C,Cooking,6.0133014759900485,8,factual_recall,medium,short_delay,1.0,0.7772518546716354,10.199240012495952,0.0,0.842352710078338,1,0,2,low,Delayed Recall Weakness,Delayed Recall Weakness
L0112,112,C,Cooking,11.052802134549754,9,reasoning,medium,long_delay,1.0,0.8321398623843826,22.75170798747751,0.0,0.842352710078338,2,0,2,low,Delayed Recall Weakness,Delayed Recall Weakness
L0113,113,C,News,11.643295553054399,0,inference,hard,immediate,1.0,0.7671634727168789,8.586924429157893,0.0,0.9058952094089067,4,1,0,low,Delayed Recall Weakness,Delayed Recall Weakness
L0113,113,C,Cooking,14.30966575490506,1,factual_recall,medium,long_delay,1.0,0.8028962111407861,14.884918168002491,0.0,0.9058952094089067,2,3,0,low,Delayed Recall Weakness,Delayed Recall Weakness
L0113,113,C,Entertainment,8.291843506543195,2,factual_recall,easy,long_delay,1.0,0.8600559985342462,14.611482844480006,0.0,0.9058952094089067,4,2,1,low,Delayed Recall Weakness,Delayed Recall Weakness
L0113,113,C,Cooking,16.208417705492717,3,reasoning,easy,immediate,1.0,0.806474018660173,16.783423024107112,0.0,0.9058952094089067,1,2,1,low,Delayed Recall Weakness,Delayed Recall Weakness
L0113,113,C,Entertainment,16.230972165655082,4,reasoning,hard,long_delay,1.0,0.9206335533787894,19.586681887792764,0.0,0.9058952094089067,4,1,2,low,Delayed Recall Weakness,Delayed Recall Weakness
L0113,113,C,Sports,14.157728398705942,5,inference,easy,immediate,1.0,0.8901589001824898,13.894922281312127,0.0,0.9058952094089067,0,2,2,low,Delayed Recall Weakness,Delayed Recall Weakness
L0113,113,C,Entertainment,19.377493295361916,6,inference,hard,immediate,1.0,0.7905148677622853,23.121665247692782,0.0,0.9058952094089067,4,0,1,low,Delayed Recall Weakness,Delayed Recall Weakness
L0113,113,C,Cooking,19.004134444873717,7,factual_recall,easy,immediate,1.0,0.7841563063420177,14.929805780879615,0.0,0.9058952094089067,0,1,0,low,Delayed Recall Weakness,Delayed Recall Weakness
L0113,113,C,Sports,16.788898007503086,8,inference,medium,long_delay,1.0,0.5719740715838909,8.759134425133468,0.0,0.9058952094089067,4,0,2,low,Delayed Recall Weakness,Delayed Recall Weakness
L0113,113,C,Entertainment,11.729432126925307,9,reasoning,easy,immediate,1.0,0.773879824248758,11.75171249955952,0.0,0.9058952094089067,1,0,1,low,Delayed Recall Weakness,Delayed Recall Weakness
L0114,114,C,World,9.214670777446024,0,factual_recall,hard,long_delay,1.0,0.6288796221142455,12.080390369300156,0.0,0.8409509024424214,0,0,0,low,Needs Review,Delayed Recall Weakness
L0114,114,C,Sports,18.230743272555557,1,inference,easy,long_delay,1.0,0.9126424583924493,14.220957037155467,1.0,0.8409509024424214,0,3,1,low,Needs Review,Delayed Recall Weakness
L0114,114,C,News,19.000910909925917,2,reasoning,easy,long_delay,1.0,0.8294162583343772,18.858735395571728,0.0,0.8409509024424214,1,1,0,low,Needs Review,Delayed Recall Weakness
L0114,114,C,World,14.634176062385965,3,factual_recall,hard,immediate,1.0,0.7976031161280703,12.616193479333823,0.0,0.8409509024424214,1,0,1,low,Needs Review,Delayed Recall Weakness
L0114,114,C,Cooking,5.133202898996733,4,comprehension,hard,long_delay,1.0,0.6247811344585738,11.239580367791467,0.0,0.8409509024424214,4,0,2,low,Needs Review,Delayed Recall Weakness
L0114,114,C,Cooking,15.4401122331503,5,factual_recall,easy,long_delay,1.0,0.654090331598368,19.672282216499056,0.0,0.8409509024424214,2,3,2,low,Needs Review,Delayed Recall Weakness
L0114,114,C,News,9.488451509024847,6,inference,easy,long_delay,1.0,0.7998126889450434,14.182231284454382,0.0,0.8409509024424214,0,3,0,low,Needs Review,Delayed Recall Weakness
L0114,114,C,Entertainment,10.878882608691967,7,factual_recall,hard,long_delay,1.0,0.9576391972387182,18.364820362344652,0.0,0.8409509024424214,4,2,0,low,Needs Review,Delayed Recall Weakness
L0114,114,C,Sports,18.629290546319584,8,inference,medium,short_delay,1.0,0.7441084643301535,11.259004426461253,0.0,0.8409509024424214,4,2,0,low,Needs Review,Delayed Recall Weakness
L0114,114,C,Cooking,16.41395828295539,9,comprehension,hard,long_delay,1.0,0.8691038411529951,19.6266968358439,0.0,0.8409509024424214,0,2,0,low,Needs Review,Delayed Recall Weakness
L0115,115,C,News,7.926205986817697,0,inference,medium,short_delay,1.0,0.7919661033745722,19.72498631716006,0.0,0.866146534648073,1,1,0,low,Delayed Recall Weakness,Delayed Recall Weakness
L0115,115,C,Cooking,15.133407607374505,1,comprehension,medium,short_delay,1.0,0.8609173132151193,9.37151578339061,0.0,0.866146534648073,1,0,0,low,Delayed Recall Weakness,Delayed Recall Weakness
L0115,115,C,Entertainment,15.153113505092158,2,factual_recall,easy,long_delay,1.0,0.7091363130488082,7.39924043213847,0.0,0.866146534648073,2,0,1,low,Delayed Recall Weakness,Delayed Recall Weakness
L0115,115,C,World,15.322217023114332,3,factual_recall,easy,long_delay,1.0,0.8163334293962019,14.533408566385262,0.0,0.866146534648073,1,3,1,low,Delayed Recall Weakness,Delayed Recall Weakness
L0115,115,C,Cooking,6.761253323126197,4,reasoning,hard,immediate,1.0,0.8559607845166997,12.345188079916708,0.0,0.866146534648073,4,0,0,low,Delayed Recall Weakness,Delayed Recall Weakness
L0115,115,C,News,8.994501765868172,5,factual_recall,hard,immediate,1.0,0.6574180738074207,7.981579085344268,1.0,0.866146534648073,2,2,1,low,Delayed Recall Weakness,Delayed Recall Weakness
L0115,115,C,World,13.122658404875079,6,factual_recall,medium,immediate,1.0,0.8547950404561616,16.1032607966194,0.0,0.866146534648073,4,0,0,low,Delayed Recall Weakness,Delayed Recall Weakness
L0115,115,C,Sports,13.999287689185133,7,inference,medium,immediate,1.0,0.6660750029390747,6.034003750201283,0.0,0.866146534648073,1,0,1,low,Delayed Recall Weakness,Delayed Recall Weakness
L0115,115,C,Sports,9.712901840838152,8,inference,hard,short_delay,1.0,0.7905924412918774,9.8550361096675,0.0,0.866146534648073,0,1,0,low,Delayed Recall Weakness,Delayed Recall Weakness
L0115,115,C,Entertainment,15.954354019743741,9,inference,hard,short_delay,1.0,0.7069287116723819,11.69912691831686,0.0,0.866146534648073,1,2,1,low,Delayed Recall Weakness,Delayed Recall Weakness
L0116,116,C,News,8.41691039980708,0,inference,easy,long_delay,1.0,0.968798833126669,17.12164383291464,0.0,0.8368664840646469,2,0,2,low,Delayed Recall Weakness,Delayed Recall Weakness
L0116,116,C,Entertainment,8.576557802022396,1,reasoning,medium,immediate,1.0,0.6778643507582427,7.811074693643942,0.0,0.8368664840646469,1,0,0,low,Delayed Recall Weakness,Delayed Recall Weakness
L0116,116,C,News,10.251874374397783,2,reasoning,hard,short_delay,1.0,0.6858789536900954,8.88872461586941,0.0,0.8368664840646469,0,3,2,low,Delayed Recall Weakness,Delayed Recall Weakness
L0116,116,C,Cooking,18.71639233448951,3,factual_recall,medium,immediate,1.0,0.8452102432407066,16.05610081984561,1.0,0.8368664840646469,0,1,0,low,Delayed Recall Weakness,Delayed Recall Weakness
L0116,116,C,Sports,9.880531594552771,4,reasoning,hard,long_delay,1.0,0.929998883854188,18.247297408070917,0.0,0.8368664840646469,0,2,2,low,Delayed Recall Weakness,Delayed Recall Weakness
L0116,116,C,Cooking,12.368443268550358,5,comprehension,medium,long_delay,1.0,0.8151640676731332,13.364127567083134,0.0,0.8368664840646469,3,1,0,low,Delayed Recall Weakness,Delayed Recall Weakness
L0116,116,C,World,9.5467453009505,6,comprehension,easy,immediate,1.0,0.8799442959761765,16.28069001643404,0.0,0.8368664840646469,1,2,1,low,Delayed Recall Weakness,Delayed Recall Weakness
L0116,116,C,News,7.402662375001252,7,reasoning,hard,long_delay,1.0,0.6403357818022434,16.15115266749237,0.0,0.8368664840646469,4,0,1,low,Delayed Recall Weakness,Delayed Recall Weakness
L0116,116,C,News,16.60098143356157,8,reasoning,medium,immediate,1.0,0.7600364030255091,13.138292562230111,0.0,0.8368664840646469,2,1,1,low,Delayed Recall Weakness,Delayed Recall Weakness
L0116,116,C,News,11.013895739847289,9,factual_recall,hard,immediate,1.0,0.6500841754285394,9.621178068455006,0.0,0.8368664840646469,3,0,2,low,Delayed Recall Weakness,Delayed Recall Weakness
L0117,117,C,Entertainment,19.66564183869682,0,comprehension,hard,immediate,1.0,0.8165925188320935,5.031725119457317,0.0,0.8829612947142277,0,1,0,low,Stable Learner,Delayed Recall Weakness
L0117,117,C,Entertainment,5.735737806116771,1,inference,hard,long_delay,1.0,0.6390896111134942,10.012916992779378,0.0,0.8829612947142277,4,0,2,low,Stable Learner,Delayed Recall Weakness
L0117,117,C,Entertainment,10.854705058498265,2,inference,hard,immediate,1.0,0.7522398593183162,9.611739844525772,0.0,0.8829612947142277,3,3,2,low,Stable Learner,Delayed Recall Weakness
L0117,117,C,Cooking,18.640080336831264,3,inference,easy,immediate,1.0,0.8368969694963478,16.946835511119897,0.0,0.8829612947142277,1,1,1,low,Stable Learner,Delayed Recall Weakness
L0117,117,C,Sports,16.816177446547325,4,factual_recall,medium,long_delay,1.0,0.8155309012758004,3.1330536464187286,0.0,0.8829612947142277,0,1,2,low,Stable Learner,Delayed Recall Weakness
L0117,117,C,Cooking,5.434413951219476,5,inference,easy,long_delay,1.0,0.6276776142917037,12.206574159709511,1.0,0.8829612947142277,1,0,1,low,Stable Learner,Delayed Recall Weakness
L0117,117,C,Cooking,10.46712589665496,6,reasoning,medium,short_delay,1.0,0.8165710333325665,19.70318189430902,0.0,0.8829612947142277,0,3,0,low,Stable Learner,Delayed Recall Weakness
L0117,117,C,Sports,10.143138188906185,7,factual_recall,hard,long_delay,1.0,0.8293247042839752,14.02884985133454,0.0,0.8829612947142277,3,1,2,low,Stable Learner,Delayed Recall Weakness
L0117,117,C,News,13.089004418666235,8,comprehension,easy,long_delay,1.0,0.902700959855896,17.585267264705696,0.0,0.8829612947142277,1,1,1,low,Stable Learner,Delayed Recall Weakness
L0117,117,C,Cooking,19.772344158510286,9,reasoning,easy,long_delay,1.0,0.7475815104849326,7.432806665795649,0.0,0.8829612947142277,3,0,2,low,Stable Learner,Delayed Recall Weakness
L0118,118,C,Entertainment,14.784380669463138,0,inference,medium,immediate,1.0,0.8361617308627382,11.339567311888244,0.0,0.9033774895987712,1,3,2,low,Delayed Recall Weakness,Delayed Recall Weakness
L0118,118,C,Sports,8.673059668298313,1,inference,medium,short_delay,1.0,0.7629465436380035,17.67232784140153,0.0,0.9033774895987712,0,3,1,low,Delayed Recall Weakness,Delayed Recall Weakness
L0118,118,C,Cooking,18.920863939783526,2,inference,medium,short_delay,1.0,0.9587964011027027,17.6189166006256,0.0,0.9033774895987712,4,2,2,low,Delayed Recall Weakness,Delayed Recall Weakness
L0118,118,C,Sports,13.403196064770636,3,comprehension,easy,long_delay,1.0,0.7411642144608085,20.051546699014143,0.0,0.9033774895987712,2,3,0,low,Delayed Recall Weakness,Delayed Recall Weakness
L0118,118,C,Sports,18.303762146109374,4,inference,hard,short_delay,1.0,0.7904455145681462,7.32625603108583,0.0,0.9033774895987712,4,3,0,low,Delayed Recall Weakness,Delayed Recall Weakness
L0118,118,C,News,16.10541363058136,5,comprehension,easy,short_delay,1.0,0.8511330132711854,10.371267537595731,0.0,0.9033774895987712,0,1,2,low,Delayed Recall Weakness,Delayed Recall Weakness
L0118,118,C,World,12.95209402595666,6,reasoning,medium,short_delay,1.0,0.8713643915015863,17.292563877469206,0.0,0.9033774895987712,4,0,1,low,Delayed Recall Weakness,Delayed Recall Weakness
L0118,118,C,News,14.017512559221453,7,comprehension,medium,short_delay,1.0,0.9022061217234559,3.3945420804744124,0.0,0.9033774895987712,0,3,1,low,Delayed Recall Weakness,Delayed Recall Weakness
L0118,118,C,News,14.850209836296145,8,factual_recall,easy,long_delay,1.0,0.8342797183194591,15.968024695153401,0.0,0.9033774895987712,2,1,2,low,Delayed Recall Weakness,Delayed Recall Weakness
L0118,118,C,Cooking,13.67840563413226,9,factual_recall,easy,immediate,1.0,0.8840730160630398,18.23921769972547,0.0,0.9033774895987712,0,3,0,low,Delayed Recall Weakness,Delayed Recall Weakness
L0119,119,C,World,19.981307086613192,0,comprehension,easy,immediate,1.0,0.7348791764097005,17.856525693954595,0.0,0.8846246205660304,0,1,0,low,Delayed Recall Weakness,Delayed Recall Weakness
L0119,119,C,News,11.967693031251024,1,reasoning,medium,long_delay,1.0,0.763356891009628,6.831300170007374,0.0,0.8846246205660304,2,1,2,low,Delayed Recall Weakness,Delayed Recall Weakness
L0119,119,C,News,12.719394893204662,2,reasoning,hard,long_delay,1.0,0.8509564290469567,15.475704643704866,0.0,0.8846246205660304,1,3,0,low,Delayed Recall Weakness,Delayed Recall Weakness
L0119,119,C,Sports,5.193889328432753,3,reasoning,medium,short_delay,1.0,0.7182997133213915,18.332731659380705,0.0,0.8846246205660304,4,1,1,low,Delayed Recall Weakness,Delayed Recall Weakness
L0119,119,C,News,16.120326360129603,4,comprehension,easy,long_delay,1.0,0.7857546722687836,16.383644187049292,0.0,0.8846246205660304,1,2,2,low,Delayed Recall Weakness,Delayed Recall Weakness
L0119,119,C,World,16.763635294085493,5,inference,hard,immediate,1.0,0.7691292721310821,12.333319285295733,0.0,0.8846246205660304,3,2,1,low,Delayed Recall Weakness,Delayed Recall Weakness
L0119,119,C,Cooking,11.958824669657705,6,factual_recall,hard,long_delay,1.0,0.7917310573344829,10.22601452099697,0.0,0.8846246205660304,1,2,2,low,Delayed Recall Weakness,Delayed Recall Weakness
L0119,119,C,Cooking,6.8999203086656244,7,reasoning,hard,long_delay,1.0,0.7192573976600498,14.323912317399957,0.0,0.8846246205660304,3,2,1,low,Delayed Recall Weakness,Delayed Recall Weakness
L0119,119,C,Entertainment,8.700835762028785,8,reasoning,medium,long_delay,1.0,0.6518444518230311,14.991140235387522,0.0,0.8846246205660304,2,3,2,low,Delayed Recall Weakness,Delayed Recall Weakness
L0119,119,C,Cooking,11.024797198377714,9,reasoning,hard,short_delay,1.0,0.8416594092767715,14.383230044623595,0.0,0.8846246205660304,2,1,2,low,Delayed Recall Weakness,Delayed Recall Weakness
L0120,120,C,Cooking,12.989436987886467,0,factual_recall,easy,immediate,1.0,0.8916951502131891,19.154522726703366,0.0,0.8328735366386152,2,0,0,low,Delayed Recall Weakness,Delayed Recall Weakness
L0120,120,C,News,13.801913884606286,1,reasoning,hard,short_delay,1.0,0.5389386637980779,14.599310794142777,0.0,0.8328735366386152,4,1,0,low,Delayed Recall Weakness,Delayed Recall Weakness
L0120,120,C,News,7.358861884055332,2,reasoning,medium,long_delay,1.0,0.7645762142774704,11.985195611544741,0.0,0.8328735366386152,1,0,2,low,Delayed Recall Weakness,Delayed Recall Weakness
L0120,120,C,Sports,14.313129403733889,3,inference,medium,short_delay,1.0,0.7963291124691634,12.362532281296655,0.0,0.8328735366386152,1,2,2,low,Delayed Recall Weakness,Delayed Recall Weakness
L0120,120,C,World,5.290535990463383,4,comprehension,hard,immediate,1.0,0.7471138136119269,13.865948837358745,0.0,0.8328735366386152,4,1,0,low,Delayed Recall Weakness,Delayed Recall Weakness
L0120,120,C,World,13.208704982140459,5,inference,hard,short_delay,1.0,0.8690836406184934,14.833671447455128,0.0,0.8328735366386152,1,3,2,low,Delayed Recall Weakness,Delayed Recall Weakness
L0120,120,C,World,10.366413354230799,6,inference,hard,long_delay,1.0,0.896162182717638,10.319382594513899,0.0,0.8328735366386152,0,2,1,low,Delayed Recall Weakness,Delayed Recall Weakness
L0120,120,C,Entertainment,8.782508582722249,7,inference,medium,immediate,1.0,0.6870368389696389,13.064240169286439,0.0,0.8328735366386152,2,0,2,low,Delayed Recall Weakness,Delayed Recall Weakness
L0120,120,C,Entertainment,10.950088983876158,8,inference,medium,long_delay,1.0,0.9674789323016644,10.917308708289621,0.0,0.8328735366386152,0,3,1,low,Delayed Recall Weakness,Delayed Recall Weakness
L0120,120,C,Cooking,6.231768631843105,9,comprehension,easy,long_delay,1.0,0.6861392940517188,9.139801891704508,0.0,0.8328735366386152,0,2,0,low,Delayed Recall Weakness,Delayed Recall Weakness
L0121,121,C,News,19.434568003627497,0,factual_recall,easy,short_delay,1.0,0.8127773107516433,15.398109070438856,0.0,0.9506096689166457,0,3,2,low,Delayed Recall Weakness,Delayed Recall Weakness
L0121,121,C,Sports,17.861558024749925,1,reasoning,easy,immediate,1.0,0.7964925895180032,13.986966712775473,1.0,0.9506096689166457,3,0,0,low,Delayed Recall Weakness,Delayed Recall Weakness
L0121,121,C,News,19.30904599793552,2,inference,easy,short_delay,1.0,0.7172187247559532,18.19591706222301,0.0,0.9506096689166457,2,2,0,low,Delayed Recall Weakness,Delayed Recall Weakness
L0121,121,C,Cooking,9.12556339534505,3,reasoning,hard,long_delay,1.0,0.8611497837074351,10.320040591325693,0.0,0.9506096689166457,3,1,1,low,Delayed Recall Weakness,Delayed Recall Weakness
L0121,121,C,Cooking,18.787789158374,4,comprehension,easy,immediate,1.0,0.7997676053122085,16.29867136192537,0.0,0.9506096689166457,0,2,0,low,Delayed Recall Weakness,Delayed Recall Weakness
L0121,121,C,News,7.191510636993839,5,comprehension,easy,long_delay,1.0,0.7451122685807359,13.544517790418876,0.0,0.9506096689166457,1,1,1,low,Delayed Recall Weakness,Delayed Recall Weakness
L0121,121,C,News,15.118087268727287,6,factual_recall,medium,long_delay,1.0,0.8159859757321272,10.227819221036285,0.0,0.9506096689166457,1,0,1,low,Delayed Recall Weakness,Delayed Recall Weakness
L0121,121,C,News,14.380372106520047,7,inference,medium,long_delay,1.0,0.6653771635648497,15.541230682851676,0.0,0.9506096689166457,2,1,0,low,Delayed Recall Weakness,Delayed Recall Weakness
L0121,121,C,Entertainment,6.1352902324438565,8,inference,easy,short_delay,1.0,0.669173829476069,13.73595256701907,0.0,0.9506096689166457,3,0,0,low,Delayed Recall Weakness,Delayed Recall Weakness
L0121,121,C,Entertainment,11.265886817352447,9,reasoning,hard,long_delay,1.0,0.7103851131759138,11.483523223418405,0.0,0.9506096689166457,0,0,1,low,Delayed Recall Weakness,Delayed Recall Weakness
L0122,122,C,Entertainment,15.4238804170322,0,inference,hard,short_delay,1.0,0.746990787986079,14.723480905662614,0.0,1.0,2,0,0,low,Delayed Recall Weakness,Delayed Recall Weakness
L0122,122,C,News,11.566757574277082,1,comprehension,easy,long_delay,1.0,0.6345058436891339,17.509823288614562,0.0,1.0,0,0,1,low,Delayed Recall Weakness,Delayed Recall Weakness
L0122,122,C,World,7.519224978864154,2,factual_recall,hard,long_delay,1.0,0.6720054423232932,15.589178262380088,0.0,1.0,1,3,2,low,Delayed Recall Weakness,Delayed Recall Weakness
L0122,122,C,Entertainment,16.770728293625492,3,comprehension,hard,long_delay,1.0,0.8607442098156348,11.292766792805217,0.0,1.0,1,0,1,low,Delayed Recall Weakness,Delayed Recall Weakness
L0122,122,C,Sports,14.91815868455178,4,inference,hard,long_delay,1.0,0.9069162153346504,13.303171811894757,0.0,1.0,3,3,2,low,Delayed Recall Weakness,Delayed Recall Weakness
L0122,122,C,Sports,9.825300009898303,5,reasoning,medium,immediate,1.0,0.7454562246901717,21.925053818887697,0.0,1.0,0,3,1,low,Delayed Recall Weakness,Delayed Recall Weakness
L0122,122,C,Entertainment,14.156650607361877,6,inference,hard,immediate,1.0,0.9023159735708371,15.004855189184768,0.0,1.0,4,2,0,low,Delayed Recall Weakness,Delayed Recall Weakness
L0122,122,C,News,18.421602039177753,7,inference,easy,long_delay,1.0,0.8593271999874036,17.47730170753046,0.0,1.0,4,3,1,low,Delayed Recall Weakness,Delayed Recall Weakness
L0122,122,C,Cooking,12.50992640863147,8,reasoning,easy,immediate,1.0,0.7848415895211129,16.15953994899693,0.0,1.0,0,1,0,low,Delayed Recall Weakness,Delayed Recall Weakness
L0122,122,C,World,17.014328633281984,9,reasoning,easy,short_delay,1.0,0.7791642972983572,15.093430975990811,0.0,1.0,3,0,2,low,Delayed Recall Weakness,Delayed Recall Weakness
L0123,123,C,News,11.71853346886652,0,comprehension,easy,immediate,1.0,0.7284947605238469,10.553517964303223,0.0,0.8408508052340813,2,2,2,low,Needs Review,Delayed Recall Weakness
L0123,123,C,News,13.24563998578799,1,reasoning,medium,long_delay,1.0,0.7685624908706186,11.742513424697378,0.0,0.8408508052340813,2,0,1,low,Needs Review,Delayed Recall Weakness
L0123,123,C,News,8.304222279628434,2,comprehension,medium,immediate,1.0,0.8794271102957036,10.698839295050664,1.0,0.8408508052340813,3,0,0,low,Needs Review,Delayed Recall Weakness
L0123,123,C,World,9.19680217515878,3,factual_recall,easy,immediate,1.0,0.817190093888832,10.456555134477165,0.0,0.8408508052340813,0,1,2,low,Needs Review,Delayed Recall Weakness
L0123,123,C,Cooking,16.846258055999765,4,inference,medium,short_delay,1.0,0.7920248376090024,15.841204124864722,0.0,0.8408508052340813,2,3,1,low,Needs Review,Delayed Recall Weakness
L0123,123,C,Cooking,17.892460326210312,5,reasoning,hard,long_delay,1.0,0.6853564184025057,12.849855116862747,0.0,0.8408508052340813,0,2,1,low,Needs Review,Delayed Recall Weakness
L0123,123,C,Sports,6.293493745515432,6,reasoning,medium,long_delay,1.0,0.7085833232109033,22.324670977189854,1.0,0.8408508052340813,0,0,0,low,Needs Review,Delayed Recall Weakness
L0123,123,C,Entertainment,19.822881814957793,7,comprehension,medium,immediate,1.0,0.6977272047968301,19.001439298067993,0.0,0.8408508052340813,1,1,1,low,Needs Review,Delayed Recall Weakness
L0123,123,C,World,8.603779906629182,8,inference,easy,immediate,1.0,0.9045480978937878,19.23792136186689,0.0,0.8408508052340813,1,2,2,low,Needs Review,Delayed Recall Weakness
L0123,123,C,World,9.476599636381453,9,comprehension,medium,long_delay,1.0,0.8424450498505318,16.685427899792504,0.0,0.8408508052340813,4,1,0,low,Needs Review,Delayed Recall Weakness
L0124,124,C,Sports,6.275892195061626,0,factual_recall,hard,short_delay,1.0,0.7635583900898681,13.075873646501606,0.0,0.8653592250506843,2,2,0,low,Stable Learner,Delayed Recall Weakness
L0124,124,C,Entertainment,13.169050158578587,1,reasoning,hard,immediate,1.0,0.5736395758200773,17.795749977267036,0.0,0.8653592250506843,0,1,0,low,Stable Learner,Delayed Recall Weakness
L0124,124,C,Sports,15.400008018426933,2,factual_recall,easy,long_delay,1.0,0.850751967292907,13.68410327593009,0.0,0.8653592250506843,2,0,2,low,Stable Learner,Delayed Recall Weakness
L0124,124,C,Cooking,14.912469457033737,3,factual_recall,easy,immediate,1.0,0.8080810111729507,11.983094327505379,1.0,0.8653592250506843,2,0,1,low,Stable Learner,Delayed Recall Weakness
L0124,124,C,Cooking,10.633451153752121,4,comprehension,medium,immediate,1.0,0.8079940525281523,14.793662299629457,0.0,0.8653592250506843,3,3,1,low,Stable Learner,Delayed Recall Weakness
L0124,124,C,Sports,6.812519389786955,5,reasoning,easy,long_delay,1.0,0.7677740263111346,8.56245432602456,0.0,0.8653592250506843,0,2,0,low,Stable Learner,Delayed Recall Weakness
L0124,124,C,Sports,5.26474811766684,6,factual_recall,easy,immediate,1.0,0.7539825727893774,14.930873236316994,0.0,0.8653592250506843,4,0,0,low,Stable Learner,Delayed Recall Weakness
L0124,124,C,Cooking,5.728651067447864,7,factual_recall,medium,immediate,1.0,0.7704335658535657,7.831271577894514,0.0,0.8653592250506843,3,0,2,low,Stable Learner,Delayed Recall Weakness
L0124,124,C,Sports,18.02750242942615,8,comprehension,medium,long_delay,1.0,0.8370528696901824,9.889092160064944,0.0,0.8653592250506843,1,0,0,low,Stable Learner,Delayed Recall Weakness
L0124,124,C,Cooking,16.516347400587218,9,inference,easy,short_delay,1.0,0.851129421842668,5.925234373133502,0.0,0.8653592250506843,1,2,1,low,Stable Learner,Delayed Recall Weakness
L0125,125,C,Sports,5.5421050533661065,0,reasoning,hard,immediate,1.0,0.8379543551874736,17.344792462723472,0.0,0.844689684625489,2,2,1,low,Delayed Recall Weakness,Delayed Recall Weakness
L0125,125,C,Sports,7.37448375934883,1,reasoning,easy,short_delay,1.0,0.797656975269549,14.432870406522131,0.0,0.844689684625489,0,3,1,low,Delayed Recall Weakness,Delayed Recall Weakness
L0125,125,C,Sports,12.777815084031273,2,factual_recall,easy,short_delay,1.0,0.7674148866156576,17.823334292323533,0.0,0.844689684625489,0,0,1,low,Delayed Recall Weakness,Delayed Recall Weakness
L0125,125,C,Cooking,5.899066649005698,3,reasoning,hard,long_delay,1.0,0.7933772720241866,16.924921607520968,0.0,0.844689684625489,0,3,1,low,Delayed Recall Weakness,Delayed Recall Weakness
L0125,125,C,Cooking,16.792256581748667,4,comprehension,easy,immediate,1.0,0.9275647606270664,18.451800918769052,0.0,0.844689684625489,0,3,2,low,Delayed Recall Weakness,Delayed Recall Weakness
L0125,125,C,News,17.311810018466403,5,reasoning,medium,immediate,1.0,0.7645585274608087,17.937210621910246,0.0,0.844689684625489,1,2,0,low,Delayed Recall Weakness,Delayed Recall Weakness
L0125,125,C,Sports,17.426043247630325,6,reasoning,hard,long_delay,1.0,0.7622384309374388,20.279912784429005,0.0,0.844689684625489,2,0,0,low,Delayed Recall Weakness,Delayed Recall Weakness
L0125,125,C,Sports,8.562370758533808,7,factual_recall,easy,long_delay,1.0,0.6634044620270004,13.321227333735001,0.0,0.844689684625489,3,1,1,low,Delayed Recall Weakness,Delayed Recall Weakness
L0125,125,C,Sports,17.989966602529645,8,comprehension,easy,long_delay,1.0,0.7966117649474308,8.691767830553967,0.0,0.844689684625489,2,3,2,low,Delayed Recall Weakness,Delayed Recall Weakness
L0125,125,C,News,18.726956738465994,9,comprehension,medium,long_delay,1.0,0.8525506808992314,16.65487497474168,0.0,0.844689684625489,2,0,0,low,Delayed Recall Weakness,Delayed Recall Weakness
L0126,126,C,Entertainment,5.503477655696404,0,factual_recall,easy,long_delay,1.0,0.8216933037469422,11.782214765973148,0.0,0.8526445018426174,2,2,2,low,Delayed Recall Weakness,Delayed Recall Weakness
L0126,126,C,News,15.21128147071687,1,reasoning,medium,immediate,1.0,0.7380348027341707,15.698048537725365,0.0,0.8526445018426174,1,0,2,low,Delayed Recall Weakness,Delayed Recall Weakness
L0126,126,C,News,9.268349531799617,2,reasoning,easy,immediate,1.0,0.876256390679303,16.910347629774733,0.0,0.8526445018426174,3,3,1,low,Delayed Recall Weakness,Delayed Recall Weakness
L0126,126,C,Entertainment,18.547185282055363,3,inference,easy,short_delay,1.0,0.852258073968226,8.526447037068554,0.0,0.8526445018426174,3,1,1,low,Delayed Recall Weakness,Delayed Recall Weakness
L0126,126,C,Cooking,5.53181198611626,4,reasoning,hard,long_delay,1.0,0.8879533152775873,19.47850347613842,0.0,0.8526445018426174,3,0,0,low,Delayed Recall Weakness,Delayed Recall Weakness
L0126,126,C,Entertainment,13.233019040897188,5,inference,easy,short_delay,1.0,0.7096860515205602,13.330303492716236,0.0,0.8526445018426174,4,1,2,low,Delayed Recall Weakness,Delayed Recall Weakness
L0126,126,C,World,15.205120553635746,6,reasoning,medium,short_delay,1.0,0.6640418762570846,13.637276621568558,0.0,0.8526445018426174,0,2,0,low,Delayed Recall Weakness,Delayed Recall Weakness
L0126,126,C,News,11.695264928510454,7,comprehension,medium,immediate,1.0,0.799665139549459,14.095138637735422,1.0,0.8526445018426174,2,3,1,low,Delayed Recall Weakness,Delayed Recall Weakness
L0126,126,C,Cooking,19.647328560635437,8,comprehension,medium,immediate,1.0,1.0,18.57816055723158,0.0,0.8526445018426174,2,0,0,low,Delayed Recall Weakness,Delayed Recall Weakness
L0126,126,C,Sports,14.305645240202264,9,inference,easy,immediate,1.0,0.9012967022475656,10.979271367194368,0.0,0.8526445018426174,2,3,2,low,Delayed Recall Weakness,Delayed Recall Weakness
L0127,127,C,Entertainment,7.357044572884262,0,reasoning,medium,short_delay,1.0,0.8171127207595731,16.578899016256834,0.0,0.8199409938486707,1,3,0,low,Stable Learner,Delayed Recall Weakness
L0127,127,C,News,9.783109151344535,1,reasoning,hard,immediate,1.0,0.6494902014092004,9.082396392061344,0.0,0.8199409938486707,2,0,0,low,Stable Learner,Delayed Recall Weakness
L0127,127,C,News,19.02874332159794,2,comprehension,hard,immediate,1.0,0.8721364065057886,20.797471590181612,0.0,0.8199409938486707,4,2,1,low,Stable Learner,Delayed Recall Weakness
L0127,127,C,Entertainment,8.981585940873858,3,factual_recall,hard,long_delay,1.0,0.6691849489175631,10.787739422885954,0.0,0.8199409938486707,0,3,0,low,Stable Learner,Delayed Recall Weakness
L0127,127,C,World,19.946524858463352,4,reasoning,medium,immediate,1.0,0.7357438941112611,20.950169731948378,0.0,0.8199409938486707,0,0,0,low,Stable Learner,Delayed Recall Weakness
L0127,127,C,World,7.428960407305291,5,inference,hard,immediate,1.0,0.7997438796774952,22.088780227702287,0.0,0.8199409938486707,3,2,1,low,Stable Learner,Delayed Recall Weakness
L0127,127,C,Sports,15.88998435722075,6,inference,hard,immediate,1.0,0.835600524891281,16.0506261294551,0.0,0.8199409938486707,3,3,1,low,Stable Learner,Delayed Recall Weakness
L0127,127,C,World,18.448879442928742,7,inference,medium,long_delay,1.0,0.7791252301283745,18.128052390717684,0.0,0.8199409938486707,2,1,1,low,Stable Learner,Delayed Recall Weakness
L0127,127,C,World,12.492042529181644,8,comprehension,medium,short_delay,1.0,0.9215266941386305,1.668320947772525,0.0,0.8199409938486707,1,2,0,low,Stable Learner,Delayed Recall Weakness
L0127,127,C,Sports,12.069235254403242,9,factual_recall,medium,immediate,1.0,0.8578591665753824,13.21999033803849,1.0,0.8199409938486707,2,3,2,low,Stable Learner,Delayed Recall Weakness
L0128,128,C,Entertainment,19.35882572689684,0,comprehension,easy,short_delay,1.0,0.7141544538350149,12.448856496120197,0.0,0.8663304890625017,2,3,1,low,Delayed Recall Weakness,Delayed Recall Weakness
L0128,128,C,Entertainment,17.442104977884334,1,factual_recall,easy,immediate,1.0,0.7647936262599602,12.611627271539263,0.0,0.8663304890625017,2,2,2,low,Delayed Recall Weakness,Delayed Recall Weakness
L0128,128,C,Entertainment,7.249354239926125,2,comprehension,medium,short_delay,1.0,0.6942921291739064,17.379520104932553,0.0,0.8663304890625017,0,3,0,low,Delayed Recall Weakness,Delayed Recall Weakness
L0128,128,C,Entertainment,5.5430722018411345,3,inference,hard,long_delay,1.0,0.7323867578298465,12.201333843128316,0.0,0.8663304890625017,0,1,0,low,Delayed Recall Weakness,Delayed Recall Weakness
L0128,128,C,Cooking,16.565494949800623,4,inference,medium,long_delay,1.0,0.8071141496350434,13.234721599775364,0.0,0.8663304890625017,4,3,2,low,Delayed Recall Weakness,Delayed Recall Weakness
L0128,128,C,Entertainment,9.26829498294509,5,inference,easy,immediate,1.0,0.7905755129967262,12.278728150111123,0.0,0.8663304890625017,4,1,2,low,Delayed Recall Weakness,Delayed Recall Weakness
L0128,128,C,Sports,10.599011264310557,6,reasoning,medium,immediate,1.0,1.0,8.395793023771164,0.0,0.8663304890625017,4,1,1,low,Delayed Recall Weakness,Delayed Recall Weakness
L0128,128,C,World,5.157602848847703,7,comprehension,medium,short_delay,1.0,0.6923363521995994,11.39159051282757,0.0,0.8663304890625017,4,0,1,low,Delayed Recall Weakness,Delayed Recall Weakness
L0128,128,C,Sports,9.685547070493822,8,reasoning,easy,immediate,1.0,0.7899921023334575,12.47225313966473,0.0,0.8663304890625017,2,0,0,low,Delayed Recall Weakness,Delayed Recall Weakness
L0128,128,C,News,6.900491445731424,9,reasoning,easy,immediate,1.0,0.6861014311037021,14.295303533625539,0.0,0.8663304890625017,1,1,0,low,Delayed Recall Weakness,Delayed Recall Weakness
L0129,129,C,News,10.626320384983178,0,factual_recall,medium,short_delay,1.0,0.796696214772755,18.932619705265346,0.0,0.873687781028261,0,0,2,low,Stable Learner,Delayed Recall Weakness
L0129,129,C,World,18.59321175202667,1,reasoning,hard,long_delay,1.0,0.9221961876783609,9.063531673843114,1.0,0.873687781028261,4,0,0,low,Stable Learner,Delayed Recall Weakness
L0129,129,C,Cooking,9.768637381347851,2,factual_recall,hard,long_delay,1.0,0.7560667313361524,13.021011304786915,0.0,0.873687781028261,4,0,0,low,Stable Learner,Delayed Recall Weakness
L0129,129,C,Sports,15.300716845325162,3,reasoning,easy,short_delay,1.0,0.6940517573790256,12.450061071366557,0.0,0.873687781028261,3,1,0,low,Stable Learner,Delayed Recall Weakness
L0129,129,C,Cooking,18.095566795409905,4,factual_recall,easy,short_delay,1.0,0.820019918052717,11.209181717449018,0.0,0.873687781028261,4,0,0,low,Stable Learner,Delayed Recall Weakness
L0129,129,C,News,5.669209575425988,5,factual_recall,easy,long_delay,1.0,0.8860940020070333,14.991692018076023,0.0,0.873687781028261,2,3,1,low,Stable Learner,Delayed Recall Weakness
L0129,129,C,Sports,8.289598366957868,6,comprehension,easy,long_delay,1.0,0.8288837708159749,15.77322096502403,0.0,0.873687781028261,3,0,1,low,Stable Learner,Delayed Recall Weakness
L0129,129,C,Sports,12.072158930287898,7,inference,easy,short_delay,1.0,0.7922387473962204,15.731307619173748,0.0,0.873687781028261,4,1,0,low,Stable Learner,Delayed Recall Weakness
L0129,129,C,Cooking,14.432982157437324,8,factual_recall,easy,long_delay,1.0,0.6841285301492129,10.0927609455395,0.0,0.873687781028261,3,2,2,low,Stable Learner,Delayed Recall Weakness
L0129,129,C,Entertainment,11.318729131827913,9,factual_recall,medium,short_delay,1.0,0.7953304603785302,7.416065222665269,0.0,0.873687781028261,3,0,1,low,Stable Learner,Delayed Recall Weakness
L0130,130,C,Entertainment,9.492656709614643,0,reasoning,medium,immediate,1.0,0.7393615989858362,17.657216504918292,0.0,0.8725896956803576,1,0,2,low,Delayed Recall Weakness,Delayed Recall Weakness
L0130,130,C,Sports,9.70437341789994,1,factual_recall,hard,long_delay,1.0,0.789621998479153,17.179392819661405,0.0,0.8725896956803576,0,3,1,low,Delayed Recall Weakness,Delayed Recall Weakness
L0130,130,C,World,18.95971349193514,2,comprehension,easy,long_delay,1.0,0.7463127285825913,15.211466058006142,0.0,0.8725896956803576,0,3,2,low,Delayed Recall Weakness,Delayed Recall Weakness
L0130,130,C,World,9.737191581741266,3,reasoning,hard,immediate,1.0,0.7983408115627519,16.8960132341474,0.0,0.8725896956803576,1,0,2,low,Delayed Recall Weakness,Delayed Recall Weakness
L0130,130,C,Sports,10.638313128563482,4,reasoning,hard,long_delay,1.0,0.7168579496614749,19.49235253042462,0.0,0.8725896956803576,2,3,0,low,Delayed Recall Weakness,Delayed Recall Weakness
L0130,130,C,World,5.997321283616703,5,comprehension,easy,long_delay,1.0,0.6975426050625297,15.700090375981494,0.0,0.8725896956803576,1,3,1,low,Delayed Recall Weakness,Delayed Recall Weakness
L0130,130,C,News,9.37208642100107,6,reasoning,medium,long_delay,1.0,0.8978153186056714,6.651190612743266,0.0,0.8725896956803576,2,0,2,low,Delayed Recall Weakness,Delayed Recall Weakness
L0130,130,C,Entertainment,17.776524733881462,7,inference,medium,immediate,1.0,0.7224273909305877,11.885867175399614,0.0,0.8725896956803576,1,1,0,low,Delayed Recall Weakness,Delayed Recall Weakness
L0130,130,C,Sports,16.162621087235923,8,comprehension,easy,short_delay,1.0,0.8000265300205083,16.78548028688835,0.0,0.8725896956803576,2,0,2,low,Delayed Recall Weakness,Delayed Recall Weakness
L0130,130,C,World,15.069547744834852,9,comprehension,hard,long_delay,1.0,0.8763611877282269,11.491616265162383,0.0,0.8725896956803576,2,2,2,low,Delayed Recall Weakness,Delayed Recall Weakness
L0131,131,C,News,17.10935637203576,0,reasoning,hard,short_delay,1.0,0.7847237789702796,10.797971597617325,0.0,0.874880925997561,4,0,2,low,Needs Review,Delayed Recall Weakness
L0131,131,C,Cooking,8.270930425554823,1,factual_recall,easy,long_delay,1.0,0.7055367973743996,5.156962312071768,1.0,0.874880925997561,1,1,0,low,Needs Review,Delayed Recall Weakness
L0131,131,C,Cooking,18.32895355713932,2,reasoning,hard,short_delay,1.0,0.7991358088453331,15.68005105468866,0.0,0.874880925997561,0,3,2,low,Needs Review,Delayed Recall Weakness
L0131,131,C,Cooking,5.114220563338504,3,reasoning,easy,short_delay,1.0,0.8802929990990234,10.409170404098996,0.0,0.874880925997561,4,2,1,low,Needs Review,Delayed Recall Weakness
L0131,131,C,Entertainment,9.651800304551793,4,inference,easy,long_delay,1.0,0.8015974333228816,16.756249916061133,0.0,0.874880925997561,2,3,1,low,Needs Review,Delayed Recall Weakness
L0131,131,C,World,5.272647247534411,5,inference,hard,immediate,1.0,0.7335819296287152,10.975561431489002,0.0,0.874880925997561,1,3,2,low,Needs Review,Delayed Recall Weakness
L0131,131,C,Cooking,13.469743145500482,6,factual_recall,medium,short_delay,1.0,0.7001969231522136,10.048398185320766,0.0,0.874880925997561,1,3,1,low,Needs Review,Delayed Recall Weakness
L0131,131,C,Sports,12.383620792679096,7,reasoning,medium,long_delay,1.0,0.7352324333635537,14.612687629038337,0.0,0.874880925997561,3,0,1,low,Needs Review,Delayed Recall Weakness
L0131,131,C,Cooking,12.279411445219631,8,factual_recall,easy,short_delay,1.0,0.8313867001931488,23.430796920105475,0.0,0.874880925997561,0,2,2,low,Needs Review,Delayed Recall Weakness
L0131,131,C,Entertainment,17.34949690790489,9,factual_recall,medium,long_delay,1.0,0.8274881809887769,16.996119964466292,0.0,0.874880925997561,0,3,2,low,Needs Review,Delayed Recall Weakness
L0132,132,C,Cooking,18.503783151768346,0,reasoning,hard,long_delay,1.0,0.8546357434510661,13.738773071338077,0.0,0.8504226940625429,2,3,2,low,Needs Review,Delayed Recall Weakness
L0132,132,C,News,12.589366355582442,1,inference,medium,immediate,1.0,0.8986448219858219,14.478508063491258,0.0,0.8504226940625429,1,0,0,low,Needs Review,Delayed Recall Weakness
L0132,132,C,News,15.077778755783099,2,inference,hard,short_delay,1.0,0.9104433752618275,14.992478236713186,0.0,0.8504226940625429,2,1,2,low,Needs Review,Delayed Recall Weakness
L0132,132,C,Cooking,5.346049302339917,3,comprehension,easy,long_delay,1.0,0.8423841215958024,17.751166154100208,0.0,0.8504226940625429,2,1,0,low,Needs Review,Delayed Recall Weakness
L0132,132,C,Entertainment,12.07227084900516,4,inference,hard,immediate,1.0,0.7933688370913584,17.328300753166925,0.0,0.8504226940625429,4,0,1,low,Needs Review,Delayed Recall Weakness
L0132,132,C,Entertainment,7.5726010707547085,5,factual_recall,easy,immediate,1.0,0.8635700649851195,14.780000268670761,0.0,0.8504226940625429,2,2,0,low,Needs Review,Delayed Recall Weakness
L0132,132,C,World,12.285387608356457,6,factual_recall,medium,immediate,1.0,0.7084399506054632,12.231938878122378,0.0,0.8504226940625429,3,3,1,low,Needs Review,Delayed Recall Weakness
L0132,132,C,Cooking,14.162514793839508,7,reasoning,easy,long_delay,1.0,0.6524274222387019,14.431048354705284,0.0,0.8504226940625429,3,2,0,low,Needs Review,Delayed Recall Weakness
L0132,132,C,News,9.465809057319346,8,reasoning,medium,long_delay,1.0,0.8349310062149191,11.615158333300315,0.0,0.8504226940625429,1,0,0,low,Needs Review,Delayed Recall Weakness
L0132,132,C,World,18.769499477448754,9,inference,medium,immediate,1.0,0.719545726628092,13.214284311975316,0.0,0.8504226940625429,1,2,1,low,Needs Review,Delayed Recall Weakness
L0133,133,C,World,12.2596249769833,0,comprehension,medium,short_delay,1.0,0.7556799243293082,13.334454941615487,0.0,0.9318397716250103,3,0,2,low,Needs Review,Delayed Recall Weakness
L0133,133,C,World,19.61222379531033,1,reasoning,easy,short_delay,1.0,0.6069110137193544,15.45123909629958,0.0,0.9318397716250103,3,3,1,low,Needs Review,Delayed Recall Weakness
L0133,133,C,World,14.527341774242194,2,reasoning,easy,immediate,1.0,0.9412284925194899,15.22210163284309,0.0,0.9318397716250103,1,0,0,low,Needs Review,Delayed Recall Weakness
L0133,133,C,World,14.545547876879901,3,inference,easy,long_delay,1.0,0.7358323741549916,12.074955678123137,0.0,0.9318397716250103,2,1,2,low,Needs Review,Delayed Recall Weakness
L0133,133,C,Entertainment,18.506667980035164,4,reasoning,hard,long_delay,1.0,0.7802901565001575,14.08103119738777,0.0,0.9318397716250103,1,1,0,low,Needs Review,Delayed Recall Weakness
L0133,133,C,Entertainment,14.907477556738886,5,factual_recall,hard,immediate,1.0,0.9312725204395452,6.651160018688131,0.0,0.9318397716250103,1,2,0,low,Needs Review,Delayed Recall Weakness
L0133,133,C,World,14.248305315106387,6,comprehension,hard,long_delay,1.0,0.7886606324649889,15.840668082781914,0.0,0.9318397716250103,2,3,1,low,Needs Review,Delayed Recall Weakness
L0133,133,C,Cooking,6.271372185723387,7,reasoning,easy,short_delay,1.0,0.786933071823851,14.645623379080185,0.0,0.9318397716250103,3,0,1,low,Needs Review,Delayed Recall Weakness
L0133,133,C,Cooking,7.441826922190833,8,inference,easy,short_delay,1.0,0.7017461564359574,21.89464357673143,0.0,0.9318397716250103,2,3,1,low,Needs Review,Delayed Recall Weakness
L0133,133,C,News,5.922903557188165,9,reasoning,medium,immediate,1.0,0.6692133040297947,14.029918585716189,0.0,0.9318397716250103,2,1,2,low,Needs Review,Delayed Recall Weakness
L0134,134,C,News,18.795021960673477,0,inference,easy,short_delay,1.0,0.7726422482111888,16.246435002998403,0.0,0.9322254771635636,2,0,2,low,Needs Review,Delayed Recall Weakness
L0134,134,C,World,17.642972835376025,1,reasoning,medium,long_delay,1.0,0.7307050869494407,17.281702517330835,0.0,0.9322254771635636,2,0,2,low,Needs Review,Delayed Recall Weakness
L0134,134,C,Entertainment,14.43463634586905,2,comprehension,easy,short_delay,1.0,0.7529025515077626,17.987170742803478,0.0,0.9322254771635636,4,0,2,low,Needs Review,Delayed Recall Weakness
L0134,134,C,World,9.8702124829989,3,reasoning,hard,short_delay,1.0,0.7668148942907177,12.953845954497028,0.0,0.9322254771635636,2,2,1,low,Needs Review,Delayed Recall Weakness
L0134,134,C,Entertainment,11.01006334784458,4,reasoning,medium,long_delay,1.0,0.9037754472554992,14.70082342561789,0.0,0.9322254771635636,2,2,1,low,Needs Review,Delayed Recall Weakness
L0134,134,C,Entertainment,11.31626239416813,5,comprehension,easy,long_delay,1.0,0.8127928991454012,16.336161637021306,0.0,0.9322254771635636,0,0,2,low,Needs Review,Delayed Recall Weakness
L0134,134,C,World,12.638353881450245,6,reasoning,hard,short_delay,1.0,0.9026878904086508,12.464139896252552,0.0,0.9322254771635636,0,1,0,low,Needs Review,Delayed Recall Weakness
L0134,134,C,Entertainment,14.13101173637913,7,comprehension,hard,short_delay,1.0,0.8395376095422797,9.460239864788932,0.0,0.9322254771635636,0,3,1,low,Needs Review,Delayed Recall Weakness
L0134,134,C,Entertainment,17.118776280623,8,comprehension,medium,short_delay,1.0,0.7752615420839613,10.774915733191506,0.0,0.9322254771635636,4,1,1,low,Needs Review,Delayed Recall Weakness
L0134,134,C,World,11.825039127373675,9,inference,easy,immediate,1.0,0.7687714237432595,13.035858229808058,1.0,0.9322254771635636,2,0,0,low,Needs Review,Delayed Recall Weakness
L0135,135,C,News,6.08245494813083,0,factual_recall,hard,long_delay,1.0,0.8822183820117686,20.37085493513111,0.0,0.8754159202476733,0,3,2,low,Delayed Recall Weakness,Delayed Recall Weakness
L0135,135,C,Cooking,9.640833746763104,1,factual_recall,hard,short_delay,1.0,0.9298272997891357,13.935809503666608,0.0,0.8754159202476733,4,3,2,low,Delayed Recall Weakness,Delayed Recall Weakness
L0135,135,C,Cooking,14.552830980004138,2,inference,easy,immediate,1.0,0.6484443081666289,15.601213625994754,0.0,0.8754159202476733,4,1,1,low,Delayed Recall Weakness,Delayed Recall Weakness
L0135,135,C,World,8.980138808230661,3,comprehension,easy,short_delay,1.0,0.7358885792608676,10.996806906831804,0.0,0.8754159202476733,3,1,1,low,Delayed Recall Weakness,Delayed Recall Weakness
L0135,135,C,Sports,7.155253792384833,4,inference,medium,short_delay,1.0,0.7316612911220373,8.517991739782467,0.0,0.8754159202476733,4,1,2,low,Delayed Recall Weakness,Delayed Recall Weakness
L0135,135,C,Entertainment,16.389938199899742,5,factual_recall,medium,immediate,1.0,0.811657714202052,11.558553473983077,0.0,0.8754159202476733,2,2,0,low,Delayed Recall Weakness,Delayed Recall Weakness
L0135,135,C,Sports,19.884764503988713,6,factual_recall,easy,long_delay,1.0,0.7024182025698837,22.747903355779297,0.0,0.8754159202476733,2,0,2,low,Delayed Recall Weakness,Delayed Recall Weakness
L0135,135,C,Entertainment,9.424352159963794,7,inference,easy,immediate,1.0,0.9345810598981346,16.532083793147823,0.0,0.8754159202476733,0,2,0,low,Delayed Recall Weakness,Delayed Recall Weakness
L0135,135,C,Entertainment,16.934066321735052,8,comprehension,hard,immediate,1.0,0.8034817977348593,15.0981393484442,0.0,0.8754159202476733,0,3,1,low,Delayed Recall Weakness,Delayed Recall Weakness
L0135,135,C,World,13.61409672601662,9,comprehension,medium,immediate,1.0,0.7901482968560631,10.094506439259202,0.0,0.8754159202476733,3,2,0,low,Delayed Recall Weakness,Delayed Recall Weakness
L0136,136,C,Sports,9.436370094865838,0,factual_recall,easy,short_delay,1.0,0.7354991588578971,13.180210228107802,0.0,0.8464434464144746,3,3,0,low,Needs Review,Delayed Recall Weakness
L0136,136,C,News,13.458732898765597,1,comprehension,easy,short_delay,1.0,0.7494410342560659,11.103563107585508,0.0,0.8464434464144746,1,2,0,low,Needs Review,Delayed Recall Weakness
L0136,136,C,World,19.799440899307278,2,comprehension,medium,long_delay,1.0,0.7232500216606489,16.866932030821687,0.0,0.8464434464144746,0,2,0,low,Needs Review,Delayed Recall Weakness
L0136,136,C,Entertainment,16.655104296488975,3,comprehension,hard,short_delay,1.0,0.7631112337936231,17.825561065367875,0.0,0.8464434464144746,2,2,0,low,Needs Review,Delayed Recall Weakness
L0136,136,C,Sports,19.769037531086337,4,factual_recall,medium,immediate,1.0,0.8496013771274863,13.92496016230548,0.0,0.8464434464144746,2,1,1,low,Needs Review,Delayed Recall Weakness
L0136,136,C,Sports,10.85701241344795,5,comprehension,hard,short_delay,1.0,0.9372205682130058,10.735123093517824,0.0,0.8464434464144746,1,2,2,low,Needs Review,Delayed Recall Weakness
L0136,136,C,World,5.4147053763154265,6,inference,medium,long_delay,1.0,0.6619722820592782,15.081118268941571,0.0,0.8464434464144746,4,3,2,low,Needs Review,Delayed Recall Weakness
L0136,136,C,Cooking,12.452260951196203,7,reasoning,hard,long_delay,1.0,0.6969812298479405,13.066927166189732,0.0,0.8464434464144746,2,1,0,low,Needs Review,Delayed Recall Weakness
L0136,136,C,News,8.97803605036234,8,reasoning,hard,long_delay,1.0,0.7366842993017466,13.035947024858158,0.0,0.8464434464144746,2,0,2,low,Needs Review,Delayed Recall Weakness
L0136,136,C,Entertainment,11.989504208956427,9,factual_recall,hard,long_delay,1.0,0.8612593501949275,11.950399125592655,0.0,0.8464434464144746,2,2,2,low,Needs Review,Delayed Recall Weakness
L0137,137,C,World,19.53170887052566,0,factual_recall,easy,immediate,1.0,0.6744448884756594,15.833124853160596,0.0,0.8392184283176725,1,2,2,low,Delayed Recall Weakness,Delayed Recall Weakness
L0137,137,C,News,9.596429072064588,1,reasoning,hard,short_delay,1.0,0.6381779502900355,16.680442779488406,0.0,0.8392184283176725,4,0,0,low,Delayed Recall Weakness,Delayed Recall Weakness
L0137,137,C,World,13.91761204373076,2,comprehension,easy,immediate,1.0,0.8055884392089722,11.809505656451977,0.0,0.8392184283176725,2,2,1,low,Delayed Recall Weakness,Delayed Recall Weakness
L0137,137,C,Cooking,9.364507719956892,3,reasoning,easy,short_delay,1.0,0.8238431771893535,8.231628010760499,0.0,0.8392184283176725,1,2,2,low,Delayed Recall Weakness,Delayed Recall Weakness
L0137,137,C,Entertainment,13.779035946708355,4,reasoning,hard,immediate,1.0,0.7054574737878069,14.401184257226426,0.0,0.8392184283176725,0,2,1,low,Delayed Recall Weakness,Delayed Recall Weakness
L0137,137,C,News,6.07462314641996,5,factual_recall,hard,immediate,1.0,0.883682586604109,9.99662145873526,0.0,0.8392184283176725,3,0,0,low,Delayed Recall Weakness,Delayed Recall Weakness
L0137,137,C,Entertainment,19.358907519992332,6,reasoning,hard,immediate,1.0,0.812177451943713,18.483550652244528,1.0,0.8392184283176725,0,0,1,low,Delayed Recall Weakness,Delayed Recall Weakness
L0137,137,C,Cooking,9.231483590832877,7,comprehension,medium,short_delay,1.0,0.9079562091932283,12.37129327829363,0.0,0.8392184283176725,3,1,1,low,Delayed Recall Weakness,Delayed Recall Weakness
L0137,137,C,World,11.501312480305174,8,factual_recall,easy,long_delay,1.0,0.8296428695986873,20.898404425973194,0.0,0.8392184283176725,2,0,0,low,Delayed Recall Weakness,Delayed Recall Weakness
L0137,137,C,Sports,15.266450620923411,9,factual_recall,easy,immediate,1.0,0.714693314249668,5.503365329924657,0.0,0.8392184283176725,0,3,1,low,Delayed Recall Weakness,Delayed Recall Weakness
L0138,138,C,Cooking,7.205916883771012,0,reasoning,medium,long_delay,1.0,0.7738716962722726,15.772164697023632,0.0,0.8289888046614703,2,1,1,low,Delayed Recall Weakness,Delayed Recall Weakness
L0138,138,C,World,13.4489624874059,1,comprehension,easy,long_delay,1.0,0.8048612078115529,16.40688549042254,0.0,0.8289888046614703,2,0,1,low,Delayed Recall Weakness,Delayed Recall Weakness
L0138,138,C,News,6.587238287120837,2,inference,easy,long_delay,1.0,0.6585206507552759,18.36756211557865,0.0,0.8289888046614703,4,3,2,low,Delayed Recall Weakness,Delayed Recall Weakness
L0138,138,C,World,18.424906190624974,3,inference,easy,immediate,1.0,0.8395754506836205,9.471506284281912,0.0,0.8289888046614703,2,3,2,low,Delayed Recall Weakness,Delayed Recall Weakness
L0138,138,C,News,5.906113651934487,4,reasoning,hard,immediate,1.0,0.9029969811078777,14.886475791397247,0.0,0.8289888046614703,0,0,2,low,Delayed Recall Weakness,Delayed Recall Weakness
L0138,138,C,World,11.957695241137223,5,comprehension,hard,long_delay,1.0,0.8461179311864703,12.546099984154706,0.0,0.8289888046614703,4,1,0,low,Delayed Recall Weakness,Delayed Recall Weakness
L0138,138,C,Sports,5.341461822780821,6,inference,hard,immediate,1.0,0.7459157757756613,13.605459824258554,1.0,0.8289888046614703,4,0,1,low,Delayed Recall Weakness,Delayed Recall Weakness
L0138,138,C,Sports,11.044808226940676,7,reasoning,medium,long_delay,1.0,0.7364477282079608,17.457635410674975,0.0,0.8289888046614703,1,0,0,low,Delayed Recall Weakness,Delayed Recall Weakness
L0138,138,C,Entertainment,5.354920303013967,8,factual_recall,hard,long_delay,1.0,0.8239881875339263,17.892503492204973,0.0,0.8289888046614703,4,3,0,low,Delayed Recall Weakness,Delayed Recall Weakness
L0138,138,C,Entertainment,13.939407759122478,9,reasoning,medium,long_delay,1.0,0.7877357027729457,19.593774601534616,0.0,0.8289888046614703,3,3,2,low,Delayed Recall Weakness,Delayed Recall Weakness
L0139,139,C,News,19.07446237276683,0,reasoning,hard,short_delay,1.0,0.7530997714179378,13.001030198358096,0.0,0.7577266989992357,2,3,0,low,Needs Review,Delayed Recall Weakness
L0139,139,C,World,19.555882443221442,1,comprehension,hard,short_delay,1.0,0.801834428045409,6.134134116421809,0.0,0.7577266989992357,2,0,1,low,Needs Review,Delayed Recall Weakness
L0139,139,C,Sports,8.272688068704602,2,inference,hard,immediate,1.0,0.736819014126931,14.403134367240233,0.0,0.7577266989992357,4,3,0,low,Needs Review,Delayed Recall Weakness
L0139,139,C,Entertainment,13.044560146972367,3,factual_recall,easy,short_delay,1.0,0.7638595261541743,15.755915534407302,0.0,0.7577266989992357,2,2,2,low,Needs Review,Delayed Recall Weakness
L0139,139,C,World,11.069429336593021,4,factual_recall,easy,short_delay,1.0,0.9471500452981784,17.85256389270021,0.0,0.7577266989992357,1,3,2,low,Needs Review,Delayed Recall Weakness
L0139,139,C,World,11.001322484793429,5,reasoning,medium,short_delay,1.0,0.8883219108625343,13.706580821692901,0.0,0.7577266989992357,1,2,1,low,Needs Review,Delayed Recall Weakness
L0139,139,C,World,12.972083927983627,6,comprehension,hard,short_delay,1.0,0.745133785535461,12.509315348854473,0.0,0.7577266989992357,0,1,2,low,Needs Review,Delayed Recall Weakness
L0139,139,C,Sports,7.265384099471779,7,factual_recall,easy,short_delay,1.0,0.76243467912221,21.945058721958112,0.0,0.7577266989992357,3,3,0,low,Needs Review,Delayed Recall Weakness
L0139,139,C,Sports,19.983075346464332,8,comprehension,easy,immediate,1.0,0.6978396841158525,14.026344624398208,0.0,0.7577266989992357,1,3,1,low,Needs Review,Delayed Recall Weakness
L0139,139,C,Entertainment,15.726052502102226,9,factual_recall,medium,short_delay,1.0,0.856399502880491,16.87824732639174,0.0,0.7577266989992357,0,1,2,low,Needs Review,Delayed Recall Weakness
L0140,140,C,Sports,19.051094748277798,0,reasoning,easy,short_delay,1.0,0.7854032311830419,6.515518948702388,0.0,0.8687250657779083,2,1,1,low,Needs Review,Delayed Recall Weakness
L0140,140,C,World,12.960168072681128,1,comprehension,hard,immediate,1.0,0.8202161576645488,13.74764418926556,0.0,0.8687250657779083,4,1,1,low,Needs Review,Delayed Recall Weakness
L0140,140,C,Cooking,13.293289321585252,2,reasoning,medium,long_delay,1.0,0.8530573111763426,9.004714672855666,0.0,0.8687250657779083,2,3,0,low,Needs Review,Delayed Recall Weakness
L0140,140,C,Sports,16.0794557317977,3,comprehension,easy,long_delay,1.0,0.7730495261283874,20.641515275891887,0.0,0.8687250657779083,3,2,2,low,Needs Review,Delayed Recall Weakness
L0140,140,C,Entertainment,11.730742764188701,4,inference,easy,short_delay,1.0,0.8028961576530103,11.684713113652695,0.0,0.8687250657779083,3,1,2,low,Needs Review,Delayed Recall Weakness
L0140,140,C,News,10.47376352965511,5,comprehension,hard,short_delay,1.0,0.7124949994647833,16.726023943276484,0.0,0.8687250657779083,2,1,0,low,Needs Review,Delayed Recall Weakness
L0140,140,C,World,8.233767074389082,6,factual_recall,easy,immediate,1.0,0.6924402380594256,18.35585210953995,0.0,0.8687250657779083,3,3,1,low,Needs Review,Delayed Recall Weakness
L0140,140,C,News,11.219467703651349,7,reasoning,medium,immediate,1.0,0.6800822123161353,10.180286189771834,0.0,0.8687250657779083,1,2,0,low,Needs Review,Delayed Recall Weakness
L0140,140,C,Sports,10.177783580909624,8,comprehension,easy,long_delay,1.0,0.8519398240902583,14.30418847021883,1.0,0.8687250657779083,4,1,0,low,Needs Review,Delayed Recall Weakness
L0140,140,C,Cooking,10.79871320261584,9,inference,hard,short_delay,1.0,0.7729673721529405,16.213871605552587,0.0,0.8687250657779083,0,0,2,low,Needs Review,Delayed Recall Weakness
L0141,141,C,Sports,11.429658687398682,0,reasoning,easy,short_delay,1.0,0.7681176560339446,11.650196139163521,0.0,0.932852696998612,0,1,2,low,Needs Review,Delayed Recall Weakness
L0141,141,C,Cooking,6.601997343851987,1,inference,medium,immediate,1.0,0.819173939487704,12.088129117855622,0.0,0.932852696998612,3,0,1,low,Needs Review,Delayed Recall Weakness
L0141,141,C,Cooking,10.445775526874481,2,comprehension,easy,short_delay,1.0,0.9597573866624708,9.646048705492834,0.0,0.932852696998612,4,2,1,low,Needs Review,Delayed Recall Weakness
L0141,141,C,World,13.255632688817277,3,reasoning,hard,long_delay,1.0,0.7991628164551631,10.302962356733412,0.0,0.932852696998612,0,0,2,low,Needs Review,Delayed Recall Weakness
L0141,141,C,Cooking,10.314376245318822,4,reasoning,easy,immediate,1.0,0.8564998977405857,12.292942710685859,0.0,0.932852696998612,0,0,2,low,Needs Review,Delayed Recall Weakness
L0141,141,C,Entertainment,8.607351225592591,5,reasoning,easy,short_delay,1.0,0.8416336599440315,4.274605768357553,0.0,0.932852696998612,0,0,2,low,Needs Review,Delayed Recall Weakness
L0141,141,C,Sports,18.94849474971051,6,inference,hard,long_delay,1.0,0.7529426118643241,13.066670635297614,0.0,0.932852696998612,2,3,1,low,Needs Review,Delayed Recall Weakness
L0141,141,C,Cooking,7.558121560356507,7,inference,easy,immediate,1.0,0.8847329385393488,11.968103051033932,0.0,0.932852696998612,1,1,2,low,Needs Review,Delayed Recall Weakness
L0141,141,C,News,7.130633223769657,8,comprehension,medium,long_delay,1.0,0.7320239352719852,17.16004439444733,0.0,0.932852696998612,2,0,2,low,Needs Review,Delayed Recall Weakness
L0141,141,C,News,6.638227469167862,9,factual_recall,hard,short_delay,1.0,0.9071903829155341,15.691922953427301,0.0,0.932852696998612,0,1,0,low,Needs Review,Delayed Recall Weakness
L0142,142,C,Sports,19.10070389121354,0,reasoning,medium,short_delay,1.0,0.7521455862359043,18.381655170459823,0.0,0.9346972676791756,2,0,1,low,Delayed Recall Weakness,Delayed Recall Weakness
L0142,142,C,Sports,11.122093492922094,1,factual_recall,easy,long_delay,1.0,0.7792480591598008,14.29153391884529,0.0,0.9346972676791756,3,1,1,low,Delayed Recall Weakness,Delayed Recall Weakness
L0142,142,C,Sports,14.161873530202818,2,factual_recall,easy,immediate,1.0,0.8010042178488228,13.339509746642841,0.0,0.9346972676791756,1,0,1,low,Delayed Recall Weakness,Delayed Recall Weakness
L0142,142,C,News,6.4692722944698415,3,inference,hard,immediate,1.0,0.7380693646520493,5.967408776799141,0.0,0.9346972676791756,0,3,2,low,Delayed Recall Weakness,Delayed Recall Weakness
L0142,142,C,World,6.7746526737188955,4,comprehension,medium,immediate,1.0,0.7837025775517634,12.505550231946106,0.0,0.9346972676791756,0,2,2,low,Delayed Recall Weakness,Delayed Recall Weakness
L0142,142,C,Entertainment,17.17887290086455,5,inference,easy,immediate,1.0,0.8710440748650616,15.486369664581211,0.0,0.9346972676791756,3,3,2,low,Delayed Recall Weakness,Delayed Recall Weakness
L0142,142,C,Entertainment,6.195733690511565,6,reasoning,easy,immediate,1.0,0.7359708351126494,20.98138007520987,1.0,0.9346972676791756,4,0,1,low,Delayed Recall Weakness,Delayed Recall Weakness
L0142,142,C,World,10.650525025403518,7,reasoning,medium,long_delay,1.0,0.8000071224770912,16.271556616446453,0.0,0.9346972676791756,3,2,1,low,Delayed Recall Weakness,Delayed Recall Weakness
L0142,142,C,Sports,6.150197798276566,8,factual_recall,hard,short_delay,1.0,0.8566986841324746,18.504864927113395,0.0,0.9346972676791756,0,0,1,low,Delayed Recall Weakness,Delayed Recall Weakness
L0142,142,C,Sports,9.40011241393203,9,inference,hard,immediate,1.0,0.7340427160949805,9.163581705512245,0.0,0.9346972676791756,3,1,2,low,Delayed Recall Weakness,Delayed Recall Weakness
L0143,143,C,Entertainment,7.049994571224855,0,comprehension,hard,short_delay,1.0,0.9200402490894315,10.14352784392671,0.0,0.9315082754242697,3,2,0,low,Needs Review,Delayed Recall Weakness
L0143,143,C,News,7.783247445702225,1,reasoning,easy,long_delay,1.0,0.9327372549733218,9.993045026911897,0.0,0.9315082754242697,1,0,2,low,Needs Review,Delayed Recall Weakness
L0143,143,C,News,5.937805242186633,2,comprehension,hard,short_delay,1.0,0.8830678403399463,21.35259405906428,0.0,0.9315082754242697,3,0,1,low,Needs Review,Delayed Recall Weakness
L0143,143,C,News,11.111759916756926,3,inference,easy,long_delay,1.0,0.8961215741787826,21.497385479520567,0.0,0.9315082754242697,0,1,1,low,Needs Review,Delayed Recall Weakness
L0143,143,C,Cooking,6.156495034269581,4,factual_recall,hard,long_delay,1.0,0.8042347259242834,13.989411475015586,0.0,0.9315082754242697,3,1,1,low,Needs Review,Delayed Recall Weakness
L0143,143,C,World,18.973079488344883,5,inference,medium,immediate,1.0,0.633896350120667,15.126094420371707,0.0,0.9315082754242697,1,1,2,low,Needs Review,Delayed Recall Weakness
L0143,143,C,Sports,7.453260420069474,6,reasoning,medium,short_delay,1.0,0.8022304833200011,10.076567771851925,0.0,0.9315082754242697,4,1,1,low,Needs Review,Delayed Recall Weakness
L0143,143,C,World,15.939220697589981,7,factual_recall,hard,long_delay,1.0,0.8497258217935534,16.570299399757815,0.0,0.9315082754242697,3,1,1,low,Needs Review,Delayed Recall Weakness
L0143,143,C,Sports,19.81329934244671,8,factual_recall,medium,long_delay,1.0,0.7891783954747,21.0385966864568,0.0,0.9315082754242697,4,3,0,low,Needs Review,Delayed Recall Weakness
L0143,143,C,Entertainment,13.663393251777682,9,reasoning,easy,long_delay,1.0,0.7855331105008309,7.8830768802212265,0.0,0.9315082754242697,4,2,0,low,Needs Review,Delayed Recall Weakness
L0144,144,C,News,7.9356427278399115,0,reasoning,easy,long_delay,1.0,0.7550143142409047,13.749843216981,0.0,0.8098651685685144,4,2,0,low,Delayed Recall Weakness,Delayed Recall Weakness
L0144,144,C,Entertainment,5.8587225438747454,1,factual_recall,medium,immediate,1.0,0.813281684071731,26.11935355548857,0.0,0.8098651685685144,4,0,0,low,Delayed Recall Weakness,Delayed Recall Weakness
L0144,144,C,Cooking,5.6059732828343085,2,reasoning,medium,immediate,1.0,0.8899299587963292,15.214216944761718,0.0,0.8098651685685144,0,1,2,low,Delayed Recall Weakness,Delayed Recall Weakness
L0144,144,C,News,12.781331374457647,3,reasoning,hard,immediate,1.0,0.9038277153229242,10.544747123278684,1.0,0.8098651685685144,1,3,0,low,Delayed Recall Weakness,Delayed Recall Weakness
L0144,144,C,World,11.904047711206328,4,inference,medium,long_delay,1.0,0.9419748273269964,15.631156023831622,0.0,0.8098651685685144,0,1,1,low,Delayed Recall Weakness,Delayed Recall Weakness
L0144,144,C,Entertainment,18.849703314524966,5,reasoning,easy,immediate,1.0,0.8104491518063445,11.93169925364258,0.0,0.8098651685685144,4,1,1,low,Delayed Recall Weakness,Delayed Recall Weakness
L0144,144,C,Cooking,7.560400174296623,6,inference,hard,short_delay,1.0,0.8610647340401996,10.157023547369795,0.0,0.8098651685685144,4,0,0,low,Delayed Recall Weakness,Delayed Recall Weakness
L0144,144,C,World,5.940375844402017,7,inference,easy,immediate,1.0,0.6836430772477625,22.412558133562,0.0,0.8098651685685144,4,0,0,low,Delayed Recall Weakness,Delayed Recall Weakness
L0144,144,C,News,9.312132933609602,8,factual_recall,easy,short_delay,1.0,0.8343905258529187,18.26724810506701,0.0,0.8098651685685144,2,0,1,low,Delayed Recall Weakness,Delayed Recall Weakness
L0144,144,C,Cooking,13.002382621705916,9,reasoning,medium,long_delay,1.0,0.7139788718831311,15.38214649998298,0.0,0.8098651685685144,1,1,0,low,Delayed Recall Weakness,Delayed Recall Weakness
L0145,145,C,World,6.58383411330502,0,factual_recall,medium,short_delay,1.0,0.7390327853346587,15.632520331902839,0.0,0.9033839188653554,4,0,2,low,Needs Review,Delayed Recall Weakness
L0145,145,C,News,15.393506076739069,1,reasoning,hard,long_delay,1.0,0.6673794527660879,12.529106850097602,0.0,0.9033839188653554,0,1,0,low,Needs Review,Delayed Recall Weakness
L0145,145,C,Entertainment,6.983140054863034,2,inference,easy,immediate,1.0,0.6770740923448196,13.372469461923046,0.0,0.9033839188653554,2,2,0,low,Needs Review,Delayed Recall Weakness
L0145,145,C,World,12.717100121963394,3,factual_recall,medium,short_delay,1.0,0.7665559308754425,15.717450033573112,0.0,0.9033839188653554,1,1,0,low,Needs Review,Delayed Recall Weakness
L0145,145,C,Sports,17.73926612181564,4,inference,easy,immediate,1.0,0.6945265378955889,20.783087722509762,0.0,0.9033839188653554,0,1,1,low,Needs Review,Delayed Recall Weakness
L0145,145,C,Sports,5.758931270335342,5,reasoning,easy,short_delay,1.0,0.7721822483859003,11.876585570091029,0.0,0.9033839188653554,0,1,2,low,Needs Review,Delayed Recall Weakness
L0145,145,C,World,15.352327840270455,6,reasoning,medium,short_delay,1.0,0.9331954280938144,10.96955886844687,0.0,0.9033839188653554,1,3,1,low,Needs Review,Delayed Recall Weakness
L0145,145,C,World,10.509374211937475,7,reasoning,easy,short_delay,1.0,0.6897121289849055,8.48476506887909,0.0,0.9033839188653554,3,1,0,low,Needs Review,Delayed Recall Weakness
L0145,145,C,World,5.798760027097078,8,comprehension,easy,long_delay,1.0,0.777391611881784,14.412384130039216,0.0,0.9033839188653554,3,0,0,low,Needs Review,Delayed Recall Weakness
L0145,145,C,Cooking,11.359986907384702,9,inference,medium,short_delay,1.0,0.9705843643417108,8.37725052072835,0.0,0.9033839188653554,1,2,2,low,Needs Review,Delayed Recall Weakness
L0146,146,C,Sports,10.908203226669762,0,factual_recall,hard,short_delay,1.0,0.7076973007583576,12.793913596490826,0.0,0.8294921163144345,3,2,2,low,Delayed Recall Weakness,Delayed Recall Weakness
L0146,146,C,Cooking,14.19423356697456,1,inference,hard,immediate,1.0,0.8048509518072224,9.817233996441773,0.0,0.8294921163144345,1,1,1,low,Delayed Recall Weakness,Delayed Recall Weakness
L0146,146,C,Cooking,17.89721421977304,2,comprehension,medium,immediate,1.0,0.8245280407828658,7.863760467114154,0.0,0.8294921163144345,4,1,0,low,Delayed Recall Weakness,Delayed Recall Weakness
L0146,146,C,World,13.76589408117782,3,comprehension,easy,long_delay,1.0,0.6857474684972841,21.022695720929264,1.0,0.8294921163144345,1,2,1,low,Delayed Recall Weakness,Delayed Recall Weakness
L0146,146,C,Cooking,11.45932516872287,4,inference,medium,immediate,1.0,0.8607953132304679,21.075149034794627,1.0,0.8294921163144345,2,2,0,low,Delayed Recall Weakness,Delayed Recall Weakness
L0146,146,C,Cooking,5.824405822128057,5,inference,hard,short_delay,1.0,0.8611238111859798,10.301601032263077,0.0,0.8294921163144345,0,2,2,low,Delayed Recall Weakness,Delayed Recall Weakness
L0146,146,C,News,6.137348152136167,6,inference,easy,long_delay,1.0,0.8779751310622899,11.090716749285773,0.0,0.8294921163144345,4,3,1,low,Delayed Recall Weakness,Delayed Recall Weakness
L0146,146,C,Entertainment,13.665062002341848,7,inference,easy,immediate,1.0,0.8239911267792479,12.704035849875313,0.0,0.8294921163144345,0,3,2,low,Delayed Recall Weakness,Delayed Recall Weakness
L0146,146,C,News,8.627661510597163,8,comprehension,medium,short_delay,1.0,0.8509665680231198,18.897027488583934,1.0,0.8294921163144345,1,0,1,low,Delayed Recall Weakness,Delayed Recall Weakness
L0146,146,C,Entertainment,17.11067035668633,9,inference,hard,short_delay,1.0,0.9748020675662658,8.85079120607876,0.0,0.8294921163144345,0,1,1,low,Delayed Recall Weakness,Delayed Recall Weakness
L0147,147,C,Entertainment,8.285644397515751,0,reasoning,easy,short_delay,1.0,0.8264815779842801,19.718249590191302,0.0,0.9196904244920682,2,2,0,low,Stable Learner,Delayed Recall Weakness
L0147,147,C,Cooking,16.453456457113663,1,inference,easy,long_delay,1.0,0.9068306158160101,7.482868788343242,0.0,0.9196904244920682,1,3,2,low,Stable Learner,Delayed Recall Weakness
L0147,147,C,News,16.645360111517483,2,inference,medium,immediate,1.0,0.7795326034280353,21.60678778768829,0.0,0.9196904244920682,4,0,2,low,Stable Learner,Delayed Recall Weakness
L0147,147,C,Sports,11.341420475343446,3,comprehension,easy,immediate,1.0,0.7687246775614165,7.710098344826239,0.0,0.9196904244920682,4,3,2,low,Stable Learner,Delayed Recall Weakness
L0147,147,C,Entertainment,9.107175992923413,4,reasoning,hard,short_delay,1.0,0.7896782303508951,9.206767699667177,0.0,0.9196904244920682,1,1,2,low,Stable Learner,Delayed Recall Weakness
L0147,147,C,Entertainment,6.340123373433183,5,comprehension,hard,long_delay,1.0,0.7217028504464338,11.51671381254764,0.0,0.9196904244920682,0,3,0,low,Stable Learner,Delayed Recall Weakness
L0147,147,C,World,7.853129510663767,6,inference,hard,immediate,1.0,0.785999250850271,19.230882767879457,0.0,0.9196904244920682,1,2,0,low,Stable Learner,Delayed Recall Weakness
L0147,147,C,Sports,6.3775315140276305,7,reasoning,easy,short_delay,1.0,0.7106073564972848,14.902293988914293,0.0,0.9196904244920682,0,1,1,low,Stable Learner,Delayed Recall Weakness
L0147,147,C,Sports,16.663282014784247,8,comprehension,easy,long_delay,1.0,0.8820006255119663,13.024682997913713,0.0,0.9196904244920682,2,0,2,low,Stable Learner,Delayed Recall Weakness
L0147,147,C,Sports,7.198611882022962,9,inference,easy,short_delay,1.0,0.8434949912826415,10.829490261419359,0.0,0.9196904244920682,1,3,2,low,Stable Learner,Delayed Recall Weakness
L0148,148,C,Entertainment,13.991800447235107,0,comprehension,hard,short_delay,1.0,0.8566522046499179,9.411824383205076,0.0,0.9127390542885707,2,2,1,low,Delayed Recall Weakness,Delayed Recall Weakness
L0148,148,C,News,19.911733919505043,1,inference,hard,immediate,1.0,0.7591707875954364,13.688077992422292,0.0,0.9127390542885707,2,0,0,low,Delayed Recall Weakness,Delayed Recall Weakness
L0148,148,C,World,15.818124091608123,2,reasoning,hard,short_delay,1.0,0.7026018517710315,11.995682121569871,0.0,0.9127390542885707,4,2,1,low,Delayed Recall Weakness,Delayed Recall Weakness
L0148,148,C,World,11.84442839465614,3,factual_recall,hard,short_delay,1.0,0.6423653436957266,9.2385354550496,0.0,0.9127390542885707,2,0,1,low,Delayed Recall Weakness,Delayed Recall Weakness
L0148,148,C,News,16.649954410068396,4,reasoning,medium,immediate,1.0,0.7507909192859732,11.364506088444237,0.0,0.9127390542885707,2,0,1,low,Delayed Recall Weakness,Delayed Recall Weakness
L0148,148,C,Sports,19.180917593766743,5,reasoning,medium,long_delay,1.0,0.842097491836186,10.263372551032028,0.0,0.9127390542885707,1,3,1,low,Delayed Recall Weakness,Delayed Recall Weakness
L0148,148,C,World,18.017455851709563,6,reasoning,hard,long_delay,1.0,0.7137897474320337,8.744301199050348,0.0,0.9127390542885707,0,3,1,low,Delayed Recall Weakness,Delayed Recall Weakness
L0148,148,C,World,7.985226664331918,7,reasoning,easy,immediate,1.0,0.8077558864738983,18.33098330115767,0.0,0.9127390542885707,2,1,1,low,Delayed Recall Weakness,Delayed Recall Weakness
L0148,148,C,Entertainment,16.19422809119776,8,comprehension,easy,immediate,1.0,0.6818856161671324,12.5593005421963,0.0,0.9127390542885707,3,1,0,low,Delayed Recall Weakness,Delayed Recall Weakness
L0148,148,C,Sports,17.689871247354755,9,inference,hard,long_delay,1.0,0.781288944631683,5.191098203705339,0.0,0.9127390542885707,2,1,2,low,Delayed Recall Weakness,Delayed Recall Weakness
L0149,149,C,Sports,6.772394516384552,0,inference,easy,long_delay,1.0,0.8919763026374258,19.536423386023692,0.0,0.8593946663653197,4,3,0,low,Needs Review,Delayed Recall Weakness
L0149,149,C,World,17.13261711799526,1,inference,medium,immediate,1.0,0.796481541618324,8.976216578258937,0.0,0.8593946663653197,3,0,1,low,Needs Review,Delayed Recall Weakness
L0149,149,C,Sports,19.896675440805197,2,reasoning,medium,immediate,1.0,0.8999383626976096,17.529844600263228,1.0,0.8593946663653197,4,1,0,low,Needs Review,Delayed Recall Weakness
L0149,149,C,World,9.335124186444112,3,comprehension,easy,short_delay,1.0,0.8406090212026442,16.825810627118674,0.0,0.8593946663653197,1,2,2,low,Needs Review,Delayed Recall Weakness
L0149,149,C,News,6.716674814335416,4,inference,hard,short_delay,1.0,0.7897993232761474,11.096990553671883,0.0,0.8593946663653197,4,2,1,low,Needs Review,Delayed Recall Weakness
L0149,149,C,Entertainment,15.06584556690194,5,reasoning,hard,immediate,1.0,0.8630135447691436,6.019073491533102,0.0,0.8593946663653197,1,1,0,low,Needs Review,Delayed Recall Weakness
L0149,149,C,Sports,11.441276888579926,6,factual_recall,hard,short_delay,1.0,0.8635246771621697,11.724349608208293,0.0,0.8593946663653197,2,0,2,low,Needs Review,Delayed Recall Weakness
L0149,149,C,News,19.03062404889293,7,factual_recall,easy,short_delay,1.0,0.8377528003592971,22.312060174532043,0.0,0.8593946663653197,2,0,2,low,Needs Review,Delayed Recall Weakness
L0149,149,C,Entertainment,8.341222219000773,8,comprehension,hard,short_delay,1.0,0.6166158900299854,10.546890831162582,0.0,0.8593946663653197,1,2,1,low,Needs Review,Delayed Recall Weakness
L0149,149,C,Sports,14.73498887223575,9,reasoning,easy,short_delay,1.0,0.7213951607388482,10.822970621602918,0.0,0.8593946663653197,0,3,0,low,Needs Review,Delayed Recall Weakness
L0150,150,C,Cooking,11.997260984002494,0,inference,hard,long_delay,1.0,0.85832481753523,19.140894467687183,0.0,0.85022588567785,0,3,0,low,Delayed Recall Weakness,Delayed Recall Weakness
L0150,150,C,Cooking,15.86533060624952,1,reasoning,medium,immediate,1.0,0.8246292667784785,13.959896592052877,0.0,0.85022588567785,1,3,0,low,Delayed Recall Weakness,Delayed Recall Weakness
L0150,150,C,World,16.808074960944083,2,reasoning,easy,immediate,1.0,0.9047541041556411,12.35264196700746,0.0,0.85022588567785,1,3,1,low,Delayed Recall Weakness,Delayed Recall Weakness
L0150,150,C,Entertainment,15.433120277263809,3,factual_recall,easy,long_delay,1.0,0.7580436629736769,17.157177511776148,0.0,0.85022588567785,2,2,0,low,Delayed Recall Weakness,Delayed Recall Weakness
L0150,150,C,World,6.347750646386228,4,comprehension,easy,immediate,1.0,0.815094091868762,10.823182473601264,0.0,0.85022588567785,4,0,2,low,Delayed Recall Weakness,Delayed Recall Weakness
L0150,150,C,Cooking,11.618166793214597,5,reasoning,easy,short_delay,1.0,0.7920725080726007,18.339938140335835,0.0,0.85022588567785,4,3,1,low,Delayed Recall Weakness,Delayed Recall Weakness
L0150,150,C,World,14.524474434163515,6,inference,hard,immediate,1.0,0.804678353844664,18.33136798965481,0.0,0.85022588567785,3,3,0,low,Delayed Recall Weakness,Delayed Recall Weakness
L0150,150,C,World,14.529068341713488,7,factual_recall,medium,short_delay,1.0,0.729184084079684,19.029115604537633,0.0,0.85022588567785,2,2,1,low,Delayed Recall Weakness,Delayed Recall Weakness
L0150,150,C,World,12.697124035380286,8,inference,easy,immediate,1.0,0.8460729334330541,15.506491938717973,0.0,0.85022588567785,1,0,2,low,Delayed Recall Weakness,Delayed Recall Weakness
L0150,150,C,News,8.771616632560791,9,comprehension,medium,long_delay,1.0,0.8334371420679598,12.054014469608935,0.0,0.85022588567785,4,0,0,low,Delayed Recall Weakness,Delayed Recall Weakness
L0151,151,C,Sports,7.3010350605301175,0,reasoning,medium,short_delay,1.0,0.6610686310053407,9.157659339440585,0.0,0.9119561178826688,2,3,2,low,Delayed Recall Weakness,Delayed Recall Weakness
L0151,151,C,News,7.456590898876179,1,reasoning,medium,long_delay,1.0,0.7365977061365584,8.90588269824604,0.0,0.9119561178826688,1,3,1,low,Delayed Recall Weakness,Delayed Recall Weakness
L0151,151,C,World,6.518091911603607,2,inference,hard,short_delay,1.0,0.9111476096644043,17.90289058600637,0.0,0.9119561178826688,1,1,0,low,Delayed Recall Weakness,Delayed Recall Weakness
L0151,151,C,Sports,9.177598365313546,3,reasoning,hard,immediate,1.0,1.0,13.770343780289993,0.0,0.9119561178826688,3,3,2,low,Delayed Recall Weakness,Delayed Recall Weakness
L0151,151,C,News,14.100665404695096,4,reasoning,easy,long_delay,1.0,0.8955753972045625,14.403432399617522,0.0,0.9119561178826688,0,3,1,low,Delayed Recall Weakness,Delayed Recall Weakness
L0151,151,C,World,9.034625337923373,5,reasoning,hard,long_delay,1.0,0.8829554728200761,13.938384251797263,0.0,0.9119561178826688,4,2,2,low,Delayed Recall Weakness,Delayed Recall Weakness
L0151,151,C,Entertainment,19.74901960058098,6,factual_recall,medium,short_delay,1.0,0.841997938249135,9.497133835207102,0.0,0.9119561178826688,3,2,2,low,Delayed Recall Weakness,Delayed Recall Weakness
L0151,151,C,Entertainment,15.981333596705984,7,inference,hard,long_delay,1.0,0.7322002243431864,11.317076375930384,0.0,0.9119561178826688,0,3,1,low,Delayed Recall Weakness,Delayed Recall Weakness
L0151,151,C,Entertainment,16.219997209699432,8,reasoning,medium,long_delay,1.0,0.8796139266560264,11.51829517498619,0.0,0.9119561178826688,0,3,1,low,Delayed Recall Weakness,Delayed Recall Weakness
L0151,151,C,Entertainment,13.940508190841161,9,factual_recall,easy,short_delay,1.0,0.7119034130322457,8.378914211098557,1.0,0.9119561178826688,3,3,2,low,Delayed Recall Weakness,Delayed Recall Weakness
L0152,152,C,Entertainment,9.820099623345616,0,inference,easy,immediate,1.0,0.7415695898614991,17.25851405446527,0.0,0.8283434708270955,4,0,0,low,Delayed Recall Weakness,Delayed Recall Weakness
L0152,152,C,News,12.031080964886373,1,inference,easy,short_delay,1.0,0.7684260075888851,21.242846651673503,0.0,0.8283434708270955,4,2,1,low,Delayed Recall Weakness,Delayed Recall Weakness
L0152,152,C,Sports,11.769054948574121,2,comprehension,easy,immediate,1.0,0.9652156190470658,19.62999349579331,0.0,0.8283434708270955,2,0,1,low,Delayed Recall Weakness,Delayed Recall Weakness
L0152,152,C,Sports,6.624521971534201,3,factual_recall,easy,short_delay,1.0,0.6920930943666551,13.453384463563426,0.0,0.8283434708270955,4,3,2,low,Delayed Recall Weakness,Delayed Recall Weakness
L0152,152,C,World,8.852704122016757,4,inference,medium,long_delay,1.0,0.7664818797346488,13.801943153070386,0.0,0.8283434708270955,3,1,0,low,Delayed Recall Weakness,Delayed Recall Weakness
L0152,152,C,News,17.070606500062954,5,factual_recall,easy,long_delay,1.0,0.8078613648088392,14.186876979136816,0.0,0.8283434708270955,2,1,2,low,Delayed Recall Weakness,Delayed Recall Weakness
L0152,152,C,Sports,12.770985430995397,6,factual_recall,medium,short_delay,1.0,0.7757333797382007,14.587997633850343,0.0,0.8283434708270955,4,0,0,low,Delayed Recall Weakness,Delayed Recall Weakness
L0152,152,C,World,7.621605900875727,7,reasoning,easy,short_delay,1.0,0.885917563315019,10.61060754260874,0.0,0.8283434708270955,1,1,2,low,Delayed Recall Weakness,Delayed Recall Weakness
L0152,152,C,News,11.85994699159005,8,inference,hard,long_delay,1.0,0.7753201655597708,17.746375195421756,0.0,0.8283434708270955,1,0,2,low,Delayed Recall Weakness,Delayed Recall Weakness
L0152,152,C,World,5.906410035322388,9,factual_recall,medium,short_delay,1.0,0.7812366880679513,14.826436510891146,0.0,0.8283434708270955,0,1,2,low,Delayed Recall Weakness,Delayed Recall Weakness
L0153,153,C,Sports,7.1028248695347385,0,factual_recall,easy,immediate,1.0,0.8199096861413167,9.543685619199783,0.0,0.9658213740738542,0,1,2,low,Stable Learner,Delayed Recall Weakness
L0153,153,C,World,13.366687620627408,1,comprehension,medium,long_delay,1.0,0.9256200698889496,13.97154499478649,0.0,0.9658213740738542,4,3,1,low,Stable Learner,Delayed Recall Weakness
L0153,153,C,Cooking,6.747489959430818,2,factual_recall,easy,long_delay,1.0,0.8633920905912323,14.553738077399458,0.0,0.9658213740738542,1,2,1,low,Stable Learner,Delayed Recall Weakness
L0153,153,C,Entertainment,9.87786970141645,3,comprehension,medium,short_delay,1.0,0.8115189887449258,14.732198403268539,0.0,0.9658213740738542,0,2,2,low,Stable Learner,Delayed Recall Weakness
L0153,153,C,News,14.735199555122108,4,comprehension,hard,long_delay,1.0,0.8280272827561175,10.383514371831595,0.0,0.9658213740738542,3,0,1,low,Stable Learner,Delayed Recall Weakness
L0153,153,C,Sports,5.646898501437249,5,comprehension,medium,long_delay,1.0,0.6542866429305741,17.594729529924795,0.0,0.9658213740738542,4,2,1,low,Stable Learner,Delayed Recall Weakness
L0153,153,C,Sports,6.893381357134437,6,inference,medium,short_delay,1.0,0.823369540835692,13.643059054135684,0.0,0.9658213740738542,2,3,0,low,Stable Learner,Delayed Recall Weakness
L0153,153,C,World,9.853873668046763,7,comprehension,hard,long_delay,1.0,0.6765001983642963,15.764302720684647,0.0,0.9658213740738542,4,0,2,low,Stable Learner,Delayed Recall Weakness
L0153,153,C,News,7.288634218400338,8,factual_recall,easy,immediate,1.0,0.6699784678711115,9.214241544212014,0.0,0.9658213740738542,3,2,0,low,Stable Learner,Delayed Recall Weakness
L0153,153,C,Cooking,8.570549895972265,9,factual_recall,easy,immediate,1.0,0.815430295122018,13.286689772816052,0.0,0.9658213740738542,1,1,1,low,Stable Learner,Delayed Recall Weakness
L0154,154,C,World,18.06918973559766,0,comprehension,easy,short_delay,1.0,0.9222613093767188,11.983452747850786,0.0,0.8306539052624674,0,0,1,low,Delayed Recall Weakness,Delayed Recall Weakness
L0154,154,C,Sports,17.01114116731962,1,comprehension,hard,immediate,1.0,0.7072718731058745,15.338429166922886,0.0,0.8306539052624674,2,2,1,low,Delayed Recall Weakness,Delayed Recall Weakness
L0154,154,C,Cooking,17.392844337778325,2,inference,hard,long_delay,1.0,0.8341696733478497,17.365665528537463,0.0,0.8306539052624674,2,1,1,low,Delayed Recall Weakness,Delayed Recall Weakness
L0154,154,C,Entertainment,17.860398624063915,3,comprehension,easy,long_delay,1.0,0.7621155742953295,15.89613732229728,0.0,0.8306539052624674,1,2,0,low,Delayed Recall Weakness,Delayed Recall Weakness
L0154,154,C,News,16.584231258779734,4,reasoning,hard,immediate,1.0,0.7848530989937582,5.213457798003859,0.0,0.8306539052624674,1,2,1,low,Delayed Recall Weakness,Delayed Recall Weakness
L0154,154,C,News,18.464749860974873,5,comprehension,hard,short_delay,1.0,0.6860854185111954,16.78142680391115,0.0,0.8306539052624674,2,2,2,low,Delayed Recall Weakness,Delayed Recall Weakness
L0154,154,C,Entertainment,17.678142445960557,6,comprehension,easy,long_delay,1.0,0.9074501777387116,13.597544949339488,0.0,0.8306539052624674,2,0,0,low,Delayed Recall Weakness,Delayed Recall Weakness
L0154,154,C,World,5.3379566630967,7,comprehension,medium,long_delay,1.0,0.7777762155265379,12.68388521278667,0.0,0.8306539052624674,0,3,2,low,Delayed Recall Weakness,Delayed Recall Weakness
L0154,154,C,Sports,6.216513242646742,8,comprehension,easy,short_delay,1.0,0.7027928272885574,13.563700204099112,0.0,0.8306539052624674,4,3,1,low,Delayed Recall Weakness,Delayed Recall Weakness
L0154,154,C,Sports,14.18792241134784,9,comprehension,medium,long_delay,1.0,0.9002152477632074,7.559868824235673,0.0,0.8306539052624674,4,0,0,low,Delayed Recall Weakness,Delayed Recall Weakness
L0155,155,C,News,9.910763013211191,0,reasoning,medium,immediate,1.0,0.7321678555380158,13.61232572148294,0.0,0.9386843025372797,1,0,2,low,Stable Learner,Delayed Recall Weakness
L0155,155,C,Entertainment,5.830521265003156,1,comprehension,hard,long_delay,1.0,0.7790812309410062,16.29885890846397,0.0,0.9386843025372797,4,1,1,low,Stable Learner,Delayed Recall Weakness
L0155,155,C,News,11.426261924553364,2,comprehension,medium,short_delay,1.0,0.7598475603278853,12.65141504845116,0.0,0.9386843025372797,1,3,2,low,Stable Learner,Delayed Recall Weakness
L0155,155,C,Entertainment,15.8203970724338,3,reasoning,medium,immediate,1.0,0.8055751503248872,6.818907506592698,0.0,0.9386843025372797,3,0,2,low,Stable Learner,Delayed Recall Weakness
L0155,155,C,Entertainment,8.339097867159055,4,comprehension,medium,immediate,1.0,0.8882949336761194,13.037915302915607,0.0,0.9386843025372797,3,2,1,low,Stable Learner,Delayed Recall Weakness
L0155,155,C,World,14.143318020429925,5,comprehension,medium,long_delay,1.0,0.7356777983097528,12.9748255637231,0.0,0.9386843025372797,4,2,0,low,Stable Learner,Delayed Recall Weakness
L0155,155,C,Entertainment,18.759586046145767,6,comprehension,hard,long_delay,1.0,0.8871731849789549,7.630730157800753,0.0,0.9386843025372797,1,2,2,low,Stable Learner,Delayed Recall Weakness
L0155,155,C,Sports,19.546460370565562,7,comprehension,hard,short_delay,1.0,0.8081320999137047,13.707859240822028,0.0,0.9386843025372797,3,2,0,low,Stable Learner,Delayed Recall Weakness
L0155,155,C,News,17.338643619455,8,factual_recall,easy,long_delay,1.0,0.9860953709051423,5.731559101562411,0.0,0.9386843025372797,1,2,0,low,Stable Learner,Delayed Recall Weakness
L0155,155,C,Cooking,15.465257424614608,9,reasoning,medium,short_delay,1.0,0.8255064707496699,12.609252659378082,0.0,0.9386843025372797,2,2,0,low,Stable Learner,Delayed Recall Weakness
L0156,156,C,Entertainment,8.02872866209812,0,factual_recall,easy,short_delay,1.0,0.8269117012503099,20.08049126740531,0.0,0.8916018537840351,0,3,0,low,Delayed Recall Weakness,Delayed Recall Weakness
L0156,156,C,World,10.088253848985078,1,reasoning,hard,immediate,1.0,0.8339908156721186,8.939199859922105,0.0,0.8916018537840351,3,2,0,low,Delayed Recall Weakness,Delayed Recall Weakness
L0156,156,C,World,14.83131933781665,2,factual_recall,medium,long_delay,1.0,0.8875562201044437,14.40183708333158,0.0,0.8916018537840351,2,3,2,low,Delayed Recall Weakness,Delayed Recall Weakness
L0156,156,C,News,8.034575655163371,3,reasoning,easy,short_delay,1.0,0.804513188962068,12.40181954833194,0.0,0.8916018537840351,0,2,1,low,Delayed Recall Weakness,Delayed Recall Weakness
L0156,156,C,World,11.730849036016325,4,inference,hard,long_delay,1.0,0.734655738733571,12.956679551033504,0.0,0.8916018537840351,0,1,2,low,Delayed Recall Weakness,Delayed Recall Weakness
L0156,156,C,Sports,17.513527772435634,5,inference,medium,short_delay,1.0,0.7884566637516773,15.222124035025661,0.0,0.8916018537840351,1,1,2,low,Delayed Recall Weakness,Delayed Recall Weakness
L0156,156,C,World,7.824121209489327,6,reasoning,easy,short_delay,1.0,0.8603024654987997,8.828519083957005,1.0,0.8916018537840351,2,2,2,low,Delayed Recall Weakness,Delayed Recall Weakness
L0156,156,C,Sports,17.656771044130902,7,inference,medium,immediate,1.0,0.6570777633292124,9.571129998030395,0.0,0.8916018537840351,2,2,2,low,Delayed Recall Weakness,Delayed Recall Weakness
L0156,156,C,Cooking,11.216152127762248,8,reasoning,easy,immediate,1.0,0.6575398243702432,12.7949953083151,0.0,0.8916018537840351,3,1,2,low,Delayed Recall Weakness,Delayed Recall Weakness
L0156,156,C,Sports,7.709334788367347,9,comprehension,medium,long_delay,1.0,0.873462089711386,13.418497608423358,0.0,0.8916018537840351,0,2,0,low,Delayed Recall Weakness,Delayed Recall Weakness
L0157,157,C,Sports,18.872726924095304,0,inference,hard,immediate,1.0,0.8396248033365946,13.270691949728082,0.0,0.870991647603533,1,2,1,low,Needs Review,Delayed Recall Weakness
L0157,157,C,Sports,18.49137061366477,1,inference,easy,long_delay,1.0,0.8791437596346774,12.159636319424466,0.0,0.870991647603533,0,1,0,low,Needs Review,Delayed Recall Weakness
L0157,157,C,Entertainment,7.846442702817992,2,comprehension,easy,immediate,1.0,0.8120380737606893,12.932143139666046,0.0,0.870991647603533,2,3,0,low,Needs Review,Delayed Recall Weakness
L0157,157,C,Entertainment,8.817222460208852,3,comprehension,hard,immediate,1.0,0.6979062169289122,16.208757941738607,0.0,0.870991647603533,2,0,2,low,Needs Review,Delayed Recall Weakness
L0157,157,C,World,13.469813397318157,4,reasoning,medium,short_delay,1.0,0.8086063047653415,9.406120102499965,0.0,0.870991647603533,1,0,0,low,Needs Review,Delayed Recall Weakness
L0157,157,C,Cooking,16.262461999667767,5,factual_recall,hard,short_delay,1.0,1.0,18.754754606437483,0.0,0.870991647603533,1,1,1,low,Needs Review,Delayed Recall Weakness
L0157,157,C,Sports,5.817463917838863,6,inference,medium,immediate,1.0,0.9316804261590229,13.776028033207723,0.0,0.870991647603533,0,1,0,low,Needs Review,Delayed Recall Weakness
L0157,157,C,Sports,10.619690293253306,7,inference,easy,long_delay,1.0,0.5620480349793842,10.259902903553803,0.0,0.870991647603533,2,2,2,low,Needs Review,Delayed Recall Weakness
L0157,157,C,News,14.757844071129904,8,inference,easy,short_delay,1.0,0.8050674522955876,18.49740064559478,0.0,0.870991647603533,3,3,2,low,Needs Review,Delayed Recall Weakness
L0157,157,C,Entertainment,12.915218687401634,9,inference,easy,long_delay,1.0,0.8745695620204276,7.819476379553435,0.0,0.870991647603533,3,2,1,low,Needs Review,Delayed Recall Weakness
L0158,158,C,Entertainment,12.206333132180092,0,comprehension,hard,immediate,1.0,0.7780254856836306,13.417940282091138,0.0,0.9064755879543351,1,2,1,low,Delayed Recall Weakness,Delayed Recall Weakness
L0158,158,C,Entertainment,17.151070521893043,1,inference,medium,short_delay,1.0,0.8066312449135694,10.837941173894851,0.0,0.9064755879543351,1,1,2,low,Delayed Recall Weakness,Delayed Recall Weakness
L0158,158,C,Cooking,15.600637460890251,2,factual_recall,hard,short_delay,1.0,0.9394606699895753,14.432047218137269,0.0,0.9064755879543351,4,3,0,low,Delayed Recall Weakness,Delayed Recall Weakness
L0158,158,C,Sports,11.025380380293809,3,reasoning,hard,short_delay,1.0,0.8113624823200911,16.33677977670411,0.0,0.9064755879543351,0,0,2,low,Delayed Recall Weakness,Delayed Recall Weakness
L0158,158,C,Entertainment,6.882555485455504,4,reasoning,hard,immediate,1.0,0.8034050797163135,13.15234056035634,1.0,0.9064755879543351,3,3,1,low,Delayed Recall Weakness,Delayed Recall Weakness
L0158,158,C,Entertainment,9.320620180842747,5,reasoning,easy,immediate,1.0,0.808230760578112,5.966486252442737,0.0,0.9064755879543351,1,3,0,low,Delayed Recall Weakness,Delayed Recall Weakness
L0158,158,C,News,8.233446265353763,6,factual_recall,hard,immediate,1.0,0.7825673185347025,16.361486176221888,0.0,0.9064755879543351,3,0,1,low,Delayed Recall Weakness,Delayed Recall Weakness
L0158,158,C,Cooking,15.33469322384161,7,reasoning,medium,immediate,1.0,0.7651715229023358,14.48073537103904,0.0,0.9064755879543351,2,3,2,low,Delayed Recall Weakness,Delayed Recall Weakness
L0158,158,C,Sports,17.90204762181852,8,reasoning,hard,short_delay,1.0,0.8166942819492345,10.02707419994616,0.0,0.9064755879543351,4,0,2,low,Delayed Recall Weakness,Delayed Recall Weakness
L0158,158,C,World,13.765828125347273,9,inference,medium,long_delay,1.0,0.7595427838432679,17.09308096929309,0.0,0.9064755879543351,0,2,1,low,Delayed Recall Weakness,Delayed Recall Weakness
L0159,159,C,World,19.07956104785934,0,factual_recall,hard,immediate,1.0,0.803486186386449,11.483139009423383,0.0,0.8799735243247068,1,2,0,low,Delayed Recall Weakness,Delayed Recall Weakness
L0159,159,C,News,15.706296828835011,1,reasoning,easy,long_delay,1.0,0.9439198221475799,10.042579779551506,0.0,0.8799735243247068,3,2,0,low,Delayed Recall Weakness,Delayed Recall Weakness
L0159,159,C,World,13.383614499718659,2,comprehension,easy,short_delay,1.0,0.656399750983732,14.472155334628294,0.0,0.8799735243247068,0,1,2,low,Delayed Recall Weakness,Delayed Recall Weakness
L0159,159,C,Sports,19.302005742924877,3,comprehension,easy,immediate,1.0,0.7775293232713777,10.849327190305074,0.0,0.8799735243247068,2,0,2,low,Delayed Recall Weakness,Delayed Recall Weakness
L0159,159,C,Sports,9.84165420472581,4,factual_recall,easy,short_delay,1.0,0.9030493774264828,12.081636059805973,0.0,0.8799735243247068,0,0,1,low,Delayed Recall Weakness,Delayed Recall Weakness
L0159,159,C,Cooking,11.470836325303129,5,reasoning,hard,short_delay,1.0,0.7806582803360995,12.19117842776936,0.0,0.8799735243247068,4,0,0,low,Delayed Recall Weakness,Delayed Recall Weakness
L0159,159,C,Cooking,10.858354718672535,6,comprehension,medium,short_delay,1.0,0.7862926773612002,13.807339270838511,0.0,0.8799735243247068,0,1,2,low,Delayed Recall Weakness,Delayed Recall Weakness
L0159,159,C,Entertainment,12.584769195786127,7,reasoning,hard,long_delay,1.0,0.7333392780094261,11.885910974380636,0.0,0.8799735243247068,2,3,0,low,Delayed Recall Weakness,Delayed Recall Weakness
L0159,159,C,Sports,14.088407935448668,8,reasoning,medium,immediate,1.0,0.7253915695789794,9.752855640251472,0.0,0.8799735243247068,2,1,1,low,Delayed Recall Weakness,Delayed Recall Weakness
L0159,159,C,Sports,16.19212669863583,9,comprehension,hard,short_delay,1.0,0.6539316987333479,14.343065775791354,0.0,0.8799735243247068,1,2,0,low,Delayed Recall Weakness,Delayed Recall Weakness
L0160,160,C,World,16.067422683046804,0,reasoning,hard,long_delay,1.0,0.9484973253916228,21.392195163642214,0.0,0.9456943262984218,0,3,2,low,Delayed Recall Weakness,Delayed Recall Weakness
L0160,160,C,News,8.061448964313183,1,inference,hard,short_delay,1.0,0.7823019479479137,11.3758032383984,0.0,0.9456943262984218,3,1,2,low,Delayed Recall Weakness,Delayed Recall Weakness
L0160,160,C,News,17.720312167193946,2,reasoning,medium,long_delay,1.0,0.8268379761755437,17.163062026258444,0.0,0.9456943262984218,4,0,2,low,Delayed Recall Weakness,Delayed Recall Weakness
L0160,160,C,News,15.540854030129115,3,inference,easy,long_delay,1.0,0.804559300133,18.794688788253467,0.0,0.9456943262984218,3,0,1,low,Delayed Recall Weakness,Delayed Recall Weakness
L0160,160,C,World,9.132935538821295,4,reasoning,medium,long_delay,1.0,0.9384405469882284,13.94921278952191,0.0,0.9456943262984218,3,2,2,low,Delayed Recall Weakness,Delayed Recall Weakness
L0160,160,C,Entertainment,16.530663914980074,5,reasoning,medium,immediate,1.0,0.6309479642037172,14.481822473645167,0.0,0.9456943262984218,4,2,1,low,Delayed Recall Weakness,Delayed Recall Weakness
L0160,160,C,Cooking,9.105656636343008,6,factual_recall,hard,immediate,1.0,0.8301698753016177,7.134808373835553,0.0,0.9456943262984218,0,2,2,low,Delayed Recall Weakness,Delayed Recall Weakness
L0160,160,C,Sports,15.930661177200168,7,inference,hard,long_delay,1.0,0.7418298948684854,11.135344547309414,0.0,0.9456943262984218,2,0,0,low,Delayed Recall Weakness,Delayed Recall Weakness
L0160,160,C,Cooking,5.142845475432284,8,factual_recall,hard,long_delay,1.0,0.6115228782823058,17.628030497319983,0.0,0.9456943262984218,3,2,0,low,Delayed Recall Weakness,Delayed Recall Weakness
L0160,160,C,Cooking,13.54163240866531,9,factual_recall,medium,short_delay,1.0,0.7711575922056607,14.24271638814827,0.0,0.9456943262984218,1,2,0,low,Delayed Recall Weakness,Delayed Recall Weakness
L0161,161,C,News,8.497518998888681,0,factual_recall,medium,short_delay,1.0,0.8309439643539622,12.736907299350428,0.0,0.8877574064113215,3,3,2,low,Needs Review,Delayed Recall Weakness
L0161,161,C,Sports,5.524164165750932,1,inference,easy,immediate,1.0,0.8399586021831199,9.633882173737678,0.0,0.8877574064113215,0,0,1,low,Needs Review,Delayed Recall Weakness
L0161,161,C,Entertainment,9.446665786727875,2,factual_recall,easy,immediate,1.0,0.7724879527376605,16.9784055048515,0.0,0.8877574064113215,3,2,0,low,Needs Review,Delayed Recall Weakness
L0161,161,C,Sports,13.62755523968349,3,comprehension,hard,immediate,1.0,0.8147175413307065,8.379533831726024,0.0,0.8877574064113215,1,2,1,low,Needs Review,Delayed Recall Weakness
L0161,161,C,News,15.375771687464422,4,inference,medium,long_delay,1.0,0.818880650273614,10.285380872310716,0.0,0.8877574064113215,4,3,2,low,Needs Review,Delayed Recall Weakness
L0161,161,C,Cooking,13.040931618533977,5,reasoning,hard,immediate,1.0,0.6056887752725308,16.137256513087923,0.0,0.8877574064113215,3,1,2,low,Needs Review,Delayed Recall Weakness
L0161,161,C,Cooking,17.42813968407315,6,reasoning,easy,immediate,1.0,0.8517220596687592,11.482501870891008,0.0,0.8877574064113215,2,0,2,low,Needs Review,Delayed Recall Weakness
L0161,161,C,Sports,8.80746860607434,7,comprehension,medium,short_delay,1.0,0.8119953756976201,10.286437372843766,0.0,0.8877574064113215,1,3,1,low,Needs Review,Delayed Recall Weakness
L0161,161,C,Cooking,7.286751021128895,8,factual_recall,hard,immediate,1.0,0.8451239092194857,17.62687771816073,0.0,0.8877574064113215,0,2,2,low,Needs Review,Delayed Recall Weakness
L0161,161,C,Entertainment,10.973774662620139,9,factual_recall,easy,long_delay,1.0,0.6970525123642191,17.790847026367473,0.0,0.8877574064113215,1,0,0,low,Needs Review,Delayed Recall Weakness
L0162,162,C,World,10.722729919440162,0,reasoning,medium,short_delay,1.0,0.8462846607027346,8.675611923843272,0.0,0.8186840580351364,2,3,1,low,Needs Review,Delayed Recall Weakness
L0162,162,C,Cooking,11.41923972337592,1,inference,hard,long_delay,1.0,0.7457588433183616,8.873677964338377,0.0,0.8186840580351364,2,2,0,low,Needs Review,Delayed Recall Weakness
L0162,162,C,News,9.889350196927577,2,comprehension,easy,short_delay,1.0,0.819365046510379,10.993498493414394,0.0,0.8186840580351364,1,0,1,low,Needs Review,Delayed Recall Weakness
L0162,162,C,Cooking,9.044144672131003,3,comprehension,hard,immediate,1.0,0.7548534979963549,14.631631646079498,0.0,0.8186840580351364,0,1,1,low,Needs Review,Delayed Recall Weakness
L0162,162,C,Entertainment,9.957616629129808,4,comprehension,medium,immediate,1.0,0.7546386435934752,14.90377077635621,0.0,0.8186840580351364,1,1,1,low,Needs Review,Delayed Recall Weakness
L0162,162,C,Entertainment,6.503300566189169,5,reasoning,hard,short_delay,1.0,0.9218475932988038,8.913213782801229,0.0,0.8186840580351364,2,2,1,low,Needs Review,Delayed Recall Weakness
L0162,162,C,World,10.038456975937933,6,factual_recall,medium,long_delay,1.0,0.6872730727573207,10.508970166212134,0.0,0.8186840580351364,4,3,1,low,Needs Review,Delayed Recall Weakness
L0162,162,C,Entertainment,9.041896840905327,7,comprehension,medium,long_delay,1.0,0.8388292942036436,10.75407005207992,0.0,0.8186840580351364,0,0,1,low,Needs Review,Delayed Recall Weakness
L0162,162,C,World,7.903801385125116,8,comprehension,easy,short_delay,1.0,0.938505952873703,13.277012767540429,0.0,0.8186840580351364,3,3,0,low,Needs Review,Delayed Recall Weakness
L0162,162,C,News,13.37829188261495,9,reasoning,medium,immediate,1.0,0.8548417541178258,21.9387818291643,0.0,0.8186840580351364,4,0,1,low,Needs Review,Delayed Recall Weakness
L0163,163,C,Cooking,9.324787821306744,0,inference,hard,short_delay,1.0,0.9372336878239387,7.610967909177355,0.0,0.8872999379282077,1,3,2,low,Needs Review,Delayed Recall Weakness
L0163,163,C,Cooking,11.17243662488127,1,factual_recall,hard,long_delay,1.0,0.8422656258623101,20.416728480584403,0.0,0.8872999379282077,1,2,0,low,Needs Review,Delayed Recall Weakness
L0163,163,C,Cooking,11.409526067470852,2,factual_recall,medium,long_delay,1.0,0.7308116815889619,9.550066207105157,0.0,0.8872999379282077,2,0,2,low,Needs Review,Delayed Recall Weakness
L0163,163,C,Entertainment,15.660187143468146,3,comprehension,hard,long_delay,1.0,0.6848505379584956,17.17492931891911,0.0,0.8872999379282077,0,0,0,low,Needs Review,Delayed Recall Weakness
L0163,163,C,World,14.459432682249508,4,inference,easy,immediate,1.0,0.7834758330236342,12.911264021324179,0.0,0.8872999379282077,1,0,2,low,Needs Review,Delayed Recall Weakness
L0163,163,C,Entertainment,13.512117476846235,5,comprehension,medium,long_delay,1.0,0.86494115574622,13.536688398532398,0.0,0.8872999379282077,4,3,0,low,Needs Review,Delayed Recall Weakness
L0163,163,C,News,14.207089214331209,6,comprehension,medium,long_delay,1.0,0.782350693064449,13.035592376119407,1.0,0.8872999379282077,0,1,2,low,Needs Review,Delayed Recall Weakness
L0163,163,C,Entertainment,7.285685477874113,7,reasoning,easy,short_delay,1.0,0.8433587340004477,15.022418340205974,0.0,0.8872999379282077,4,0,0,low,Needs Review,Delayed Recall Weakness
L0163,163,C,Entertainment,16.624106721661764,8,comprehension,medium,short_delay,1.0,0.785509964059825,15.83009817312358,0.0,0.8872999379282077,1,1,2,low,Needs Review,Delayed Recall Weakness
L0163,163,C,Entertainment,7.699036873660223,9,factual_recall,medium,long_delay,1.0,0.857360034777248,18.233446047292272,0.0,0.8872999379282077,1,1,0,low,Needs Review,Delayed Recall Weakness
L0164,164,C,News,17.57418914091405,0,factual_recall,hard,immediate,1.0,0.7507773509788528,13.286668092603373,0.0,0.9980068624828768,2,2,2,low,Delayed Recall Weakness,Delayed Recall Weakness
L0164,164,C,Cooking,18.862491341267507,1,factual_recall,easy,immediate,1.0,0.9699262068943152,10.735967226159655,0.0,0.9980068624828768,1,2,2,low,Delayed Recall Weakness,Delayed Recall Weakness
L0164,164,C,Cooking,14.520237035659946,2,comprehension,medium,immediate,1.0,0.8614639590926747,13.12892924813306,0.0,0.9980068624828768,4,0,1,low,Delayed Recall Weakness,Delayed Recall Weakness
L0164,164,C,Cooking,13.27051943231088,3,reasoning,medium,short_delay,1.0,0.9072309866421375,25.694573430418636,1.0,0.9980068624828768,2,2,2,low,Delayed Recall Weakness,Delayed Recall Weakness
L0164,164,C,News,9.136718695855334,4,inference,medium,immediate,1.0,0.7743969796366632,20.871214027188795,0.0,0.9980068624828768,1,1,1,low,Delayed Recall Weakness,Delayed Recall Weakness
L0164,164,C,Entertainment,10.220232516855923,5,reasoning,hard,immediate,1.0,0.8675579762371011,8.242209853197473,0.0,0.9980068624828768,2,0,1,low,Delayed Recall Weakness,Delayed Recall Weakness
L0164,164,C,News,12.710880313313085,6,inference,medium,short_delay,1.0,0.9141579330931491,16.22295320639762,0.0,0.9980068624828768,2,1,2,low,Delayed Recall Weakness,Delayed Recall Weakness
L0164,164,C,Cooking,8.936184093644059,7,reasoning,hard,long_delay,1.0,0.7130113085020903,17.195724348236954,0.0,0.9980068624828768,1,1,0,low,Delayed Recall Weakness,Delayed Recall Weakness
L0164,164,C,Cooking,13.018722012008844,8,comprehension,easy,long_delay,1.0,0.7869338974547665,12.648411653181642,0.0,0.9980068624828768,4,1,0,low,Delayed Recall Weakness,Delayed Recall Weakness
L0164,164,C,Sports,11.09839752215203,9,inference,hard,long_delay,1.0,0.628699784941505,14.713230412634198,0.0,0.9980068624828768,4,0,0,low,Delayed Recall Weakness,Delayed Recall Weakness
L0165,165,C,Cooking,13.166994972870317,0,inference,easy,short_delay,1.0,0.9235310400965318,15.856998294686335,0.0,0.8662317095167114,0,2,2,low,Delayed Recall Weakness,Delayed Recall Weakness
L0165,165,C,Entertainment,12.240361854117227,1,inference,medium,long_delay,1.0,0.7770449251837169,12.152482931452315,0.0,0.8662317095167114,2,1,1,low,Delayed Recall Weakness,Delayed Recall Weakness
L0165,165,C,Sports,16.364943176639564,2,reasoning,medium,short_delay,1.0,0.9787786589828796,11.689322461019481,0.0,0.8662317095167114,4,1,2,low,Delayed Recall Weakness,Delayed Recall Weakness
L0165,165,C,Entertainment,19.80273352895997,3,reasoning,easy,long_delay,1.0,0.7590973501103404,18.102233422870803,0.0,0.8662317095167114,1,3,0,low,Delayed Recall Weakness,Delayed Recall Weakness
L0165,165,C,World,11.736419561276115,4,factual_recall,medium,short_delay,1.0,0.7190617016598959,7.296632909640956,0.0,0.8662317095167114,1,0,0,low,Delayed Recall Weakness,Delayed Recall Weakness
L0165,165,C,World,11.647595528335787,5,inference,medium,short_delay,1.0,0.78669104201185,9.428542108838526,0.0,0.8662317095167114,0,2,0,low,Delayed Recall Weakness,Delayed Recall Weakness
L0165,165,C,Entertainment,10.510191212574403,6,comprehension,easy,short_delay,1.0,0.7800732591330387,13.01076597756978,0.0,0.8662317095167114,1,0,2,low,Delayed Recall Weakness,Delayed Recall Weakness
L0165,165,C,Sports,5.093900510356546,7,reasoning,medium,long_delay,1.0,0.7353824018920574,19.404189222537248,0.0,0.8662317095167114,0,3,0,low,Delayed Recall Weakness,Delayed Recall Weakness
L0165,165,C,Entertainment,15.445708490976603,8,comprehension,hard,long_delay,1.0,1.0,12.501932108122105,0.0,0.8662317095167114,4,2,2,low,Delayed Recall Weakness,Delayed Recall Weakness
L0165,165,C,News,19.84474174088756,9,reasoning,hard,short_delay,1.0,0.82549012542442,15.664606229096785,0.0,0.8662317095167114,2,1,0,low,Delayed Recall Weakness,Delayed Recall Weakness
L0166,166,C,News,16.725486513660666,0,reasoning,hard,long_delay,1.0,0.6747050583263619,11.676482739639912,0.0,0.8617472828567263,4,3,2,low,Stable Learner,Delayed Recall Weakness
L0166,166,C,Cooking,11.413259101357664,1,inference,easy,long_delay,1.0,0.9027023118452376,16.81407505421617,0.0,0.8617472828567263,3,0,1,low,Stable Learner,Delayed Recall Weakness
L0166,166,C,News,10.34767547662141,2,factual_recall,easy,immediate,1.0,0.9121492502106581,13.164401829616336,0.0,0.8617472828567263,3,3,0,low,Stable Learner,Delayed Recall Weakness
L0166,166,C,World,10.265002806736163,3,reasoning,hard,long_delay,1.0,0.7275159199786392,12.690237489753176,0.0,0.8617472828567263,2,1,2,low,Stable Learner,Delayed Recall Weakness
L0166,166,C,Cooking,13.034588530868444,4,reasoning,easy,immediate,1.0,0.773467818672204,10.27689381987694,0.0,0.8617472828567263,3,0,1,low,Stable Learner,Delayed Recall Weakness
L0166,166,C,Entertainment,10.723482232593161,5,inference,easy,long_delay,1.0,0.7275363250751217,11.559794523209533,0.0,0.8617472828567263,0,3,1,low,Stable Learner,Delayed Recall Weakness
L0166,166,C,News,10.452275627108465,6,factual_recall,medium,long_delay,1.0,0.7903578644433825,19.63579242632784,0.0,0.8617472828567263,2,3,1,low,Stable Learner,Delayed Recall Weakness
L0166,166,C,Sports,17.00563356281638,7,factual_recall,easy,long_delay,1.0,0.8086263317952684,9.440890972791568,0.0,0.8617472828567263,2,1,0,low,Stable Learner,Delayed Recall Weakness
L0166,166,C,World,5.967910662281703,8,comprehension,medium,immediate,1.0,0.7718893552707657,16.88329238674092,1.0,0.8617472828567263,2,3,1,low,Stable Learner,Delayed Recall Weakness
L0166,166,C,Cooking,19.21082281665516,9,reasoning,medium,long_delay,1.0,0.6544886883687318,14.188220883614099,0.0,0.8617472828567263,3,2,0,low,Stable Learner,Delayed Recall Weakness
L0167,167,C,Sports,17.222136777389096,0,inference,medium,short_delay,1.0,0.7559220329984948,20.584840801833494,0.0,0.8473151413108745,2,1,1,low,Delayed Recall Weakness,Delayed Recall Weakness
L0167,167,C,World,5.515592006395144,1,comprehension,easy,long_delay,1.0,0.70930801187835,16.207764071029494,1.0,0.8473151413108745,1,1,2,low,Delayed Recall Weakness,Delayed Recall Weakness
L0167,167,C,News,9.27918927422529,2,comprehension,easy,short_delay,1.0,0.6750930725198182,6.518171403750848,0.0,0.8473151413108745,3,0,1,low,Delayed Recall Weakness,Delayed Recall Weakness
L0167,167,C,Sports,12.003690906847883,3,factual_recall,easy,long_delay,1.0,0.7908201006647817,16.633357849646444,0.0,0.8473151413108745,4,0,0,low,Delayed Recall Weakness,Delayed Recall Weakness
L0167,167,C,Sports,12.051497472480786,4,inference,medium,immediate,1.0,0.8653007691669754,11.009052823086684,0.0,0.8473151413108745,0,0,0,low,Delayed Recall Weakness,Delayed Recall Weakness
L0167,167,C,Cooking,10.302802572038154,5,reasoning,easy,long_delay,1.0,0.6895774084676843,16.765227720371037,0.0,0.8473151413108745,4,2,1,low,Delayed Recall Weakness,Delayed Recall Weakness
L0167,167,C,News,7.459995890972283,6,inference,hard,immediate,1.0,0.8218378595299406,11.239672933596903,0.0,0.8473151413108745,0,2,0,low,Delayed Recall Weakness,Delayed Recall Weakness
L0167,167,C,Sports,7.774067834168906,7,inference,easy,short_delay,1.0,0.8627704970706717,13.78787022235214,0.0,0.8473151413108745,0,2,2,low,Delayed Recall Weakness,Delayed Recall Weakness
L0167,167,C,Entertainment,19.676287299614522,8,reasoning,hard,immediate,1.0,0.6530612984942924,11.849828925748202,0.0,0.8473151413108745,0,1,1,low,Delayed Recall Weakness,Delayed Recall Weakness
L0167,167,C,Sports,12.502291891052447,9,inference,hard,short_delay,1.0,0.7783535119891025,14.012630890954023,0.0,0.8473151413108745,4,1,0,low,Delayed Recall Weakness,Delayed Recall Weakness
L0168,168,D,Entertainment,14.793076608757055,0,factual_recall,easy,long_delay,0.0,0.48995564971264205,33.74279859001263,0.0,0.7502095576140395,4,0,2,high,Needs Review,Attention-Fluctuating
L0168,168,D,News,15.037693620115165,1,reasoning,easy,short_delay,1.0,0.5805939515289559,19.35529463202997,1.0,0.7502095576140395,0,2,0,high,Needs Review,Attention-Fluctuating
L0168,168,D,Sports,19.876805720738677,2,reasoning,easy,immediate,1.0,0.6826465646007847,24.10017575986515,0.0,0.7502095576140395,3,1,1,high,Needs Review,Attention-Fluctuating
L0168,168,D,World,19.449620947112038,3,comprehension,easy,short_delay,1.0,0.5189374114419263,25.250777831488755,1.0,0.7502095576140395,4,2,0,high,Needs Review,Attention-Fluctuating
L0168,168,D,Sports,5.195122409710573,4,inference,medium,short_delay,1.0,0.5620823874771804,10.919408399694287,0.0,0.7502095576140395,0,0,2,high,Needs Review,Attention-Fluctuating
L0168,168,D,Entertainment,5.240841970327771,5,reasoning,medium,short_delay,1.0,0.562909102985539,8.856414438207583,0.0,0.7502095576140395,3,0,0,high,Needs Review,Attention-Fluctuating
L0168,168,D,Entertainment,10.417961110946733,6,inference,medium,immediate,1.0,0.5364873130547722,7.677307153461729,1.0,0.7502095576140395,4,0,1,high,Needs Review,Attention-Fluctuating
L0168,168,D,Sports,7.975626527334382,7,comprehension,medium,long_delay,1.0,0.5117104245967578,15.529319701714115,0.0,0.7502095576140395,3,3,1,high,Needs Review,Attention-Fluctuating
L0168,168,D,News,16.725492790530538,8,reasoning,hard,immediate,1.0,0.7524393205873612,24.992046915510286,0.0,0.7502095576140395,2,2,1,high,Needs Review,Attention-Fluctuating
L0168,168,D,World,8.322715476440182,9,comprehension,medium,long_delay,0.0,0.24585279420471146,12.162379747791759,0.0,0.7502095576140395,4,2,1,high,Needs Review,Attention-Fluctuating
L0169,169,D,Cooking,7.625293236308632,0,inference,easy,immediate,1.0,0.5926272194045947,33.46647183317277,0.0,0.6087280127502868,3,1,2,high,Low-Engagement,Attention-Fluctuating
L0169,169,D,Sports,16.40551403314207,1,factual_recall,easy,immediate,0.0,0.1369440646220522,16.1523627998965,0.0,0.6087280127502868,0,3,0,high,Low-Engagement,Attention-Fluctuating
L0169,169,D,News,19.755835075476853,2,inference,easy,short_delay,0.0,0.2918335463249514,18.587204922445334,1.0,0.6087280127502868,0,2,0,high,Low-Engagement,Attention-Fluctuating
L0169,169,D,World,8.824309795452242,3,inference,easy,long_delay,1.0,0.8378067217680375,4.114965319446288,0.0,0.6087280127502868,2,2,0,high,Low-Engagement,Attention-Fluctuating
L0169,169,D,World,11.84449775872714,4,reasoning,easy,immediate,1.0,0.6738106352013121,14.393007748228603,1.0,0.6087280127502868,0,1,1,high,Low-Engagement,Attention-Fluctuating
L0169,169,D,Sports,6.695890051728151,5,inference,hard,immediate,1.0,0.5292368305040666,19.769914050679862,1.0,0.6087280127502868,3,0,0,high,Low-Engagement,Attention-Fluctuating
L0169,169,D,World,6.44771706068036,6,comprehension,easy,immediate,0.0,0.41825133546275545,14.272142887868132,1.0,0.6087280127502868,4,0,2,high,Low-Engagement,Attention-Fluctuating
L0169,169,D,News,17.718041127948922,7,factual_recall,hard,immediate,0.0,0.3831492164825813,13.143714664257677,0.0,0.6087280127502868,3,0,1,high,Low-Engagement,Attention-Fluctuating
L0169,169,D,World,16.07721816260459,8,factual_recall,hard,long_delay,1.0,0.6400311510177051,21.26909625615323,0.0,0.6087280127502868,3,2,2,high,Low-Engagement,Attention-Fluctuating
L0169,169,D,Entertainment,17.061217590702256,9,comprehension,medium,short_delay,1.0,0.5312735380815308,33.148232815609894,1.0,0.6087280127502868,1,1,0,high,Low-Engagement,Attention-Fluctuating
L0170,170,D,News,16.599983731965075,0,inference,hard,immediate,1.0,0.5777003670712115,15.80179410766015,0.0,0.7207479451924987,0,0,1,high,Needs Review,Attention-Fluctuating
L0170,170,D,World,7.072957820597031,1,reasoning,medium,immediate,1.0,0.7548773573846863,21.70684342991156,1.0,0.7207479451924987,3,3,0,high,Needs Review,Attention-Fluctuating
L0170,170,D,News,11.993620134370648,2,comprehension,easy,short_delay,0.0,0.267294405193205,9.313854591464509,1.0,0.7207479451924987,0,2,1,high,Needs Review,Attention-Fluctuating
L0170,170,D,News,12.331380042167295,3,factual_recall,easy,immediate,1.0,0.6105291642538277,24.815858690394275,0.0,0.7207479451924987,3,1,0,high,Needs Review,Attention-Fluctuating
L0170,170,D,Sports,17.058334742649702,4,comprehension,easy,immediate,0.0,0.3806256542654158,15.938009778423941,0.0,0.7207479451924987,0,2,2,high,Needs Review,Attention-Fluctuating
L0170,170,D,Sports,8.525412578507467,5,inference,easy,immediate,1.0,0.5411170158883363,13.16336437862103,1.0,0.7207479451924987,4,3,1,high,Needs Review,Attention-Fluctuating
L0170,170,D,World,13.049592105453696,6,comprehension,medium,short_delay,0.0,0.48271586120815746,10.052411882970187,0.0,0.7207479451924987,3,3,0,high,Needs Review,Attention-Fluctuating
L0170,170,D,World,12.898616639987505,7,reasoning,medium,immediate,0.0,0.4724038507937486,15.586025395333182,0.0,0.7207479451924987,1,0,2,high,Needs Review,Attention-Fluctuating
L0170,170,D,News,7.669952899040741,8,reasoning,medium,long_delay,1.0,0.6451163613412729,36.70639256845922,0.0,0.7207479451924987,2,3,2,high,Needs Review,Attention-Fluctuating
L0170,170,D,Cooking,10.222790195494357,9,factual_recall,hard,short_delay,1.0,0.6442426804785023,17.366862298974105,0.0,0.7207479451924987,4,0,1,high,Needs Review,Attention-Fluctuating
L0171,171,D,Entertainment,15.932625557166686,0,factual_recall,hard,immediate,0.0,0.060421624411874875,24.96499924295462,1.0,0.7995991948182597,4,0,0,high,Low-Engagement,Attention-Fluctuating
L0171,171,D,Cooking,13.891924172482945,1,comprehension,medium,short_delay,1.0,0.5398336757344316,18.858614191632412,0.0,0.7995991948182597,3,2,2,high,Low-Engagement,Attention-Fluctuating
L0171,171,D,News,10.248210696941706,2,inference,medium,immediate,1.0,0.7601439660682213,28.949083645848315,0.0,0.7995991948182597,4,1,2,high,Low-Engagement,Attention-Fluctuating
L0171,171,D,News,10.913684629593742,3,factual_recall,hard,immediate,1.0,0.6295951982448245,14.25075331864229,1.0,0.7995991948182597,1,3,0,high,Low-Engagement,Attention-Fluctuating
L0171,171,D,News,19.8791572499021,4,factual_recall,hard,immediate,1.0,0.6292533838999722,3.5597543012026662,0.0,0.7995991948182597,0,3,1,high,Low-Engagement,Attention-Fluctuating
L0171,171,D,World,11.020075152515027,5,reasoning,medium,short_delay,1.0,0.5270012626562578,22.770536694182056,1.0,0.7995991948182597,2,1,0,high,Low-Engagement,Attention-Fluctuating
L0171,171,D,Cooking,6.429352049451074,6,reasoning,hard,long_delay,0.0,0.3882118117850643,19.26379554389255,1.0,0.7995991948182597,4,3,1,high,Low-Engagement,Attention-Fluctuating
L0171,171,D,Sports,13.497152365699737,7,inference,easy,immediate,1.0,0.5965888352219032,22.969315156798633,0.0,0.7995991948182597,0,0,1,high,Low-Engagement,Attention-Fluctuating
L0171,171,D,News,16.72968603809251,8,comprehension,medium,immediate,1.0,0.6104186902470249,5.355486517170721,1.0,0.7995991948182597,1,3,1,high,Low-Engagement,Attention-Fluctuating
L0171,171,D,Sports,10.532638889644772,9,reasoning,hard,immediate,1.0,0.7230509040665911,35.907960886110445,1.0,0.7995991948182597,2,2,0,high,Low-Engagement,Attention-Fluctuating
L0172,172,D,News,9.184698550700038,0,reasoning,hard,immediate,1.0,0.7175346441204704,1.7509268330143164,1.0,0.6584667997260256,1,3,0,high,Low-Engagement,Attention-Fluctuating
L0172,172,D,News,19.51661195711424,1,inference,hard,long_delay,0.0,0.4077443155390676,9.441160796636654,0.0,0.6584667997260256,0,1,1,high,Low-Engagement,Attention-Fluctuating
L0172,172,D,News,17.789288735726394,2,inference,easy,long_delay,0.0,0.2903103628551381,24.98485157059754,1.0,0.6584667997260256,0,0,1,high,Low-Engagement,Attention-Fluctuating
L0172,172,D,News,16.910256476640384,3,reasoning,medium,immediate,0.0,0.41818693783244265,13.459687844749748,0.0,0.6584667997260256,3,3,2,high,Low-Engagement,Attention-Fluctuating
L0172,172,D,Sports,7.150726260511693,4,reasoning,easy,short_delay,1.0,0.523033336499137,26.60786469849232,1.0,0.6584667997260256,4,3,0,high,Low-Engagement,Attention-Fluctuating
L0172,172,D,Sports,5.939741638918596,5,reasoning,hard,immediate,1.0,0.5308997554675294,20.07113430114827,1.0,0.6584667997260256,3,1,1,high,Low-Engagement,Attention-Fluctuating
L0172,172,D,World,11.167410171456439,6,inference,easy,long_delay,1.0,0.5742214183514471,33.792042100367986,1.0,0.6584667997260256,4,3,1,high,Low-Engagement,Attention-Fluctuating
L0172,172,D,Sports,10.565719807664598,7,reasoning,easy,long_delay,1.0,0.8065212692103757,28.427161139326863,0.0,0.6584667997260256,3,0,1,high,Low-Engagement,Attention-Fluctuating
L0172,172,D,Entertainment,19.487605618592465,8,factual_recall,medium,short_delay,1.0,0.8498508876182979,28.610166265589815,0.0,0.6584667997260256,1,3,2,high,Low-Engagement,Attention-Fluctuating
L0172,172,D,Entertainment,12.772774102170025,9,inference,easy,short_delay,1.0,1.0,13.881283913063042,1.0,0.6584667997260256,3,2,1,high,Low-Engagement,Attention-Fluctuating
L0173,173,D,Cooking,7.4671769292792005,0,reasoning,easy,long_delay,0.0,0.495325650579752,18.864431383681833,0.0,0.7153909858848195,1,3,2,high,Attention-Fluctuating,Attention-Fluctuating
L0173,173,D,News,16.275213007318296,1,reasoning,easy,immediate,0.0,0.0279121205016866,27.667588321164843,0.0,0.7153909858848195,0,0,0,high,Attention-Fluctuating,Attention-Fluctuating
L0173,173,D,Sports,7.117758151755985,2,inference,easy,immediate,1.0,0.8137388305969396,21.69575140392247,0.0,0.7153909858848195,1,2,0,high,Attention-Fluctuating,Attention-Fluctuating
L0173,173,D,Cooking,7.2272910880190295,3,comprehension,easy,immediate,1.0,0.7573210707549626,26.287953801606808,0.0,0.7153909858848195,3,3,1,high,Attention-Fluctuating,Attention-Fluctuating
L0173,173,D,Entertainment,6.466598584820566,4,inference,hard,short_delay,0.0,0.4912344061447015,1.0,0.0,0.7153909858848195,2,3,1,high,Attention-Fluctuating,Attention-Fluctuating
L0173,173,D,Sports,7.537834525640429,5,comprehension,medium,long_delay,0.0,0.31365846342457443,5.6565442950254,1.0,0.7153909858848195,1,2,0,high,Attention-Fluctuating,Attention-Fluctuating
L0173,173,D,Cooking,12.246476068331603,6,inference,hard,short_delay,0.0,0.3689465113620548,14.356483301123726,0.0,0.7153909858848195,1,0,2,high,Attention-Fluctuating,Attention-Fluctuating
L0173,173,D,Entertainment,13.329840398126956,7,inference,hard,immediate,1.0,0.6888795724958846,28.79568784900242,0.0,0.7153909858848195,2,3,2,high,Attention-Fluctuating,Attention-Fluctuating
L0173,173,D,Cooking,13.684105344918208,8,reasoning,medium,long_delay,1.0,0.5821318532674972,36.8052972606774,1.0,0.7153909858848195,1,2,0,high,Attention-Fluctuating,Attention-Fluctuating
L0173,173,D,Entertainment,18.139767878038857,9,reasoning,hard,short_delay,1.0,0.7383184035214563,16.357642176131222,0.0,0.7153909858848195,1,0,0,high,Attention-Fluctuating,Attention-Fluctuating
L0174,174,D,Cooking,19.157394951736674,0,reasoning,medium,immediate,0.0,0.3121798377716069,7.6944259607685135,1.0,0.5441609728249462,3,0,2,high,Low-Engagement,Attention-Fluctuating
L0174,174,D,Entertainment,19.69781107393009,1,factual_recall,medium,immediate,0.0,0.4077571559092294,18.952523974474605,1.0,0.5441609728249462,3,1,0,high,Low-Engagement,Attention-Fluctuating
L0174,174,D,News,8.789930974323397,2,factual_recall,easy,short_delay,1.0,0.5522302527611698,25.695943664067155,1.0,0.5441609728249462,0,0,1,high,Low-Engagement,Attention-Fluctuating
L0174,174,D,Cooking,8.561074920098605,3,comprehension,hard,short_delay,0.0,0.35825165904786854,18.964914825578326,0.0,0.5441609728249462,3,0,2,high,Low-Engagement,Attention-Fluctuating
L0174,174,D,Sports,11.89032169479848,4,inference,hard,long_delay,1.0,0.6371416075095274,31.844628848198376,1.0,0.5441609728249462,3,0,0,high,Low-Engagement,Attention-Fluctuating
L0174,174,D,World,14.236147182928685,5,reasoning,medium,short_delay,1.0,0.5507104520163795,1.0,1.0,0.5441609728249462,2,2,2,high,Low-Engagement,Attention-Fluctuating
L0174,174,D,Sports,17.118555144722777,6,inference,hard,short_delay,1.0,1.0,9.577665871972794,0.0,0.5441609728249462,1,1,1,high,Low-Engagement,Attention-Fluctuating
L0174,174,D,World,14.512992871553148,7,inference,medium,short_delay,0.0,0.25911137672146756,32.750560472309445,1.0,0.5441609728249462,2,2,1,high,Low-Engagement,Attention-Fluctuating
L0174,174,D,World,13.297770425617488,8,factual_recall,hard,long_delay,1.0,0.6322958860624763,27.1202633326385,0.0,0.5441609728249462,1,3,2,high,Low-Engagement,Attention-Fluctuating
L0174,174,D,Cooking,7.528041681883048,9,factual_recall,medium,long_delay,1.0,0.6348009978081914,23.40511711266288,1.0,0.5441609728249462,3,2,1,high,Low-Engagement,Attention-Fluctuating
L0175,175,D,Cooking,13.414413733739648,0,factual_recall,medium,immediate,0.0,0.1561556357311677,32.959659598217314,1.0,0.825927372353347,1,0,0,high,Low-Engagement,Attention-Fluctuating
L0175,175,D,Entertainment,11.599104092206458,1,factual_recall,hard,long_delay,1.0,0.6909641951274019,22.138889896142985,0.0,0.825927372353347,1,1,1,high,Low-Engagement,Attention-Fluctuating
L0175,175,D,Sports,14.544756186399326,2,comprehension,easy,immediate,0.0,0.4836603878460807,18.228984604744646,0.0,0.825927372353347,3,1,1,high,Low-Engagement,Attention-Fluctuating
L0175,175,D,News,14.089009943352119,3,comprehension,easy,long_delay,1.0,0.7796343649313314,29.479675541882248,1.0,0.825927372353347,3,1,0,high,Low-Engagement,Attention-Fluctuating
L0175,175,D,News,13.905167944124821,4,factual_recall,medium,immediate,1.0,0.6816380938840347,40.427407235897675,0.0,0.825927372353347,1,0,1,high,Low-Engagement,Attention-Fluctuating
L0175,175,D,Sports,14.136131591178682,5,reasoning,hard,short_delay,0.0,0.25189144719544015,27.15070754168089,1.0,0.825927372353347,0,2,2,high,Low-Engagement,Attention-Fluctuating
L0175,175,D,World,15.042113652552153,6,factual_recall,hard,short_delay,1.0,0.6537660340990955,20.062061268080903,0.0,0.825927372353347,3,3,2,high,Low-Engagement,Attention-Fluctuating
L0175,175,D,Cooking,17.57445618798812,7,inference,easy,immediate,1.0,0.6421255454503215,22.325305497689186,0.0,0.825927372353347,4,0,2,high,Low-Engagement,Attention-Fluctuating
L0175,175,D,News,9.56107578127918,8,inference,easy,long_delay,1.0,0.6726924972929573,20.56043759398258,1.0,0.825927372353347,0,0,2,high,Low-Engagement,Attention-Fluctuating
L0175,175,D,Entertainment,10.132193494800298,9,factual_recall,medium,short_delay,1.0,0.7151057703826618,18.185184152733274,0.0,0.825927372353347,2,0,0,high,Low-Engagement,Attention-Fluctuating
L0176,176,D,News,6.8746823663992105,0,comprehension,medium,short_delay,0.0,0.35253297098400066,26.54137783977379,1.0,0.7112790555049134,1,3,2,high,Delayed Recall Weakness,Attention-Fluctuating
L0176,176,D,News,18.651409191604817,1,comprehension,medium,short_delay,1.0,0.7453462154649012,33.58527749535148,0.0,0.7112790555049134,2,1,2,high,Delayed Recall Weakness,Attention-Fluctuating
L0176,176,D,Entertainment,12.872883153673579,2,inference,easy,immediate,0.0,0.48357019872846524,16.35776196064967,0.0,0.7112790555049134,2,0,2,high,Delayed Recall Weakness,Attention-Fluctuating
L0176,176,D,Sports,16.709410964376872,3,comprehension,easy,immediate,1.0,0.5059928836547356,30.994929467204898,1.0,0.7112790555049134,3,3,0,high,Delayed Recall Weakness,Attention-Fluctuating
L0176,176,D,Cooking,10.281593240882334,4,reasoning,medium,short_delay,0.0,0.4966126735685638,17.75743580456781,0.0,0.7112790555049134,0,2,1,high,Delayed Recall Weakness,Attention-Fluctuating
L0176,176,D,World,18.498425707838035,5,reasoning,hard,long_delay,1.0,0.6125443832124775,33.9924115907787,0.0,0.7112790555049134,0,2,2,high,Delayed Recall Weakness,Attention-Fluctuating
L0176,176,D,Cooking,18.30055145111358,6,inference,medium,short_delay,0.0,0.3498480830681708,13.437821478867892,0.0,0.7112790555049134,1,0,0,high,Delayed Recall Weakness,Attention-Fluctuating
L0176,176,D,Entertainment,10.827725584856353,7,reasoning,medium,long_delay,0.0,0.15135094677954775,1.0,0.0,0.7112790555049134,1,1,1,high,Delayed Recall Weakness,Attention-Fluctuating
L0176,176,D,Entertainment,15.348809164971776,8,reasoning,medium,short_delay,1.0,0.6915408074785544,17.20088255893498,0.0,0.7112790555049134,2,2,2,high,Delayed Recall Weakness,Attention-Fluctuating
L0176,176,D,News,19.048140235567583,9,inference,medium,short_delay,0.0,0.1772884587592579,35.07963193410739,0.0,0.7112790555049134,2,3,1,high,Delayed Recall Weakness,Attention-Fluctuating
L0177,177,D,News,16.87072609467276,0,comprehension,hard,long_delay,0.0,0.21899906836923635,15.34636626884627,0.0,0.7792459036449374,3,0,2,high,Delayed Recall Weakness,Attention-Fluctuating
L0177,177,D,World,11.688497403577538,1,comprehension,hard,immediate,0.0,0.30509237385456806,19.1358498241808,0.0,0.7792459036449374,3,3,2,high,Delayed Recall Weakness,Attention-Fluctuating
L0177,177,D,Cooking,19.609930543802363,2,inference,medium,short_delay,0.0,0.4822468344045654,13.98220462289558,0.0,0.7792459036449374,4,0,0,high,Delayed Recall Weakness,Attention-Fluctuating
L0177,177,D,Sports,16.278188729286217,3,inference,easy,immediate,1.0,0.8269820864754387,22.399715621511795,1.0,0.7792459036449374,4,2,0,high,Delayed Recall Weakness,Attention-Fluctuating
L0177,177,D,Entertainment,12.255859172578818,4,inference,medium,long_delay,0.0,0.44425879405890506,30.34957559704117,0.0,0.7792459036449374,2,3,2,high,Delayed Recall Weakness,Attention-Fluctuating
L0177,177,D,Cooking,15.449068113768554,5,comprehension,easy,immediate,0.0,0.43677990504689007,34.63663696954573,0.0,0.7792459036449374,4,3,2,high,Delayed Recall Weakness,Attention-Fluctuating
L0177,177,D,News,5.3621114370603475,6,reasoning,easy,short_delay,1.0,0.6072174563788899,10.377343247361198,0.0,0.7792459036449374,4,0,2,high,Delayed Recall Weakness,Attention-Fluctuating
L0177,177,D,World,8.916459170257344,7,reasoning,hard,long_delay,1.0,0.6074167222299701,29.007951763012123,1.0,0.7792459036449374,4,1,2,high,Delayed Recall Weakness,Attention-Fluctuating
L0177,177,D,World,9.011420059788739,8,factual_recall,easy,long_delay,0.0,0.442973705449066,23.49680819551018,0.0,0.7792459036449374,1,2,0,high,Delayed Recall Weakness,Attention-Fluctuating
L0177,177,D,World,10.658780109743576,9,reasoning,easy,immediate,1.0,0.9972443134526476,27.745366094600776,1.0,0.7792459036449374,4,3,2,high,Delayed Recall Weakness,Attention-Fluctuating
L0178,178,D,Sports,10.690931990599882,0,factual_recall,easy,short_delay,1.0,0.8230059248761412,23.36807629262251,0.0,0.7485995384004998,4,1,0,high,Low-Engagement,Attention-Fluctuating
L0178,178,D,Cooking,15.947058426388171,1,factual_recall,hard,immediate,1.0,0.9708510813359247,8.239872147526409,0.0,0.7485995384004998,3,0,1,high,Low-Engagement,Attention-Fluctuating
L0178,178,D,Sports,8.580674471706239,2,factual_recall,hard,short_delay,1.0,0.6187058567886417,21.119983618189533,0.0,0.7485995384004998,3,2,1,high,Low-Engagement,Attention-Fluctuating
L0178,178,D,Entertainment,18.679939876313757,3,inference,easy,immediate,1.0,0.8038431663951199,39.3291106128533,0.0,0.7485995384004998,4,1,0,high,Low-Engagement,Attention-Fluctuating
L0178,178,D,News,17.421497711371988,4,factual_recall,hard,long_delay,1.0,0.6797925300213267,33.35652580863771,1.0,0.7485995384004998,2,3,2,high,Low-Engagement,Attention-Fluctuating
L0178,178,D,World,9.145208929018056,5,comprehension,hard,long_delay,1.0,0.5233772772249882,12.872869438655513,1.0,0.7485995384004998,4,3,1,high,Low-Engagement,Attention-Fluctuating
L0178,178,D,News,9.552450097836951,6,comprehension,medium,long_delay,0.0,0.21504472921382103,10.880192418153179,1.0,0.7485995384004998,2,3,1,high,Low-Engagement,Attention-Fluctuating
L0178,178,D,World,10.951148549068941,7,comprehension,easy,long_delay,1.0,0.9252984654164238,19.00208037316072,0.0,0.7485995384004998,2,1,1,high,Low-Engagement,Attention-Fluctuating
L0178,178,D,Sports,6.587800195836582,8,comprehension,medium,immediate,0.0,0.3901795621437754,16.344862710301634,0.0,0.7485995384004998,4,0,1,high,Low-Engagement,Attention-Fluctuating
L0178,178,D,Entertainment,10.725552057510617,9,factual_recall,medium,immediate,1.0,0.8765541822835539,29.997373856427302,1.0,0.7485995384004998,2,1,2,high,Low-Engagement,Attention-Fluctuating
L0179,179,D,Cooking,9.810150269778818,0,inference,easy,long_delay,0.0,0.4193871644412753,21.814233170420486,1.0,0.6001135497359508,2,0,0,high,Low-Engagement,Attention-Fluctuating
L0179,179,D,Sports,15.457521929010461,1,inference,hard,immediate,1.0,0.812460400226997,17.83110677635181,1.0,0.6001135497359508,2,2,1,high,Low-Engagement,Attention-Fluctuating
L0179,179,D,Cooking,11.048341141240476,2,comprehension,easy,immediate,1.0,0.9480287541682874,31.720171730330783,0.0,0.6001135497359508,2,3,1,high,Low-Engagement,Attention-Fluctuating
L0179,179,D,News,15.252868768900274,3,reasoning,easy,long_delay,0.0,0.4757451972454896,20.901344984230278,1.0,0.6001135497359508,2,0,0,high,Low-Engagement,Attention-Fluctuating
L0179,179,D,Sports,13.201668296285689,4,reasoning,easy,short_delay,1.0,0.7342966576726111,17.035724700877193,0.0,0.6001135497359508,2,3,2,high,Low-Engagement,Attention-Fluctuating
L0179,179,D,Sports,13.772862694606278,5,reasoning,hard,short_delay,1.0,0.638004986536321,31.79442172982033,0.0,0.6001135497359508,1,1,2,high,Low-Engagement,Attention-Fluctuating
L0179,179,D,News,17.712405584403704,6,inference,medium,short_delay,1.0,0.5758942119844549,30.49262253771892,1.0,0.6001135497359508,1,2,1,high,Low-Engagement,Attention-Fluctuating
L0179,179,D,Cooking,13.958837066746025,7,reasoning,hard,immediate,1.0,0.9703918040356638,30.019633211538757,1.0,0.6001135497359508,1,3,2,high,Low-Engagement,Attention-Fluctuating
L0179,179,D,Sports,7.65309880147809,8,factual_recall,hard,short_delay,1.0,0.5093596707954495,1.0,0.0,0.6001135497359508,0,3,1,high,Low-Engagement,Attention-Fluctuating
L0179,179,D,Cooking,17.561492014874887,9,comprehension,medium,immediate,1.0,0.8481425274034972,22.401766257384107,0.0,0.6001135497359508,4,3,1,high,Low-Engagement,Attention-Fluctuating
L0180,180,D,World,18.814564219763877,0,reasoning,medium,immediate,0.0,0.4160987535529877,28.76112266718025,0.0,0.8840052660774468,1,1,0,high,Attention-Fluctuating,Attention-Fluctuating
L0180,180,D,Cooking,16.069668318888144,1,inference,hard,immediate,0.0,0.3727272487069026,9.422372288715826,1.0,0.8840052660774468,0,0,2,high,Attention-Fluctuating,Attention-Fluctuating
L0180,180,D,Sports,18.419784572177246,2,factual_recall,medium,long_delay,1.0,0.6609258068036685,27.760726819721395,0.0,0.8840052660774468,1,3,1,high,Attention-Fluctuating,Attention-Fluctuating
L0180,180,D,News,9.70807259984076,3,comprehension,hard,immediate,1.0,0.6808576924529592,8.387240140433343,0.0,0.8840052660774468,2,2,1,high,Attention-Fluctuating,Attention-Fluctuating
L0180,180,D,Entertainment,18.11297861149497,4,inference,medium,long_delay,0.0,0.4270081011833174,17.31512465373205,0.0,0.8840052660774468,0,3,0,high,Attention-Fluctuating,Attention-Fluctuating
L0180,180,D,News,16.36315949899862,5,comprehension,hard,immediate,1.0,0.8687190802654852,9.898844034581604,0.0,0.8840052660774468,0,3,0,high,Attention-Fluctuating,Attention-Fluctuating
L0180,180,D,Sports,12.800707466459786,6,inference,hard,immediate,1.0,0.9849873619540452,15.861193022179192,1.0,0.8840052660774468,4,1,1,high,Attention-Fluctuating,Attention-Fluctuating
L0180,180,D,Sports,9.815940827689232,7,factual_recall,hard,immediate,0.0,0.4744291574318568,36.29924028930444,0.0,0.8840052660774468,3,3,2,high,Attention-Fluctuating,Attention-Fluctuating
L0180,180,D,World,11.412680044406477,8,comprehension,medium,immediate,1.0,0.8974601345462382,16.92062203406594,0.0,0.8840052660774468,1,3,0,high,Attention-Fluctuating,Attention-Fluctuating
L0180,180,D,World,11.350112743805079,9,factual_recall,hard,long_delay,0.0,0.12357356559985545,39.10301623925836,0.0,0.8840052660774468,0,2,0,high,Attention-Fluctuating,Attention-Fluctuating
L0181,181,D,Entertainment,15.384966457739377,0,comprehension,hard,short_delay,1.0,0.7862998309551483,21.03793867648965,1.0,0.8544074585791761,4,3,0,high,Attention-Fluctuating,Attention-Fluctuating
L0181,181,D,World,14.465529109594048,1,comprehension,medium,long_delay,1.0,0.5397555612547372,31.10368899573058,0.0,0.8544074585791761,4,3,2,high,Attention-Fluctuating,Attention-Fluctuating
L0181,181,D,Cooking,19.93761347410989,2,inference,easy,short_delay,1.0,0.7976723350507045,30.47741871861388,0.0,0.8544074585791761,4,2,2,high,Attention-Fluctuating,Attention-Fluctuating
L0181,181,D,Entertainment,7.612140699992,3,inference,medium,long_delay,1.0,0.7255930828786753,25.236642147419158,1.0,0.8544074585791761,2,3,1,high,Attention-Fluctuating,Attention-Fluctuating
L0181,181,D,News,16.171090192039532,4,comprehension,easy,long_delay,0.0,0.4628986415435941,1.0407749311970456,0.0,0.8544074585791761,4,2,2,high,Attention-Fluctuating,Attention-Fluctuating
L0181,181,D,News,13.352971780356903,5,reasoning,easy,short_delay,1.0,0.8542602232435369,4.640476991228807,0.0,0.8544074585791761,1,0,1,high,Attention-Fluctuating,Attention-Fluctuating
L0181,181,D,Cooking,11.233431131665778,6,inference,medium,short_delay,0.0,0.3465046153787772,19.661691197587686,0.0,0.8544074585791761,1,3,1,high,Attention-Fluctuating,Attention-Fluctuating
L0181,181,D,Cooking,18.25555280106098,7,reasoning,easy,immediate,1.0,0.5885510657922128,17.65764958916459,0.0,0.8544074585791761,1,3,0,high,Attention-Fluctuating,Attention-Fluctuating
L0181,181,D,News,19.359230906117038,8,factual_recall,hard,short_delay,1.0,0.5685995374455829,13.019201725016847,0.0,0.8544074585791761,1,2,1,high,Attention-Fluctuating,Attention-Fluctuating
L0181,181,D,Sports,18.966601379346827,9,factual_recall,medium,long_delay,0.0,0.4349123695622438,37.053231974548325,1.0,0.8544074585791761,1,0,2,high,Attention-Fluctuating,Attention-Fluctuating
L0182,182,D,Entertainment,11.488068181519706,0,reasoning,easy,short_delay,1.0,0.6848589849124721,21.984798221400208,0.0,0.8309205688615766,2,1,2,high,Low-Engagement,Attention-Fluctuating
L0182,182,D,Sports,5.16676565618095,1,reasoning,hard,long_delay,1.0,0.5387539269054852,1.0,1.0,0.8309205688615766,4,0,2,high,Low-Engagement,Attention-Fluctuating
L0182,182,D,Sports,16.26328320041933,2,comprehension,medium,short_delay,0.0,0.39250740363065784,20.82097716462424,1.0,0.8309205688615766,4,0,0,high,Low-Engagement,Attention-Fluctuating
L0182,182,D,World,16.643256938339555,3,factual_recall,easy,short_delay,0.0,0.4860213116293713,30.774922631474833,1.0,0.8309205688615766,4,0,0,high,Low-Engagement,Attention-Fluctuating
L0182,182,D,Sports,7.384635989887594,4,reasoning,hard,immediate,0.0,0.4600322674476145,16.788840529106196,1.0,0.8309205688615766,1,3,1,high,Low-Engagement,Attention-Fluctuating
L0182,182,D,Cooking,8.887623765395038,5,factual_recall,hard,immediate,0.0,0.08781863641363875,1.0,0.0,0.8309205688615766,4,0,2,high,Low-Engagement,Attention-Fluctuating
L0182,182,D,World,18.58372744632943,6,inference,hard,short_delay,0.0,0.39827364348516564,13.86059465223303,0.0,0.8309205688615766,4,1,2,high,Low-Engagement,Attention-Fluctuating
L0182,182,D,World,6.83744792000579,7,comprehension,easy,short_delay,1.0,0.9204419522731946,30.7926199498312,1.0,0.8309205688615766,2,3,0,high,Low-Engagement,Attention-Fluctuating
L0182,182,D,News,18.579528844469348,8,factual_recall,easy,short_delay,1.0,0.6737200425917986,20.58629656897669,0.0,0.8309205688615766,4,2,2,high,Low-Engagement,Attention-Fluctuating
L0182,182,D,Cooking,15.613537399639078,9,factual_recall,easy,long_delay,1.0,0.5246952289309806,3.816899052064337,0.0,0.8309205688615766,0,1,1,high,Low-Engagement,Attention-Fluctuating
L0183,183,D,Cooking,18.838062316127413,0,comprehension,hard,short_delay,1.0,0.696890686090989,7.6260089453315345,0.0,0.5735023424586817,3,1,0,high,Low-Engagement,Attention-Fluctuating
L0183,183,D,World,8.225266158078663,1,inference,medium,long_delay,0.0,0.4386912889965109,18.127624786535247,1.0,0.5735023424586817,0,1,0,high,Low-Engagement,Attention-Fluctuating
L0183,183,D,World,15.494905339776487,2,reasoning,hard,short_delay,0.0,0.4928495630832258,22.804717605257686,1.0,0.5735023424586817,3,2,1,high,Low-Engagement,Attention-Fluctuating
L0183,183,D,World,18.163668719800047,3,reasoning,easy,long_delay,1.0,0.6693570273174355,18.977588813243038,1.0,0.5735023424586817,3,3,0,high,Low-Engagement,Attention-Fluctuating
L0183,183,D,Entertainment,10.574936984000026,4,factual_recall,hard,long_delay,1.0,0.5486744929091567,34.38065520492153,0.0,0.5735023424586817,1,0,2,high,Low-Engagement,Attention-Fluctuating
L0183,183,D,Entertainment,6.882711305929108,5,inference,easy,immediate,0.0,0.4590693380731327,25.047745026050286,1.0,0.5735023424586817,3,3,1,high,Low-Engagement,Attention-Fluctuating
L0183,183,D,Entertainment,15.277391531040312,6,factual_recall,easy,short_delay,0.0,0.2021123150552142,16.927169103259587,0.0,0.5735023424586817,0,2,2,high,Low-Engagement,Attention-Fluctuating
L0183,183,D,Entertainment,18.67134923707736,7,reasoning,easy,short_delay,1.0,0.6734851691735629,25.38278756096564,0.0,0.5735023424586817,2,1,2,high,Low-Engagement,Attention-Fluctuating
L0183,183,D,Cooking,8.954317144654189,8,comprehension,easy,immediate,1.0,0.6157985935216803,18.486622783910786,0.0,0.5735023424586817,4,2,0,high,Low-Engagement,Attention-Fluctuating
L0183,183,D,Sports,14.991421101823986,9,inference,medium,long_delay,0.0,0.4965225084633253,18.45192754522654,0.0,0.5735023424586817,3,1,0,high,Low-Engagement,Attention-Fluctuating
L0184,184,D,News,12.093150028379272,0,comprehension,easy,long_delay,0.0,0.48327793202334995,23.87014005154372,0.0,0.7385361469195633,1,0,1,high,Needs Review,Attention-Fluctuating
L0184,184,D,World,12.322333918426644,1,inference,hard,immediate,1.0,0.6798118395004434,12.927297611909658,1.0,0.7385361469195633,3,3,2,high,Needs Review,Attention-Fluctuating
L0184,184,D,Entertainment,6.00704137976252,2,inference,medium,short_delay,0.0,0.3357211672298838,12.069477077569417,1.0,0.7385361469195633,4,3,1,high,Needs Review,Attention-Fluctuating
L0184,184,D,World,19.524821660050293,3,comprehension,medium,long_delay,1.0,0.7143940038494115,16.170265162395435,0.0,0.7385361469195633,3,3,1,high,Needs Review,Attention-Fluctuating
L0184,184,D,News,14.18176895574741,4,factual_recall,medium,immediate,1.0,0.6621426403485822,12.479943471859825,0.0,0.7385361469195633,3,0,0,high,Needs Review,Attention-Fluctuating
L0184,184,D,Entertainment,9.71324645057728,5,reasoning,easy,short_delay,1.0,0.5593382942985355,33.25119109882269,0.0,0.7385361469195633,0,2,2,high,Needs Review,Attention-Fluctuating
L0184,184,D,News,14.416370047949536,6,inference,medium,long_delay,1.0,0.6899034291304167,21.164757141942065,0.0,0.7385361469195633,3,3,0,high,Needs Review,Attention-Fluctuating
L0184,184,D,Sports,7.302888517653071,7,comprehension,easy,immediate,1.0,0.5270119072534045,18.14600233547215,1.0,0.7385361469195633,0,2,1,high,Needs Review,Attention-Fluctuating
L0184,184,D,Sports,18.693750421271446,8,reasoning,easy,short_delay,0.0,0.4659738517345426,8.67275026310971,0.0,0.7385361469195633,1,1,1,high,Needs Review,Attention-Fluctuating
L0184,184,D,World,19.297917438378054,9,inference,hard,long_delay,1.0,0.7087452309577356,25.389894470366404,0.0,0.7385361469195633,3,1,2,high,Needs Review,Attention-Fluctuating
L0185,185,D,News,14.727449488260415,0,comprehension,hard,immediate,1.0,0.7645950452689098,24.759519609490408,0.0,0.8313486673067058,3,0,2,high,Low-Engagement,Attention-Fluctuating
L0185,185,D,Sports,16.661648500676424,1,reasoning,easy,immediate,1.0,0.6116521456533068,21.464081268690016,0.0,0.8313486673067058,2,1,1,high,Low-Engagement,Attention-Fluctuating
L0185,185,D,Cooking,9.60663531836979,2,inference,easy,long_delay,1.0,0.680523735873818,4.606334237074538,1.0,0.8313486673067058,0,1,0,high,Low-Engagement,Attention-Fluctuating
L0185,185,D,Entertainment,11.763202111920373,3,factual_recall,hard,short_delay,1.0,0.7188375108184564,15.590832882724635,1.0,0.8313486673067058,4,2,2,high,Low-Engagement,Attention-Fluctuating
L0185,185,D,Sports,7.047563630362866,4,inference,easy,short_delay,1.0,0.6975211447297768,16.157141827473726,0.0,0.8313486673067058,3,0,2,high,Low-Engagement,Attention-Fluctuating
L0185,185,D,Sports,12.842348618234423,5,factual_recall,hard,long_delay,0.0,0.44423923430484175,19.819444285099394,0.0,0.8313486673067058,3,3,2,high,Low-Engagement,Attention-Fluctuating
L0185,185,D,Sports,18.89513980084361,6,factual_recall,hard,long_delay,0.0,0.46445804853078754,7.180775513523411,1.0,0.8313486673067058,3,3,2,high,Low-Engagement,Attention-Fluctuating
L0185,185,D,Sports,12.971719897807949,7,reasoning,hard,long_delay,1.0,0.5422810676627899,4.460057640055874,1.0,0.8313486673067058,4,3,0,high,Low-Engagement,Attention-Fluctuating
L0185,185,D,Sports,10.135253788787727,8,reasoning,hard,immediate,0.0,0.4586671441906222,23.197244960339102,1.0,0.8313486673067058,2,3,1,high,Low-Engagement,Attention-Fluctuating
L0185,185,D,News,10.391521250126951,9,factual_recall,hard,short_delay,0.0,0.30537988547286943,2.6603798773137717,0.0,0.8313486673067058,2,2,0,high,Low-Engagement,Attention-Fluctuating
L0186,186,D,World,6.228039087241592,0,factual_recall,easy,immediate,0.0,0.1294495387436847,5.73184671916761,0.0,0.5783115290879349,4,3,2,high,Low-Engagement,Attention-Fluctuating
L0186,186,D,Sports,10.24598730936746,1,inference,easy,short_delay,1.0,1.0,12.843058910554335,1.0,0.5783115290879349,3,1,1,high,Low-Engagement,Attention-Fluctuating
L0186,186,D,Entertainment,12.687422477836803,2,inference,easy,immediate,1.0,0.7053846037075006,14.845693527771216,0.0,0.5783115290879349,3,1,0,high,Low-Engagement,Attention-Fluctuating
L0186,186,D,News,17.40179570722141,3,inference,easy,immediate,1.0,0.6273583512164588,38.49146035846703,1.0,0.5783115290879349,1,0,1,high,Low-Engagement,Attention-Fluctuating
L0186,186,D,Entertainment,13.088299402955473,4,comprehension,easy,short_delay,1.0,0.6557279520627632,16.11732624034045,0.0,0.5783115290879349,2,3,0,high,Low-Engagement,Attention-Fluctuating
L0186,186,D,News,13.650980724028257,5,reasoning,hard,long_delay,0.0,0.3137322103535127,6.1044821586698745,0.0,0.5783115290879349,0,3,1,high,Low-Engagement,Attention-Fluctuating
L0186,186,D,Cooking,16.81333465142234,6,inference,medium,long_delay,0.0,0.44102560180739064,17.413976363899152,0.0,0.5783115290879349,2,2,1,high,Low-Engagement,Attention-Fluctuating
L0186,186,D,Sports,18.80677076886216,7,inference,easy,long_delay,1.0,0.9486660255982484,20.64338468378001,0.0,0.5783115290879349,2,0,2,high,Low-Engagement,Attention-Fluctuating
L0186,186,D,News,18.748131966408653,8,inference,medium,immediate,1.0,0.7316694571704436,5.1945342241262855,1.0,0.5783115290879349,3,2,0,high,Low-Engagement,Attention-Fluctuating
L0186,186,D,Sports,16.686791622302756,9,reasoning,hard,immediate,0.0,0.4472804684744127,22.021655344526142,0.0,0.5783115290879349,0,2,2,high,Low-Engagement,Attention-Fluctuating
L0187,187,D,Entertainment,7.057748141065282,0,comprehension,hard,long_delay,1.0,0.5373106021077795,39.79889308281965,1.0,0.8382536176326069,0,2,0,high,Needs Review,Attention-Fluctuating
L0187,187,D,Sports,16.194251532735734,1,inference,medium,long_delay,0.0,0.4922401334701503,29.14972035606546,0.0,0.8382536176326069,1,2,2,high,Needs Review,Attention-Fluctuating
L0187,187,D,Cooking,12.609025489579949,2,factual_recall,hard,long_delay,1.0,0.5847837407100002,10.759204381251793,0.0,0.8382536176326069,1,2,1,high,Needs Review,Attention-Fluctuating
L0187,187,D,World,17.27083539181216,3,inference,medium,short_delay,1.0,0.7623997025570348,22.702679672315828,1.0,0.8382536176326069,2,1,2,high,Needs Review,Attention-Fluctuating
L0187,187,D,World,7.867783064514672,4,inference,easy,immediate,1.0,0.5000304004944293,12.425112789564544,0.0,0.8382536176326069,3,1,1,high,Needs Review,Attention-Fluctuating
L0187,187,D,World,18.911259678428962,5,factual_recall,hard,immediate,0.0,0.3862157626181415,13.458738361621664,0.0,0.8382536176326069,1,3,2,high,Needs Review,Attention-Fluctuating
L0187,187,D,Cooking,11.342052213357771,6,comprehension,hard,short_delay,1.0,0.8301169553986052,3.874995993847012,1.0,0.8382536176326069,4,2,0,high,Needs Review,Attention-Fluctuating
L0187,187,D,Cooking,8.381067302651884,7,factual_recall,easy,long_delay,1.0,0.6798592945871175,15.138868181334614,0.0,0.8382536176326069,4,3,0,high,Needs Review,Attention-Fluctuating
L0187,187,D,World,7.874696098965185,8,reasoning,hard,immediate,1.0,0.8015714860979035,23.450342885347,0.0,0.8382536176326069,3,1,2,high,Needs Review,Attention-Fluctuating
L0187,187,D,Entertainment,11.840309049418241,9,comprehension,easy,long_delay,1.0,0.751866346253488,17.339782948662595,0.0,0.8382536176326069,4,3,0,high,Needs Review,Attention-Fluctuating
L0188,188,D,Entertainment,5.181639329253058,0,inference,easy,immediate,0.0,0.17398547124829586,17.49012820722404,1.0,0.6683197347300188,2,1,1,high,Low-Engagement,Attention-Fluctuating
L0188,188,D,Entertainment,19.13842550750955,1,reasoning,medium,immediate,0.0,0.3174146206679866,28.921863288344188,1.0,0.6683197347300188,1,3,0,high,Low-Engagement,Attention-Fluctuating
L0188,188,D,Cooking,10.700656467478005,2,factual_recall,medium,long_delay,0.0,0.45147093209614203,19.058870820821785,0.0,0.6683197347300188,1,1,1,high,Low-Engagement,Attention-Fluctuating
L0188,188,D,Entertainment,17.723157923223436,3,comprehension,easy,short_delay,0.0,0.42140672359722936,19.335689145581284,0.0,0.6683197347300188,2,0,2,high,Low-Engagement,Attention-Fluctuating
L0188,188,D,World,13.47731415451078,4,reasoning,medium,long_delay,1.0,0.657872124923213,1.4515688499207853,0.0,0.6683197347300188,0,0,1,high,Low-Engagement,Attention-Fluctuating
L0188,188,D,World,10.95542631784423,5,comprehension,medium,immediate,1.0,0.7622987483946642,9.000932907892452,1.0,0.6683197347300188,1,3,1,high,Low-Engagement,Attention-Fluctuating
L0188,188,D,News,5.97889962858145,6,comprehension,medium,short_delay,1.0,0.5743121562197929,28.959522736975828,0.0,0.6683197347300188,4,1,0,high,Low-Engagement,Attention-Fluctuating
L0188,188,D,Entertainment,5.568652505657093,7,comprehension,easy,long_delay,1.0,0.8817833870242869,1.0,1.0,0.6683197347300188,1,3,1,high,Low-Engagement,Attention-Fluctuating
L0188,188,D,World,7.06494028711596,8,comprehension,hard,short_delay,0.0,0.4434204560826739,31.42992652430628,0.0,0.6683197347300188,0,2,2,high,Low-Engagement,Attention-Fluctuating
L0188,188,D,Entertainment,9.142701428412817,9,reasoning,hard,short_delay,1.0,0.5728925746503444,22.996644889542306,1.0,0.6683197347300188,3,3,1,high,Low-Engagement,Attention-Fluctuating
L0189,189,D,World,10.36369909458661,0,inference,medium,immediate,0.0,0.2724213066477769,11.893218624545671,1.0,0.7821502949220179,1,3,2,high,Attention-Fluctuating,Attention-Fluctuating
L0189,189,D,Cooking,18.117494768429214,1,comprehension,easy,immediate,0.0,0.40369032031108876,10.741391481442452,0.0,0.7821502949220179,0,3,0,high,Attention-Fluctuating,Attention-Fluctuating
L0189,189,D,Sports,17.477962716747495,2,factual_recall,hard,short_delay,1.0,0.7989938388320936,28.439109964164818,1.0,0.7821502949220179,1,0,2,high,Attention-Fluctuating,Attention-Fluctuating
L0189,189,D,Sports,10.220691985095948,3,inference,medium,long_delay,1.0,0.6928421189638759,25.70117392013053,1.0,0.7821502949220179,3,1,0,high,Attention-Fluctuating,Attention-Fluctuating
L0189,189,D,News,14.637717902281482,4,reasoning,hard,immediate,1.0,0.5227260080521235,8.676367316090507,0.0,0.7821502949220179,2,1,0,high,Attention-Fluctuating,Attention-Fluctuating
L0189,189,D,Entertainment,11.043060518673528,5,factual_recall,easy,long_delay,1.0,0.6036613345862759,6.056062074574291,0.0,0.7821502949220179,1,2,2,high,Attention-Fluctuating,Attention-Fluctuating
L0189,189,D,News,17.26567169096921,6,comprehension,medium,short_delay,1.0,0.5115058939599992,16.42723356869384,0.0,0.7821502949220179,4,1,2,high,Attention-Fluctuating,Attention-Fluctuating
L0189,189,D,Entertainment,10.749402695238427,7,comprehension,easy,immediate,1.0,0.5876004381261921,39.552875982895465,0.0,0.7821502949220179,0,0,2,high,Attention-Fluctuating,Attention-Fluctuating
L0189,189,D,Cooking,17.141103210501903,8,reasoning,medium,short_delay,0.0,0.4476377234880695,7.722947963034523,0.0,0.7821502949220179,3,1,1,high,Attention-Fluctuating,Attention-Fluctuating
L0189,189,D,Sports,7.9914180941053665,9,factual_recall,hard,short_delay,0.0,0.4839521360945145,16.387756102959596,0.0,0.7821502949220179,0,2,2,high,Attention-Fluctuating,Attention-Fluctuating
L0190,190,D,Entertainment,19.422263666300733,0,inference,easy,long_delay,1.0,0.527910069367941,37.54899591647628,0.0,0.6995495141984894,2,2,1,high,Low-Engagement,Attention-Fluctuating
L0190,190,D,Cooking,17.61980188713192,1,inference,easy,short_delay,1.0,0.7295966127388118,26.36601200446586,1.0,0.6995495141984894,3,3,1,high,Low-Engagement,Attention-Fluctuating
L0190,190,D,Entertainment,18.39445654845541,2,factual_recall,medium,short_delay,1.0,0.6558928223340684,19.18763796833618,1.0,0.6995495141984894,1,0,1,high,Low-Engagement,Attention-Fluctuating
L0190,190,D,Entertainment,18.93536759305459,3,inference,medium,long_delay,1.0,0.8007873211942738,4.38347780495605,1.0,0.6995495141984894,4,2,2,high,Low-Engagement,Attention-Fluctuating
L0190,190,D,Entertainment,10.161506040384122,4,inference,hard,short_delay,1.0,0.6741805089556442,20.200083057300834,1.0,0.6995495141984894,0,3,1,high,Low-Engagement,Attention-Fluctuating
L0190,190,D,World,7.202622488896196,5,factual_recall,easy,short_delay,0.0,0.4271824052043634,10.099927035629467,0.0,0.6995495141984894,1,0,2,high,Low-Engagement,Attention-Fluctuating
L0190,190,D,News,13.70360212105018,6,inference,hard,immediate,0.0,0.4998615952301219,34.3052189656592,0.0,0.6995495141984894,4,1,2,high,Low-Engagement,Attention-Fluctuating
L0190,190,D,World,10.213324674050224,7,inference,easy,immediate,0.0,0.4874317854424286,1.9389431020951071,0.0,0.6995495141984894,1,2,2,high,Low-Engagement,Attention-Fluctuating
L0190,190,D,Cooking,7.57359163324912,8,reasoning,hard,immediate,1.0,0.5627059846763096,21.844843333301174,0.0,0.6995495141984894,1,3,1,high,Low-Engagement,Attention-Fluctuating
L0190,190,D,Cooking,11.623988822091397,9,inference,easy,immediate,1.0,0.9589427382829177,9.257606223496312,1.0,0.6995495141984894,1,1,2,high,Low-Engagement,Attention-Fluctuating
L0191,191,D,Cooking,10.079010279244963,0,comprehension,easy,short_delay,1.0,0.5762475550265181,18.518448886600368,0.0,0.7261114094427042,4,3,1,high,Needs Review,Attention-Fluctuating
L0191,191,D,World,17.697425925438342,1,inference,medium,short_delay,1.0,0.9688608346409593,1.0,1.0,0.7261114094427042,2,0,2,high,Needs Review,Attention-Fluctuating
L0191,191,D,Entertainment,17.034118482081677,2,inference,medium,long_delay,1.0,0.5481222971062518,21.277400332852416,1.0,0.7261114094427042,4,3,2,high,Needs Review,Attention-Fluctuating
L0191,191,D,News,9.389590653574563,3,factual_recall,hard,long_delay,0.0,0.17488033509387074,30.061717020348407,0.0,0.7261114094427042,2,3,0,high,Needs Review,Attention-Fluctuating
L0191,191,D,Entertainment,14.68676262955387,4,factual_recall,hard,long_delay,1.0,0.8790183074641573,19.56434668353497,0.0,0.7261114094427042,4,3,1,high,Needs Review,Attention-Fluctuating
L0191,191,D,News,11.802874804586125,5,factual_recall,easy,long_delay,1.0,0.6898518748052047,8.984065278046865,0.0,0.7261114094427042,4,3,0,high,Needs Review,Attention-Fluctuating
L0191,191,D,World,13.559275569206005,6,factual_recall,medium,short_delay,1.0,0.5737979130893222,8.089257139753428,1.0,0.7261114094427042,0,2,2,high,Needs Review,Attention-Fluctuating
L0191,191,D,Entertainment,14.391649490347499,7,factual_recall,easy,long_delay,1.0,0.512556926627781,8.826810722807647,0.0,0.7261114094427042,1,2,1,high,Needs Review,Attention-Fluctuating
L0191,191,D,World,16.40496327210326,8,reasoning,medium,immediate,0.0,0.4106148687886228,33.21657997046951,0.0,0.7261114094427042,1,3,2,high,Needs Review,Attention-Fluctuating
L0191,191,D,News,16.540888474788122,9,comprehension,easy,immediate,1.0,0.9876096194172984,17.283359447631753,0.0,0.7261114094427042,2,1,0,high,Needs Review,Attention-Fluctuating
L0192,192,D,Cooking,13.496943369712408,0,reasoning,medium,long_delay,1.0,0.6761381937033323,7.166460418973603,1.0,0.7947782968142895,3,0,2,high,Low-Engagement,Attention-Fluctuating
L0192,192,D,News,11.312025093047692,1,reasoning,hard,long_delay,1.0,1.0,22.08253828546991,0.0,0.7947782968142895,0,1,2,high,Low-Engagement,Attention-Fluctuating
L0192,192,D,Entertainment,13.426451749223368,2,factual_recall,easy,short_delay,1.0,0.9305356432436864,6.384348667623083,1.0,0.7947782968142895,3,0,2,high,Low-Engagement,Attention-Fluctuating
L0192,192,D,Sports,16.329461772720467,3,reasoning,medium,short_delay,1.0,0.935721848877643,35.976998377948036,0.0,0.7947782968142895,2,2,2,high,Low-Engagement,Attention-Fluctuating
L0192,192,D,Entertainment,11.745205485107297,4,comprehension,medium,short_delay,0.0,0.44047726832662837,23.51573962876729,0.0,0.7947782968142895,0,0,0,high,Low-Engagement,Attention-Fluctuating
L0192,192,D,World,19.42189384622815,5,reasoning,easy,short_delay,1.0,1.0,40.79871575749576,0.0,0.7947782968142895,4,2,0,high,Low-Engagement,Attention-Fluctuating
L0192,192,D,Sports,17.538980246129967,6,inference,hard,immediate,1.0,0.5835566411760086,7.769759685074872,1.0,0.7947782968142895,2,2,2,high,Low-Engagement,Attention-Fluctuating
L0192,192,D,Entertainment,9.789484460116686,7,inference,medium,immediate,1.0,0.5545017640492987,33.49179244707975,0.0,0.7947782968142895,3,0,0,high,Low-Engagement,Attention-Fluctuating
L0192,192,D,Entertainment,8.747079171791365,8,comprehension,easy,long_delay,0.0,0.16815031731735214,1.0,1.0,0.7947782968142895,0,1,1,high,Low-Engagement,Attention-Fluctuating
L0192,192,D,Cooking,7.93175835211299,9,comprehension,easy,immediate,1.0,0.6652581649107646,20.08075476474294,0.0,0.7947782968142895,3,1,0,high,Low-Engagement,Attention-Fluctuating
L0193,193,D,World,16.708175480582923,0,factual_recall,easy,immediate,1.0,0.5873379494311082,12.646411967290655,1.0,0.7019768145963298,4,2,0,high,Low-Engagement,Attention-Fluctuating
L0193,193,D,Entertainment,17.894241893874717,1,factual_recall,easy,long_delay,0.0,0.36195578116915156,22.091101991300402,1.0,0.7019768145963298,3,1,2,high,Low-Engagement,Attention-Fluctuating
L0193,193,D,Sports,14.317367566376413,2,comprehension,easy,long_delay,1.0,0.7500677206730751,30.5797343871795,0.0,0.7019768145963298,1,1,1,high,Low-Engagement,Attention-Fluctuating
L0193,193,D,Cooking,11.536665908847395,3,reasoning,hard,short_delay,1.0,0.6374728482102531,29.387008030839397,0.0,0.7019768145963298,0,2,1,high,Low-Engagement,Attention-Fluctuating
L0193,193,D,Cooking,14.70262952083151,4,comprehension,hard,long_delay,1.0,0.6523699909179088,12.354411635680043,0.0,0.7019768145963298,4,2,1,high,Low-Engagement,Attention-Fluctuating
L0193,193,D,Cooking,9.72587283582753,5,factual_recall,easy,long_delay,1.0,0.700378075934626,3.1123895456574875,1.0,0.7019768145963298,3,3,0,high,Low-Engagement,Attention-Fluctuating
L0193,193,D,Sports,14.825197724028882,6,inference,hard,long_delay,0.0,0.4715169172216552,4.827848604032464,1.0,0.7019768145963298,1,1,1,high,Low-Engagement,Attention-Fluctuating
L0193,193,D,Cooking,5.584842672938478,7,comprehension,hard,short_delay,0.0,0.29618834501581315,14.882739870448889,0.0,0.7019768145963298,3,0,1,high,Low-Engagement,Attention-Fluctuating
L0193,193,D,Sports,9.264932851390467,8,factual_recall,medium,short_delay,1.0,0.7914636749825261,32.623171332871586,1.0,0.7019768145963298,4,3,0,high,Low-Engagement,Attention-Fluctuating
L0193,193,D,News,19.382253339354488,9,reasoning,hard,immediate,1.0,0.7377436827224815,10.715545878586319,1.0,0.7019768145963298,4,0,2,high,Low-Engagement,Attention-Fluctuating
L0194,194,D,Entertainment,17.22488079205676,0,inference,medium,immediate,1.0,0.5891690271554928,43.51348953621102,1.0,0.6380531524298708,3,0,1,high,Attention-Fluctuating,Attention-Fluctuating
L0194,194,D,World,7.335479391588177,1,inference,hard,short_delay,1.0,0.5242687430921327,19.27165561285033,0.0,0.6380531524298708,2,3,2,high,Attention-Fluctuating,Attention-Fluctuating
L0194,194,D,World,15.875874316077038,2,comprehension,easy,short_delay,1.0,0.7639781542658027,13.401522823536432,0.0,0.6380531524298708,0,3,2,high,Attention-Fluctuating,Attention-Fluctuating
L0194,194,D,News,6.640341169625022,3,inference,easy,short_delay,1.0,0.7695843508165685,15.67838765324459,0.0,0.6380531524298708,0,0,2,high,Attention-Fluctuating,Attention-Fluctuating
L0194,194,D,Sports,8.012764183920408,4,comprehension,medium,long_delay,0.0,0.23294364051277744,3.309700427619801,1.0,0.6380531524298708,3,0,0,high,Attention-Fluctuating,Attention-Fluctuating
L0194,194,D,Sports,15.084646706115265,5,factual_recall,medium,immediate,1.0,0.809021883752863,32.48963286164458,0.0,0.6380531524298708,4,2,1,high,Attention-Fluctuating,Attention-Fluctuating
L0194,194,D,News,13.968849134295446,6,reasoning,hard,long_delay,0.0,0.4778488187082377,21.128831075966104,0.0,0.6380531524298708,2,1,1,high,Attention-Fluctuating,Attention-Fluctuating
L0194,194,D,Entertainment,11.237494705657307,7,inference,medium,short_delay,1.0,0.6472584397193347,7.511020937021533,0.0,0.6380531524298708,3,1,0,high,Attention-Fluctuating,Attention-Fluctuating
L0194,194,D,Entertainment,6.428202739889293,8,reasoning,hard,long_delay,0.0,0.41221825192334066,7.836817098712469,0.0,0.6380531524298708,1,2,1,high,Attention-Fluctuating,Attention-Fluctuating
L0194,194,D,Sports,6.1442227008925325,9,inference,hard,long_delay,1.0,0.6742269205419567,18.152823791488263,1.0,0.6380531524298708,1,3,0,high,Attention-Fluctuating,Attention-Fluctuating
L0195,195,D,World,12.160763203110674,0,inference,hard,long_delay,1.0,0.8101393446798388,3.407722280959908,1.0,0.7314864868778755,0,3,0,high,Low-Engagement,Attention-Fluctuating
L0195,195,D,Entertainment,18.45989306428209,1,factual_recall,hard,long_delay,0.0,0.3695259647990382,10.12747670657099,0.0,0.7314864868778755,2,3,0,high,Low-Engagement,Attention-Fluctuating
L0195,195,D,Cooking,18.129966347875342,2,reasoning,medium,immediate,1.0,0.590126678313036,13.500169883708192,0.0,0.7314864868778755,4,3,1,high,Low-Engagement,Attention-Fluctuating
L0195,195,D,Sports,16.08306589720108,3,reasoning,easy,long_delay,0.0,0.4848217965940135,13.944169590688501,0.0,0.7314864868778755,4,2,0,high,Low-Engagement,Attention-Fluctuating
L0195,195,D,Sports,18.01191570540866,4,reasoning,hard,immediate,0.0,0.3547907804228792,15.739749849207737,1.0,0.7314864868778755,0,1,0,high,Low-Engagement,Attention-Fluctuating
L0195,195,D,World,17.458733797588785,5,factual_recall,easy,long_delay,1.0,0.5864977918029884,1.516673592966304,0.0,0.7314864868778755,2,0,0,high,Low-Engagement,Attention-Fluctuating
L0195,195,D,Sports,14.231059803553437,6,comprehension,easy,immediate,1.0,0.9465855516470447,11.740537884930276,1.0,0.7314864868778755,3,1,0,high,Low-Engagement,Attention-Fluctuating
L0195,195,D,Sports,17.80883708866036,7,inference,medium,short_delay,0.0,0.42941823941477336,23.01758473403675,1.0,0.7314864868778755,1,1,2,high,Low-Engagement,Attention-Fluctuating
L0195,195,D,News,8.979383455488705,8,inference,hard,long_delay,1.0,0.5745090036324467,4.417549271054623,0.0,0.7314864868778755,4,1,1,high,Low-Engagement,Attention-Fluctuating
L0195,195,D,Sports,10.789450314571667,9,comprehension,easy,short_delay,0.0,0.33755367608148973,14.44854305154929,1.0,0.7314864868778755,3,1,1,high,Low-Engagement,Attention-Fluctuating
L0196,196,D,Cooking,14.233975526717177,0,inference,hard,immediate,0.0,0.20066159104512024,2.265853465894458,1.0,0.6563908307141972,4,3,0,high,Low-Engagement,Attention-Fluctuating
L0196,196,D,Entertainment,8.991207852230051,1,reasoning,hard,long_delay,0.0,0.476585029204392,18.286981090793937,0.0,0.6563908307141972,1,1,1,high,Low-Engagement,Attention-Fluctuating
L0196,196,D,Entertainment,18.854463099487806,2,reasoning,medium,immediate,1.0,0.8394629468574447,21.986105634684115,0.0,0.6563908307141972,1,1,1,high,Low-Engagement,Attention-Fluctuating
L0196,196,D,Entertainment,18.299235543705308,3,reasoning,easy,long_delay,0.0,0.36277672365423286,28.944042842492404,0.0,0.6563908307141972,1,3,2,high,Low-Engagement,Attention-Fluctuating
L0196,196,D,Entertainment,10.191046512318245,4,inference,medium,short_delay,1.0,0.7406319491722658,12.312378585986847,0.0,0.6563908307141972,4,1,1,high,Low-Engagement,Attention-Fluctuating
L0196,196,D,Entertainment,13.41561656977049,5,inference,hard,immediate,1.0,1.0,19.93395484361646,0.0,0.6563908307141972,0,0,2,high,Low-Engagement,Attention-Fluctuating
L0196,196,D,Sports,18.214608875326544,6,comprehension,easy,immediate,1.0,0.8907076262514699,19.591115565529744,1.0,0.6563908307141972,0,0,0,high,Low-Engagement,Attention-Fluctuating
L0196,196,D,News,8.345761732094733,7,factual_recall,medium,short_delay,1.0,0.6267026760782424,16.68605894423533,1.0,0.6563908307141972,3,2,2,high,Low-Engagement,Attention-Fluctuating
L0196,196,D,News,12.987346112708122,8,factual_recall,easy,immediate,1.0,0.7716868911592965,17.275251238659987,1.0,0.6563908307141972,4,3,1,high,Low-Engagement,Attention-Fluctuating
L0196,196,D,News,9.516547709872807,9,reasoning,easy,immediate,0.0,0.3260634395126416,9.452954973604395,0.0,0.6563908307141972,1,0,1,high,Low-Engagement,Attention-Fluctuating
L0197,197,D,Sports,13.534426802514044,0,factual_recall,medium,immediate,1.0,0.8422763144653149,3.2717490153031465,0.0,0.8341394061791315,2,3,1,high,Low-Engagement,Attention-Fluctuating
L0197,197,D,News,14.345604241460334,1,factual_recall,medium,immediate,0.0,0.0926909282029587,16.56973730217091,0.0,0.8341394061791315,0,1,1,high,Low-Engagement,Attention-Fluctuating
L0197,197,D,Entertainment,11.600304434467871,2,factual_recall,easy,long_delay,1.0,0.8505953789768416,1.8235482914910812,1.0,0.8341394061791315,1,2,1,high,Low-Engagement,Attention-Fluctuating
L0197,197,D,Sports,19.304019169072355,3,comprehension,hard,immediate,1.0,0.6670925252859281,24.490618805588923,1.0,0.8341394061791315,0,3,2,high,Low-Engagement,Attention-Fluctuating
L0197,197,D,World,6.59966243835852,4,inference,medium,short_delay,0.0,0.2911973309749974,31.979702415840396,1.0,0.8341394061791315,3,0,0,high,Low-Engagement,Attention-Fluctuating
L0197,197,D,Cooking,18.997814628022805,5,factual_recall,medium,short_delay,1.0,0.7447057693457612,5.585480374476743,0.0,0.8341394061791315,2,2,0,high,Low-Engagement,Attention-Fluctuating
L0197,197,D,Sports,17.03862003115046,6,factual_recall,hard,immediate,1.0,0.6338965153665926,11.285362394675897,0.0,0.8341394061791315,2,2,2,high,Low-Engagement,Attention-Fluctuating
L0197,197,D,Sports,16.21808117110637,7,factual_recall,hard,long_delay,1.0,0.6762458597156101,9.176306788778316,1.0,0.8341394061791315,3,2,1,high,Low-Engagement,Attention-Fluctuating
L0197,197,D,Cooking,14.766277755297086,8,factual_recall,hard,long_delay,1.0,0.7998218300630723,13.46094728061663,1.0,0.8341394061791315,2,2,1,high,Low-Engagement,Attention-Fluctuating
L0197,197,D,World,8.731978689050038,9,comprehension,easy,long_delay,1.0,0.6860550736861432,22.12423158198868,1.0,0.8341394061791315,4,2,0,high,Low-Engagement,Attention-Fluctuating
L0198,198,D,Entertainment,5.5226608323049415,0,factual_recall,hard,immediate,1.0,0.8649311353097264,18.73495148143459,0.0,0.673799216497543,3,1,0,high,Low-Engagement,Attention-Fluctuating
L0198,198,D,Entertainment,14.998371388830435,1,reasoning,easy,short_delay,1.0,0.9246108477367107,21.998588297626863,0.0,0.673799216497543,1,3,2,high,Low-Engagement,Attention-Fluctuating
L0198,198,D,World,13.351749975416821,2,comprehension,hard,short_delay,1.0,0.8725295486014486,24.264400860615684,1.0,0.673799216497543,4,0,2,high,Low-Engagement,Attention-Fluctuating
L0198,198,D,Cooking,8.257514849342046,3,reasoning,medium,short_delay,1.0,0.5527495070460401,10.754625659820041,1.0,0.673799216497543,0,2,1,high,Low-Engagement,Attention-Fluctuating
L0198,198,D,News,5.475515420657412,4,factual_recall,hard,short_delay,0.0,0.3386848266850869,7.423796053744313,1.0,0.673799216497543,1,3,2,high,Low-Engagement,Attention-Fluctuating
L0198,198,D,World,8.046895286966146,5,comprehension,easy,long_delay,1.0,0.5918736820083036,31.705585214046984,0.0,0.673799216497543,1,1,2,high,Low-Engagement,Attention-Fluctuating
L0198,198,D,Sports,9.526907196139323,6,reasoning,medium,long_delay,1.0,0.6029614036460524,1.5895870556431642,0.0,0.673799216497543,1,0,1,high,Low-Engagement,Attention-Fluctuating
L0198,198,D,Cooking,11.75284986614391,7,inference,medium,long_delay,1.0,0.9131129640182906,34.377474592047726,1.0,0.673799216497543,3,1,0,high,Low-Engagement,Attention-Fluctuating
L0198,198,D,Cooking,12.86493054441492,8,factual_recall,medium,immediate,1.0,0.6455582600244423,1.0,0.0,0.673799216497543,2,3,2,high,Low-Engagement,Attention-Fluctuating
L0198,198,D,Entertainment,18.82481201343543,9,comprehension,hard,immediate,1.0,0.6033362357761543,12.15458867168979,0.0,0.673799216497543,1,0,1,high,Low-Engagement,Attention-Fluctuating
L0199,199,D,World,13.032140790993127,0,factual_recall,easy,immediate,0.0,0.27679371693879473,36.835612633699455,0.0,0.6821193171359929,0,0,1,high,Low-Engagement,Attention-Fluctuating
L0199,199,D,World,5.2316773315651215,1,reasoning,hard,long_delay,1.0,0.6048444911705924,6.39099441571612,0.0,0.6821193171359929,3,1,1,high,Low-Engagement,Attention-Fluctuating
L0199,199,D,News,5.4248102528631055,2,reasoning,easy,long_delay,1.0,0.6958640739090576,24.50135695580284,1.0,0.6821193171359929,1,0,1,high,Low-Engagement,Attention-Fluctuating
L0199,199,D,Sports,19.20174390186805,3,inference,easy,long_delay,1.0,0.5689800496202255,29.57913229285114,0.0,0.6821193171359929,1,0,2,high,Low-Engagement,Attention-Fluctuating
L0199,199,D,Entertainment,7.410355818760212,4,comprehension,hard,short_delay,1.0,0.5982084207205829,1.0,0.0,0.6821193171359929,0,3,2,high,Low-Engagement,Attention-Fluctuating
L0199,199,D,World,16.33453584024149,5,inference,hard,short_delay,1.0,0.6836873855818263,22.102225236084852,0.0,0.6821193171359929,0,1,1,high,Low-Engagement,Attention-Fluctuating
L0199,199,D,News,18.655441109073053,6,comprehension,easy,long_delay,1.0,0.8822239390327263,24.03410637073095,1.0,0.6821193171359929,4,1,0,high,Low-Engagement,Attention-Fluctuating
L0199,199,D,World,14.454133630809473,7,inference,easy,short_delay,1.0,0.5160470940953927,15.326647986201458,1.0,0.6821193171359929,3,0,2,high,Low-Engagement,Attention-Fluctuating
L0199,199,D,Cooking,5.017111642190036,8,reasoning,medium,long_delay,0.0,0.3656775771332221,11.535614389102829,0.0,0.6821193171359929,0,1,1,high,Low-Engagement,Attention-Fluctuating
L0199,199,D,Cooking,15.689181756406077,9,inference,medium,long_delay,1.0,0.5819119706012772,12.093376474760197,1.0,0.6821193171359929,1,0,0,high,Low-Engagement,Attention-Fluctuating
L0200,200,D,Sports,16.788213490026667,0,comprehension,easy,short_delay,1.0,1.0,23.036237200273142,0.0,0.61978498262506,0,2,1,high,Needs Review,Attention-Fluctuating
L0200,200,D,Cooking,8.9801812361862,1,factual_recall,easy,short_delay,1.0,0.523991844499356,16.544942025175324,0.0,0.61978498262506,0,1,2,high,Needs Review,Attention-Fluctuating
L0200,200,D,Entertainment,9.478420222614165,2,reasoning,easy,long_delay,0.0,0.3144425664040418,15.070417493687149,0.0,0.61978498262506,3,1,1,high,Needs Review,Attention-Fluctuating
L0200,200,D,Cooking,10.797096511417724,3,inference,easy,short_delay,1.0,0.6050595773132235,12.464000167506358,0.0,0.61978498262506,0,1,2,high,Needs Review,Attention-Fluctuating
L0200,200,D,World,15.798354555641255,4,reasoning,medium,long_delay,0.0,0.42043925099360496,10.390865201924823,1.0,0.61978498262506,2,0,2,high,Needs Review,Attention-Fluctuating
L0200,200,D,Entertainment,6.77961056050908,5,reasoning,medium,immediate,1.0,0.772903839934786,10.116032738188137,1.0,0.61978498262506,4,0,0,high,Needs Review,Attention-Fluctuating
L0200,200,D,Sports,13.712537421775446,6,inference,easy,short_delay,0.0,0.4220910441227919,34.78328850461951,0.0,0.61978498262506,2,0,0,high,Needs Review,Attention-Fluctuating
L0200,200,D,Cooking,12.42335696011258,7,factual_recall,easy,immediate,1.0,0.6541467420270317,12.473860422787615,0.0,0.61978498262506,2,2,0,high,Needs Review,Attention-Fluctuating
L0200,200,D,Sports,9.981716617484427,8,inference,hard,short_delay,0.0,0.37058819262550813,1.0,0.0,0.61978498262506,1,3,0,high,Needs Review,Attention-Fluctuating
L0200,200,D,Entertainment,18.328385610531516,9,factual_recall,hard,immediate,1.0,1.0,6.340322791201055,1.0,0.61978498262506,0,3,1,high,Needs Review,Attention-Fluctuating
L0201,201,D,Sports,6.657499747153522,0,factual_recall,medium,long_delay,1.0,0.6046967333364549,12.222568578069128,1.0,0.63105690312102,0,1,2,high,Delayed Recall Weakness,Attention-Fluctuating
L0201,201,D,World,14.0505691966708,1,comprehension,easy,long_delay,1.0,0.7078505160516164,10.407682454900474,0.0,0.63105690312102,3,0,0,high,Delayed Recall Weakness,Attention-Fluctuating
L0201,201,D,News,19.22495461336103,2,inference,easy,long_delay,1.0,0.892551038372125,20.444706063689072,0.0,0.63105690312102,4,2,2,high,Delayed Recall Weakness,Attention-Fluctuating
L0201,201,D,Entertainment,11.432827567938984,3,reasoning,easy,short_delay,0.0,0.38573408034125967,33.494199537397776,1.0,0.63105690312102,4,0,0,high,Delayed Recall Weakness,Attention-Fluctuating
L0201,201,D,Entertainment,7.869871637492354,4,reasoning,easy,long_delay,1.0,0.5364065797459239,4.90517704900614,0.0,0.63105690312102,2,3,2,high,Delayed Recall Weakness,Attention-Fluctuating
L0201,201,D,Sports,8.90008071417364,5,comprehension,hard,short_delay,1.0,0.8351572050150509,32.98334107779513,0.0,0.63105690312102,2,2,2,high,Delayed Recall Weakness,Attention-Fluctuating
L0201,201,D,Sports,16.391770133902888,6,inference,easy,immediate,1.0,0.9946189072277437,12.252307814171118,1.0,0.63105690312102,0,2,1,high,Delayed Recall Weakness,Attention-Fluctuating
L0201,201,D,World,10.599387994756501,7,reasoning,hard,immediate,0.0,0.40138180013824915,21.457919212581984,0.0,0.63105690312102,2,3,2,high,Delayed Recall Weakness,Attention-Fluctuating
L0201,201,D,World,6.447507243706891,8,factual_recall,medium,short_delay,0.0,0.45223761603866997,33.9085072110186,0.0,0.63105690312102,2,0,2,high,Delayed Recall Weakness,Attention-Fluctuating
L0201,201,D,Sports,18.73071821211622,9,reasoning,easy,short_delay,1.0,0.6762200189219719,21.25323592302112,0.0,0.63105690312102,4,3,0,high,Delayed Recall Weakness,Attention-Fluctuating
L0202,202,D,World,7.499901943504068,0,factual_recall,easy,short_delay,1.0,0.664016827755151,22.276102328431357,1.0,0.7074086432896899,2,1,2,high,Low-Engagement,Attention-Fluctuating
L0202,202,D,World,14.506080978359362,1,inference,easy,short_delay,0.0,0.37774914926024666,27.38892608723679,1.0,0.7074086432896899,3,1,2,high,Low-Engagement,Attention-Fluctuating
L0202,202,D,Sports,17.239815017639362,2,comprehension,medium,immediate,1.0,0.5430371930618096,26.710605841147306,1.0,0.7074086432896899,4,0,0,high,Low-Engagement,Attention-Fluctuating
L0202,202,D,World,5.027741854968459,3,reasoning,hard,long_delay,1.0,0.7050554412995781,44.765079066841466,0.0,0.7074086432896899,0,1,1,high,Low-Engagement,Attention-Fluctuating
L0202,202,D,Entertainment,17.941640742371924,4,factual_recall,easy,long_delay,1.0,0.6437142498547985,30.180670700487084,1.0,0.7074086432896899,4,2,1,high,Low-Engagement,Attention-Fluctuating
L0202,202,D,Sports,7.496086205713553,5,comprehension,medium,short_delay,1.0,0.6761629028722939,17.112558633647186,1.0,0.7074086432896899,2,1,0,high,Low-Engagement,Attention-Fluctuating
L0202,202,D,World,9.716292798677184,6,inference,medium,immediate,1.0,0.5352062575237541,8.883207126531305,0.0,0.7074086432896899,0,3,0,high,Low-Engagement,Attention-Fluctuating
L0202,202,D,Cooking,15.995910103254761,7,reasoning,easy,long_delay,1.0,0.7387419904925315,15.388597452408893,0.0,0.7074086432896899,2,3,1,high,Low-Engagement,Attention-Fluctuating
L0202,202,D,News,15.522484177762367,8,reasoning,hard,immediate,1.0,0.8112832244005711,14.682151444000205,0.0,0.7074086432896899,1,0,2,high,Low-Engagement,Attention-Fluctuating
L0202,202,D,News,9.2286011802996,9,reasoning,easy,short_delay,1.0,0.7992878624325422,23.114225677258677,1.0,0.7074086432896899,3,0,1,high,Low-Engagement,Attention-Fluctuating
L0203,203,D,World,13.684000869652175,0,factual_recall,hard,immediate,1.0,0.7213318235918572,14.695295306289756,0.0,0.6155428201985944,4,1,2,high,Low-Engagement,Attention-Fluctuating
L0203,203,D,Sports,19.515478969736026,1,reasoning,easy,short_delay,1.0,0.5663991163902145,32.26902071739742,0.0,0.6155428201985944,2,2,1,high,Low-Engagement,Attention-Fluctuating
L0203,203,D,World,19.347392760592204,2,factual_recall,hard,short_delay,1.0,0.7630428113975176,14.78238640110001,1.0,0.6155428201985944,1,2,1,high,Low-Engagement,Attention-Fluctuating
L0203,203,D,Cooking,14.911424220883033,3,inference,medium,long_delay,1.0,0.5113007295787461,10.942144142892788,0.0,0.6155428201985944,1,3,0,high,Low-Engagement,Attention-Fluctuating
L0203,203,D,Entertainment,19.391454781452747,4,comprehension,hard,long_delay,1.0,0.5188627876232629,14.117316558083361,1.0,0.6155428201985944,2,0,2,high,Low-Engagement,Attention-Fluctuating
L0203,203,D,Cooking,15.713490865251009,5,factual_recall,medium,short_delay,1.0,0.9746765281626911,12.298062608814622,1.0,0.6155428201985944,2,2,2,high,Low-Engagement,Attention-Fluctuating
L0203,203,D,News,12.89516537699987,6,comprehension,hard,immediate,0.0,0.2753879056639321,8.53376875080418,0.0,0.6155428201985944,3,0,2,high,Low-Engagement,Attention-Fluctuating
L0203,203,D,Entertainment,15.608972894318637,7,reasoning,hard,long_delay,1.0,0.8568962486839399,29.10007834108965,1.0,0.6155428201985944,0,3,2,high,Low-Engagement,Attention-Fluctuating
L0203,203,D,Sports,14.668705052166587,8,inference,hard,long_delay,1.0,0.9309048075291654,10.265516473782164,1.0,0.6155428201985944,2,3,0,high,Low-Engagement,Attention-Fluctuating
L0203,203,D,World,19.98928863058815,9,inference,medium,immediate,1.0,0.7531634992522999,17.70353011078627,1.0,0.6155428201985944,2,0,2,high,Low-Engagement,Attention-Fluctuating
L0204,204,D,Entertainment,19.22342301707099,0,reasoning,medium,immediate,1.0,0.5815862510561831,27.52500539592066,0.0,0.8549491235616468,1,3,0,high,High Cognitive Load,Attention-Fluctuating
L0204,204,D,Sports,5.429834435300382,1,factual_recall,easy,long_delay,1.0,1.0,19.359144023075636,0.0,0.8549491235616468,2,0,1,high,High Cognitive Load,Attention-Fluctuating
L0204,204,D,News,15.03169408346549,2,reasoning,hard,short_delay,1.0,0.7256418792852901,15.07181644229554,0.0,0.8549491235616468,0,0,2,high,High Cognitive Load,Attention-Fluctuating
L0204,204,D,Sports,6.529441007748559,3,factual_recall,easy,long_delay,1.0,0.765987263211454,6.303971650314502,0.0,0.8549491235616468,1,0,2,high,High Cognitive Load,Attention-Fluctuating
L0204,204,D,Sports,17.92083690655342,4,factual_recall,easy,long_delay,1.0,0.5515790338514643,21.016327329626776,0.0,0.8549491235616468,4,2,1,high,High Cognitive Load,Attention-Fluctuating
L0204,204,D,Sports,5.08717242751626,5,comprehension,medium,immediate,0.0,0.38179393236530235,15.81366983553205,0.0,0.8549491235616468,1,2,0,high,High Cognitive Load,Attention-Fluctuating
L0204,204,D,World,7.613602886093767,6,inference,hard,immediate,0.0,0.42528380393416393,27.02183927955421,0.0,0.8549491235616468,2,3,1,high,High Cognitive Load,Attention-Fluctuating
L0204,204,D,Sports,10.901300759309757,7,factual_recall,easy,short_delay,0.0,0.32615061122218364,10.845893241244013,1.0,0.8549491235616468,2,1,2,high,High Cognitive Load,Attention-Fluctuating
L0204,204,D,World,12.107372672497995,8,factual_recall,easy,immediate,1.0,0.7820789439636182,24.161077734970362,0.0,0.8549491235616468,0,1,1,high,High Cognitive Load,Attention-Fluctuating
L0204,204,D,Entertainment,8.816750939079645,9,factual_recall,easy,immediate,1.0,0.5230169625508226,34.40848416222537,1.0,0.8549491235616468,3,2,2,high,High Cognitive Load,Attention-Fluctuating
L0205,205,D,World,19.928717332976582,0,comprehension,hard,long_delay,1.0,0.7044447883816752,19.881222436058223,1.0,0.8051728560533427,4,0,2,high,Low-Engagement,Attention-Fluctuating
L0205,205,D,News,7.9892351595236875,1,factual_recall,easy,short_delay,0.0,0.416326152619984,15.430888224694238,1.0,0.8051728560533427,0,2,0,high,Low-Engagement,Attention-Fluctuating
L0205,205,D,Cooking,10.66597551329844,2,comprehension,medium,short_delay,1.0,0.5341572561247552,8.84873684223125,0.0,0.8051728560533427,2,1,0,high,Low-Engagement,Attention-Fluctuating
L0205,205,D,World,8.809930795020671,3,comprehension,hard,immediate,0.0,0.49544616038443606,26.77069097501218,0.0,0.8051728560533427,4,3,2,high,Low-Engagement,Attention-Fluctuating
L0205,205,D,Entertainment,8.68626719353057,4,comprehension,medium,short_delay,0.0,0.3622209092842956,16.981777827105986,0.0,0.8051728560533427,4,0,1,high,Low-Engagement,Attention-Fluctuating
L0205,205,D,News,6.105458180471716,5,reasoning,medium,long_delay,0.0,0.26967895515781687,13.662102049930905,1.0,0.8051728560533427,4,2,0,high,Low-Engagement,Attention-Fluctuating
L0205,205,D,World,16.879032618485763,6,inference,hard,immediate,1.0,0.5152745002815703,16.13545717586731,1.0,0.8051728560533427,2,1,0,high,Low-Engagement,Attention-Fluctuating
L0205,205,D,News,18.727912366902423,7,inference,hard,immediate,1.0,0.5472235347127481,10.672556526452922,0.0,0.8051728560533427,3,0,2,high,Low-Engagement,Attention-Fluctuating
L0205,205,D,News,19.00308732801063,8,reasoning,medium,long_delay,1.0,0.6210074152055683,12.693260765888935,0.0,0.8051728560533427,0,2,1,high,Low-Engagement,Attention-Fluctuating
L0205,205,D,Cooking,5.706735961860728,9,inference,easy,short_delay,1.0,0.711147568168028,12.375416867098119,1.0,0.8051728560533427,0,2,1,high,Low-Engagement,Attention-Fluctuating
L0206,206,D,Entertainment,12.781520622026429,0,comprehension,medium,short_delay,0.0,0.44026661917859283,8.435326671962281,0.0,0.8128694362499597,0,3,1,high,Needs Review,Attention-Fluctuating
L0206,206,D,Cooking,11.541281536494155,1,comprehension,hard,short_delay,0.0,0.47929921690111577,14.834722148593738,0.0,0.8128694362499597,4,2,0,high,Needs Review,Attention-Fluctuating
L0206,206,D,Sports,7.069499845190491,2,inference,hard,long_delay,0.0,0.22864703214965018,22.195142884467042,1.0,0.8128694362499597,3,0,1,high,Needs Review,Attention-Fluctuating
L0206,206,D,Cooking,19.758824469025093,3,factual_recall,easy,short_delay,1.0,0.6581692002827175,36.48922837241432,1.0,0.8128694362499597,4,1,1,high,Needs Review,Attention-Fluctuating
L0206,206,D,News,19.28737068657504,4,comprehension,easy,short_delay,1.0,0.9082580943632337,3.6885420508151374,0.0,0.8128694362499597,3,3,1,high,Needs Review,Attention-Fluctuating
L0206,206,D,World,5.219518744110468,5,reasoning,easy,long_delay,0.0,0.39414221673992395,13.152226030800119,0.0,0.8128694362499597,1,1,1,high,Needs Review,Attention-Fluctuating
L0206,206,D,World,10.834503474945349,6,comprehension,easy,long_delay,1.0,0.8043407223440227,9.040191470892886,0.0,0.8128694362499597,4,0,2,high,Needs Review,Attention-Fluctuating
L0206,206,D,Entertainment,11.904941140809106,7,reasoning,easy,immediate,1.0,0.5881202838020098,5.320205385107026,0.0,0.8128694362499597,0,2,0,high,Needs Review,Attention-Fluctuating
L0206,206,D,Entertainment,6.309865983242326,8,factual_recall,medium,long_delay,0.0,0.24691707231799373,18.954476866095654,0.0,0.8128694362499597,1,3,0,high,Needs Review,Attention-Fluctuating
L0206,206,D,News,18.322957965952753,9,inference,hard,immediate,0.0,0.42105462887437434,18.014799911868472,0.0,0.8128694362499597,0,2,2,high,Needs Review,Attention-Fluctuating
L0207,207,D,Sports,11.09163809901177,0,comprehension,hard,immediate,1.0,0.728449484446758,9.943185617424705,1.0,0.6746193530645975,2,2,2,high,Low-Engagement,Attention-Fluctuating
L0207,207,D,Cooking,11.204749085271523,1,factual_recall,hard,long_delay,1.0,0.9501270060279927,29.845675408912534,0.0,0.6746193530645975,3,0,1,high,Low-Engagement,Attention-Fluctuating
L0207,207,D,Cooking,19.398520966955836,2,reasoning,easy,long_delay,0.0,0.1718233258727436,2.476531546407787,1.0,0.6746193530645975,4,2,1,high,Low-Engagement,Attention-Fluctuating
L0207,207,D,Entertainment,18.486393622307236,3,factual_recall,hard,short_delay,1.0,1.0,22.410391033135404,1.0,0.6746193530645975,0,1,2,high,Low-Engagement,Attention-Fluctuating
L0207,207,D,Entertainment,13.891172812874414,4,factual_recall,easy,short_delay,1.0,0.6407492457952263,14.294830906308155,1.0,0.6746193530645975,0,1,2,high,Low-Engagement,Attention-Fluctuating
L0207,207,D,World,14.816525848199188,5,comprehension,easy,long_delay,1.0,0.7160448270597655,8.392928505244246,0.0,0.6746193530645975,3,0,0,high,Low-Engagement,Attention-Fluctuating
L0207,207,D,News,13.751864567519727,6,reasoning,medium,short_delay,1.0,0.5127476505705187,37.719318519694006,0.0,0.6746193530645975,1,0,0,high,Low-Engagement,Attention-Fluctuating
L0207,207,D,News,8.880622489630367,7,inference,medium,immediate,1.0,0.5992969750286345,8.45497438738562,0.0,0.6746193530645975,4,3,2,high,Low-Engagement,Attention-Fluctuating
L0207,207,D,World,9.953485168365738,8,factual_recall,hard,immediate,1.0,0.6385026024262215,6.6989800026552855,1.0,0.6746193530645975,1,3,0,high,Low-Engagement,Attention-Fluctuating
L0207,207,D,Cooking,6.5076626930637795,9,comprehension,medium,short_delay,0.0,0.3901808015325929,16.13027296479464,0.0,0.6746193530645975,3,0,0,high,Low-Engagement,Attention-Fluctuating
L0208,208,D,Cooking,9.516464441872078,0,comprehension,medium,immediate,0.0,0.45677203519602005,18.988414550596495,0.0,0.7039193658786231,0,1,0,high,Needs Review,Attention-Fluctuating
L0208,208,D,World,9.939685930483638,1,inference,hard,immediate,1.0,0.5063676529547262,6.9947233850653525,0.0,0.7039193658786231,0,0,1,high,Needs Review,Attention-Fluctuating
L0208,208,D,Cooking,8.023742948471234,2,reasoning,medium,short_delay,0.0,0.3755069950327769,16.953424679134027,0.0,0.7039193658786231,0,2,1,high,Needs Review,Attention-Fluctuating
L0208,208,D,Cooking,17.665010468126926,3,comprehension,hard,immediate,1.0,0.7244790063407073,15.421506979298329,1.0,0.7039193658786231,2,3,2,high,Needs Review,Attention-Fluctuating
L0208,208,D,News,9.145088320043723,4,comprehension,easy,short_delay,1.0,0.6576963623217218,35.643119350074926,1.0,0.7039193658786231,1,2,2,high,Needs Review,Attention-Fluctuating
L0208,208,D,Cooking,13.519651456731106,5,factual_recall,hard,long_delay,1.0,0.7219958892746103,7.388730318721956,0.0,0.7039193658786231,1,3,2,high,Needs Review,Attention-Fluctuating
L0208,208,D,News,12.357357243840369,6,factual_recall,easy,immediate,1.0,0.5171257696137577,21.31426178866702,0.0,0.7039193658786231,2,1,0,high,Needs Review,Attention-Fluctuating
L0208,208,D,Sports,16.452657321495373,7,comprehension,medium,immediate,1.0,0.5883854041321492,7.092316473216393,0.0,0.7039193658786231,0,0,2,high,Needs Review,Attention-Fluctuating
L0208,208,D,World,19.238581526017505,8,factual_recall,medium,short_delay,0.0,0.16431625531821842,12.421265559297296,0.0,0.7039193658786231,3,2,1,high,Needs Review,Attention-Fluctuating
L0208,208,D,Cooking,15.211703124169466,9,factual_recall,medium,long_delay,1.0,0.6752451102622095,20.768189536922304,0.0,0.7039193658786231,0,1,2,high,Needs Review,Attention-Fluctuating
L0209,209,D,World,16.899530525261014,0,factual_recall,hard,long_delay,1.0,0.8141952793640415,1.5008675825514879,0.0,0.6854250224950622,1,3,2,high,Low-Engagement,Attention-Fluctuating
L0209,209,D,Sports,8.818007501600341,1,reasoning,hard,long_delay,1.0,0.6053337985903782,23.486380718336072,0.0,0.6854250224950622,0,0,0,high,Low-Engagement,Attention-Fluctuating
L0209,209,D,Entertainment,16.404500658719943,2,reasoning,easy,long_delay,1.0,0.6732033841537164,11.563066939369442,1.0,0.6854250224950622,3,3,2,high,Low-Engagement,Attention-Fluctuating
L0209,209,D,Sports,9.137709722853192,3,inference,medium,long_delay,1.0,1.0,25.30517639330211,1.0,0.6854250224950622,3,2,0,high,Low-Engagement,Attention-Fluctuating
L0209,209,D,News,12.688239987945426,4,inference,hard,long_delay,1.0,0.5442708351700587,17.864408271457716,1.0,0.6854250224950622,1,3,2,high,Low-Engagement,Attention-Fluctuating
L0209,209,D,Cooking,16.1205707060388,5,reasoning,medium,long_delay,1.0,0.6038508907353073,12.646610851317087,0.0,0.6854250224950622,4,0,2,high,Low-Engagement,Attention-Fluctuating
L0209,209,D,Sports,8.27221723809556,6,factual_recall,easy,long_delay,0.0,0.4193570696984074,14.134403831240052,0.0,0.6854250224950622,1,3,1,high,Low-Engagement,Attention-Fluctuating
L0209,209,D,Entertainment,19.75821501171532,7,factual_recall,medium,short_delay,1.0,0.7776937111816152,9.496116999413598,1.0,0.6854250224950622,1,1,1,high,Low-Engagement,Attention-Fluctuating
L0209,209,D,Entertainment,13.236827722870428,8,comprehension,hard,short_delay,0.0,0.4878746203426728,26.37787755320859,0.0,0.6854250224950622,2,0,1,high,Low-Engagement,Attention-Fluctuating
L0209,209,D,Sports,15.817761647762211,9,reasoning,hard,immediate,1.0,0.8045420831637757,7.513626505745854,1.0,0.6854250224950622,4,1,0,high,Low-Engagement,Attention-Fluctuating
L0210,210,D,Cooking,9.386122403001744,0,inference,easy,immediate,1.0,1.0,16.04562719955762,1.0,0.7360264431247603,4,1,1,high,Low-Engagement,Attention-Fluctuating
L0210,210,D,World,10.997287750118483,1,reasoning,easy,long_delay,1.0,0.8318431405122442,2.4415131317779877,0.0,0.7360264431247603,4,2,1,high,Low-Engagement,Attention-Fluctuating
L0210,210,D,World,18.404311847663074,2,reasoning,medium,long_delay,1.0,0.7633467830796921,1.0,0.0,0.7360264431247603,0,1,1,high,Low-Engagement,Attention-Fluctuating
L0210,210,D,Sports,12.23950729343235,3,inference,easy,short_delay,1.0,0.6634684930488749,30.46502417448497,1.0,0.7360264431247603,2,2,0,high,Low-Engagement,Attention-Fluctuating
L0210,210,D,Sports,16.398337716045198,4,factual_recall,medium,long_delay,1.0,0.7460547669502214,22.62157819708926,1.0,0.7360264431247603,1,3,1,high,Low-Engagement,Attention-Fluctuating
L0210,210,D,News,8.172843199124882,5,comprehension,medium,long_delay,1.0,0.7525464146365681,1.0,1.0,0.7360264431247603,1,2,0,high,Low-Engagement,Attention-Fluctuating
L0210,210,D,News,10.366580113813562,6,inference,medium,immediate,0.0,0.1634369308895724,12.236154585982593,1.0,0.7360264431247603,4,2,1,high,Low-Engagement,Attention-Fluctuating
L0210,210,D,World,15.178079396341415,7,comprehension,easy,immediate,1.0,0.6789872425658897,26.805517333965305,0.0,0.7360264431247603,2,3,2,high,Low-Engagement,Attention-Fluctuating
L0210,210,D,Cooking,14.568398011474049,8,comprehension,medium,long_delay,1.0,0.5678388281328683,15.199856262793688,1.0,0.7360264431247603,2,2,1,high,Low-Engagement,Attention-Fluctuating
L0210,210,D,News,18.609177975728922,9,reasoning,easy,immediate,1.0,0.5000447453726848,30.450049537983613,0.0,0.7360264431247603,0,3,0,high,Low-Engagement,Attention-Fluctuating
L0211,211,D,News,6.779309177245749,0,reasoning,medium,short_delay,1.0,0.889569044036056,2.105217090633466,1.0,0.7170408138230829,4,1,0,high,Low-Engagement,Attention-Fluctuating
L0211,211,D,World,14.45927455445194,1,factual_recall,hard,immediate,1.0,0.5687329142047028,12.73964589456886,1.0,0.7170408138230829,3,0,2,high,Low-Engagement,Attention-Fluctuating
L0211,211,D,News,11.938886369609992,2,factual_recall,easy,long_delay,1.0,0.7215977556343219,22.04766512649255,1.0,0.7170408138230829,2,2,1,high,Low-Engagement,Attention-Fluctuating
L0211,211,D,News,15.479569080917774,3,factual_recall,easy,long_delay,0.0,0.24764427542548856,18.857222752412852,0.0,0.7170408138230829,2,0,0,high,Low-Engagement,Attention-Fluctuating
L0211,211,D,Sports,5.2267956316335535,4,comprehension,easy,immediate,1.0,0.5296484070622837,1.0,1.0,0.7170408138230829,1,0,1,high,Low-Engagement,Attention-Fluctuating
L0211,211,D,News,13.387604080384614,5,comprehension,medium,immediate,0.0,0.43072802651328407,12.330085554953992,0.0,0.7170408138230829,4,2,2,high,Low-Engagement,Attention-Fluctuating
L0211,211,D,Sports,11.251840901915832,6,comprehension,hard,short_delay,1.0,1.0,28.208216614468927,1.0,0.7170408138230829,4,1,0,high,Low-Engagement,Attention-Fluctuating
L0211,211,D,Cooking,15.048118181681978,7,comprehension,medium,short_delay,0.0,0.4666406485757285,23.882229273129347,1.0,0.7170408138230829,1,2,2,high,Low-Engagement,Attention-Fluctuating
L0211,211,D,World,17.532017663395703,8,reasoning,hard,long_delay,1.0,0.6146558145322905,30.18033351825204,0.0,0.7170408138230829,3,1,2,high,Low-Engagement,Attention-Fluctuating
L0211,211,D,Entertainment,17.201387057865908,9,factual_recall,medium,long_delay,1.0,0.625315160455034,8.143526625767091,1.0,0.7170408138230829,0,2,2,high,Low-Engagement,Attention-Fluctuating
L0212,212,D,Entertainment,7.377786428107245,0,factual_recall,hard,long_delay,0.0,0.38081277330065383,20.99307716203317,1.0,0.7475891242598857,3,2,0,high,Low-Engagement,Attention-Fluctuating
L0212,212,D,News,18.023443802061312,1,inference,medium,short_delay,0.0,0.4402447562873957,6.707839152965658,1.0,0.7475891242598857,0,2,0,high,Low-Engagement,Attention-Fluctuating
L0212,212,D,Entertainment,19.035742408774674,2,inference,hard,short_delay,1.0,0.829630530185843,19.172822935737145,0.0,0.7475891242598857,2,0,2,high,Low-Engagement,Attention-Fluctuating
L0212,212,D,News,14.817177637907765,3,inference,medium,long_delay,1.0,0.8502615991644099,28.214355922682763,1.0,0.7475891242598857,2,1,1,high,Low-Engagement,Attention-Fluctuating
L0212,212,D,World,14.653241793200971,4,reasoning,medium,short_delay,1.0,0.5584865270321626,1.0,0.0,0.7475891242598857,1,0,2,high,Low-Engagement,Attention-Fluctuating
L0212,212,D,Cooking,11.909195886595123,5,factual_recall,medium,long_delay,1.0,0.6522110788120176,19.762858171910928,0.0,0.7475891242598857,0,2,0,high,Low-Engagement,Attention-Fluctuating
L0212,212,D,World,9.1315256382445,6,factual_recall,easy,short_delay,1.0,0.8394527642659287,14.275854454075125,0.0,0.7475891242598857,0,1,0,high,Low-Engagement,Attention-Fluctuating
L0212,212,D,Sports,14.845921824909926,7,inference,medium,immediate,0.0,0.2591462255933403,1.5800187356305235,0.0,0.7475891242598857,0,2,2,high,Low-Engagement,Attention-Fluctuating
L0212,212,D,Cooking,18.72605509583965,8,reasoning,hard,immediate,1.0,0.5107295138322288,18.81927255130309,1.0,0.7475891242598857,2,3,1,high,Low-Engagement,Attention-Fluctuating
L0212,212,D,World,6.5587373613234625,9,factual_recall,medium,immediate,1.0,1.0,16.63519768239552,0.0,0.7475891242598857,3,0,1,high,Low-Engagement,Attention-Fluctuating
L0213,213,D,World,7.227806072586192,0,reasoning,hard,long_delay,1.0,0.9103369423491083,23.817804434096217,0.0,0.7162529721393616,2,3,1,high,Needs Review,Attention-Fluctuating
L0213,213,D,World,7.158443815552176,1,reasoning,medium,immediate,0.0,0.34116652994399066,20.591320938307945,0.0,0.7162529721393616,4,0,2,high,Needs Review,Attention-Fluctuating
L0213,213,D,World,12.750413613193667,2,reasoning,hard,immediate,0.0,0.4495080791694039,11.074334867206701,0.0,0.7162529721393616,1,2,0,high,Needs Review,Attention-Fluctuating
L0213,213,D,World,5.041904398119229,3,comprehension,easy,short_delay,1.0,0.8212853611937034,6.4120837919286595,0.0,0.7162529721393616,2,1,1,high,Needs Review,Attention-Fluctuating
L0213,213,D,Cooking,5.419017199918112,4,reasoning,hard,long_delay,1.0,0.5456758714973932,15.294268748511328,1.0,0.7162529721393616,1,0,1,high,Needs Review,Attention-Fluctuating
L0213,213,D,Entertainment,13.387201116164709,5,comprehension,medium,long_delay,1.0,0.577950842604701,29.165172862504722,1.0,0.7162529721393616,2,3,2,high,Needs Review,Attention-Fluctuating
L0213,213,D,World,13.362881481540233,6,factual_recall,easy,short_delay,1.0,0.8146745640261259,9.641820461707441,0.0,0.7162529721393616,0,1,0,high,Needs Review,Attention-Fluctuating
L0213,213,D,Cooking,11.781168682340596,7,factual_recall,medium,long_delay,0.0,0.4566357648692078,11.373159780474378,0.0,0.7162529721393616,1,3,2,high,Needs Review,Attention-Fluctuating
L0213,213,D,World,18.630656340024846,8,comprehension,easy,short_delay,0.0,0.30627950969558765,6.09478432653621,1.0,0.7162529721393616,2,0,1,high,Needs Review,Attention-Fluctuating
L0213,213,D,Entertainment,10.422713922587258,9,factual_recall,hard,immediate,0.0,0.3222228058274928,14.325871108978287,0.0,0.7162529721393616,4,3,2,high,Needs Review,Attention-Fluctuating
L0214,214,D,Entertainment,11.103224366835727,0,comprehension,easy,long_delay,1.0,0.5996702635202508,16.207513571438167,1.0,0.7213217295384127,3,2,0,high,Low-Engagement,Attention-Fluctuating
L0214,214,D,News,14.376301245259674,1,factual_recall,hard,long_delay,1.0,0.7398529011917047,9.72540144436579,0.0,0.7213217295384127,1,0,0,high,Low-Engagement,Attention-Fluctuating
L0214,214,D,Entertainment,5.358593584413882,2,inference,hard,long_delay,0.0,0.4988402488438121,19.049630489518616,1.0,0.7213217295384127,1,3,1,high,Low-Engagement,Attention-Fluctuating
L0214,214,D,World,6.34219910935437,3,factual_recall,easy,immediate,1.0,0.5417384226906647,12.950954370482087,0.0,0.7213217295384127,4,3,1,high,Low-Engagement,Attention-Fluctuating
L0214,214,D,Sports,13.599403476955487,4,reasoning,medium,immediate,0.0,0.4650591367472319,18.465941671060342,1.0,0.7213217295384127,3,2,2,high,Low-Engagement,Attention-Fluctuating
L0214,214,D,World,15.135798412505777,5,comprehension,medium,short_delay,1.0,0.510501460048577,28.98127467403435,0.0,0.7213217295384127,4,1,2,high,Low-Engagement,Attention-Fluctuating
L0214,214,D,Cooking,15.050697977196974,6,comprehension,easy,immediate,1.0,0.6097957225006645,5.470598828959671,0.0,0.7213217295384127,4,1,0,high,Low-Engagement,Attention-Fluctuating
L0214,214,D,Entertainment,8.23424024280295,7,inference,easy,long_delay,0.0,0.43565797476720797,39.73486336893375,1.0,0.7213217295384127,3,1,0,high,Low-Engagement,Attention-Fluctuating
L0214,214,D,Cooking,8.917183683569316,8,factual_recall,medium,long_delay,1.0,0.6571957958258773,17.274764082122594,1.0,0.7213217295384127,0,3,2,high,Low-Engagement,Attention-Fluctuating
L0214,214,D,News,16.794780281821378,9,inference,easy,long_delay,1.0,0.6569163491102233,22.118392739059207,1.0,0.7213217295384127,1,1,1,high,Low-Engagement,Attention-Fluctuating
L0215,215,D,Cooking,9.03270792693855,0,inference,hard,immediate,1.0,0.6480089932061539,28.867076220654937,1.0,0.7678048174127403,2,0,2,high,Low-Engagement,Attention-Fluctuating
L0215,215,D,World,6.5352027193367626,1,reasoning,medium,immediate,0.0,0.2764613030023345,16.748005578844015,1.0,0.7678048174127403,2,0,1,high,Low-Engagement,Attention-Fluctuating
L0215,215,D,Cooking,16.796115832098874,2,factual_recall,easy,short_delay,0.0,0.47598852197598857,33.636686743615556,1.0,0.7678048174127403,4,3,1,high,Low-Engagement,Attention-Fluctuating
L0215,215,D,News,17.88448180340216,3,comprehension,medium,short_delay,1.0,0.8099647623064956,5.409014932316058,1.0,0.7678048174127403,1,1,2,high,Low-Engagement,Attention-Fluctuating
L0215,215,D,Cooking,17.68588732510567,4,inference,medium,long_delay,1.0,0.6339556925426197,8.2830233514374,1.0,0.7678048174127403,1,1,0,high,Low-Engagement,Attention-Fluctuating
L0215,215,D,Sports,7.743557924888479,5,reasoning,hard,short_delay,1.0,0.6215629452505748,36.63622377157307,0.0,0.7678048174127403,4,3,2,high,Low-Engagement,Attention-Fluctuating
L0215,215,D,Cooking,14.485488708897353,6,inference,hard,immediate,1.0,0.6454344341150962,23.779731183085232,0.0,0.7678048174127403,0,0,2,high,Low-Engagement,Attention-Fluctuating
L0215,215,D,Cooking,16.516932967165484,7,comprehension,easy,short_delay,0.0,0.3113591389827903,15.111126578976856,0.0,0.7678048174127403,4,2,2,high,Low-Engagement,Attention-Fluctuating
L0215,215,D,Entertainment,18.28639388240825,8,reasoning,hard,short_delay,1.0,0.5806782893197023,17.446814339647528,0.0,0.7678048174127403,0,2,1,high,Low-Engagement,Attention-Fluctuating
L0215,215,D,Sports,10.903258089699913,9,factual_recall,easy,immediate,1.0,0.8816660710595243,9.93368886872816,0.0,0.7678048174127403,2,3,2,high,Low-Engagement,Attention-Fluctuating
L0216,216,D,World,12.058599538002092,0,inference,easy,short_delay,1.0,1.0,10.365262922893205,0.0,0.6914867153019721,2,1,0,high,Low-Engagement,Attention-Fluctuating
L0216,216,D,News,7.474163353460664,1,inference,hard,immediate,1.0,0.5495972513405296,24.409021702125045,0.0,0.6914867153019721,3,0,2,high,Low-Engagement,Attention-Fluctuating
L0216,216,D,Cooking,16.481937517315508,2,comprehension,hard,short_delay,1.0,0.7139222815249432,8.553286698186977,1.0,0.6914867153019721,4,2,1,high,Low-Engagement,Attention-Fluctuating
L0216,216,D,Sports,14.313032402283355,3,factual_recall,easy,short_delay,0.0,0.4661927800313566,28.08383235601769,0.0,0.6914867153019721,0,1,2,high,Low-Engagement,Attention-Fluctuating
L0216,216,D,Entertainment,5.209759018792049,4,comprehension,easy,long_delay,1.0,0.7866286060802293,11.136026425026152,0.0,0.6914867153019721,0,1,0,high,Low-Engagement,Attention-Fluctuating
L0216,216,D,Cooking,17.583754558077572,5,inference,hard,short_delay,1.0,0.7466935574702669,8.3681211246,1.0,0.6914867153019721,0,3,1,high,Low-Engagement,Attention-Fluctuating
L0216,216,D,Sports,10.251202673156932,6,factual_recall,medium,long_delay,1.0,0.683852047306434,10.876575233030986,1.0,0.6914867153019721,0,3,0,high,Low-Engagement,Attention-Fluctuating
L0216,216,D,News,7.178360056165433,7,inference,hard,short_delay,0.0,0.394532928756296,12.461974033389767,0.0,0.6914867153019721,2,3,2,high,Low-Engagement,Attention-Fluctuating
L0216,216,D,Entertainment,5.597863162133152,8,comprehension,easy,long_delay,0.0,0.4495193918872958,22.046733549242198,0.0,0.6914867153019721,2,3,2,high,Low-Engagement,Attention-Fluctuating
L0216,216,D,News,17.965068341757046,9,comprehension,medium,long_delay,1.0,0.9372345971492362,18.693837061377835,1.0,0.6914867153019721,0,0,1,high,Low-Engagement,Attention-Fluctuating
L0217,217,D,Sports,10.626660697857336,0,inference,hard,short_delay,0.0,0.28484063921604297,17.640972484033234,0.0,0.6739738997386331,0,1,2,high,Stable Learner,Attention-Fluctuating
L0217,217,D,Cooking,15.228618542524146,1,comprehension,easy,short_delay,1.0,0.8543192731457214,14.649873507436805,0.0,0.6739738997386331,4,0,2,high,Stable Learner,Attention-Fluctuating
L0217,217,D,World,18.034834879682638,2,comprehension,easy,long_delay,1.0,0.6770891831222177,21.425698517042097,1.0,0.6739738997386331,3,1,0,high,Stable Learner,Attention-Fluctuating
L0217,217,D,Cooking,17.90195988784499,3,factual_recall,hard,immediate,0.0,0.40906752976521227,34.111939354362214,0.0,0.6739738997386331,1,0,1,high,Stable Learner,Attention-Fluctuating
L0217,217,D,News,19.822502732644175,4,inference,hard,immediate,1.0,0.6555410112984843,20.498893942792584,0.0,0.6739738997386331,3,2,2,high,Stable Learner,Attention-Fluctuating
L0217,217,D,World,5.0473718644929235,5,inference,medium,short_delay,1.0,0.8135989466536248,8.623092607331232,1.0,0.6739738997386331,2,3,1,high,Stable Learner,Attention-Fluctuating
L0217,217,D,Sports,5.982831304309714,6,factual_recall,medium,long_delay,1.0,0.9458353050478783,5.365614201161188,0.0,0.6739738997386331,4,1,1,high,Stable Learner,Attention-Fluctuating
L0217,217,D,World,11.292318901688883,7,comprehension,easy,long_delay,1.0,0.6501220552315462,34.457800627539385,1.0,0.6739738997386331,4,2,2,high,Stable Learner,Attention-Fluctuating
L0217,217,D,Entertainment,9.050410523275447,8,reasoning,easy,short_delay,1.0,0.8119341274699722,23.137934123852325,0.0,0.6739738997386331,3,3,0,high,Stable Learner,Attention-Fluctuating
L0217,217,D,Sports,19.224066751192293,9,inference,easy,long_delay,0.0,0.3580795855370551,22.48081346975057,0.0,0.6739738997386331,3,1,1,high,Stable Learner,Attention-Fluctuating
L0218,218,D,News,15.76615810312675,0,comprehension,hard,long_delay,0.0,0.332859432059601,9.131303681617668,1.0,0.7034438313170704,2,0,2,high,Attention-Fluctuating,Attention-Fluctuating
L0218,218,D,Sports,15.981922803120582,1,factual_recall,easy,short_delay,1.0,0.8974059028688446,24.223275059805008,0.0,0.7034438313170704,3,1,2,high,Attention-Fluctuating,Attention-Fluctuating
L0218,218,D,Cooking,8.872727746691405,2,reasoning,hard,short_delay,1.0,0.6900314637901692,27.50270388336241,0.0,0.7034438313170704,3,1,1,high,Attention-Fluctuating,Attention-Fluctuating
L0218,218,D,Entertainment,16.15772449578295,3,inference,hard,long_delay,0.0,0.41677750793507723,29.136331111633822,0.0,0.7034438313170704,0,3,2,high,Attention-Fluctuating,Attention-Fluctuating
L0218,218,D,Cooking,17.57963016065708,4,reasoning,hard,immediate,1.0,0.6542713925325169,35.447404859785316,0.0,0.7034438313170704,2,2,0,high,Attention-Fluctuating,Attention-Fluctuating
L0218,218,D,Cooking,9.897671932628425,5,factual_recall,hard,short_delay,1.0,0.8318695419988665,30.363569180773034,0.0,0.7034438313170704,0,1,0,high,Attention-Fluctuating,Attention-Fluctuating
L0218,218,D,Sports,12.714488369654799,6,factual_recall,hard,immediate,1.0,0.7985584650908768,35.49548828784022,0.0,0.7034438313170704,4,1,1,high,Attention-Fluctuating,Attention-Fluctuating
L0218,218,D,News,18.0164620836781,7,factual_recall,medium,short_delay,0.0,0.4144722773667197,31.79060343235331,0.0,0.7034438313170704,1,3,1,high,Attention-Fluctuating,Attention-Fluctuating
L0218,218,D,News,18.302617424795944,8,inference,easy,immediate,0.0,0.0,32.66217574022167,0.0,0.7034438313170704,1,2,1,high,Attention-Fluctuating,Attention-Fluctuating
L0218,218,D,News,8.163250483223857,9,factual_recall,hard,immediate,1.0,0.6790772169792759,17.591318607022274,0.0,0.7034438313170704,4,1,0,high,Attention-Fluctuating,Attention-Fluctuating
L0219,219,D,News,17.295081332330177,0,factual_recall,hard,immediate,1.0,0.7774252810951133,16.138696249704807,0.0,0.7664310102026409,3,0,0,high,Low-Engagement,Attention-Fluctuating
L0219,219,D,News,10.368633988023575,1,comprehension,hard,long_delay,0.0,0.36546685814663704,1.0,0.0,0.7664310102026409,3,0,2,high,Low-Engagement,Attention-Fluctuating
L0219,219,D,News,8.03849304348739,2,inference,easy,long_delay,1.0,0.6126310736086388,17.012054053104205,1.0,0.7664310102026409,4,1,0,high,Low-Engagement,Attention-Fluctuating
L0219,219,D,Cooking,9.883721053412067,3,inference,medium,immediate,1.0,0.8679281960341746,22.704039681945627,0.0,0.7664310102026409,3,2,1,high,Low-Engagement,Attention-Fluctuating
L0219,219,D,Cooking,6.778713782286287,4,reasoning,easy,short_delay,0.0,0.3450135689412203,25.40083853582468,0.0,0.7664310102026409,2,2,2,high,Low-Engagement,Attention-Fluctuating
L0219,219,D,Cooking,5.054760101849619,5,comprehension,easy,immediate,1.0,0.8311052582099018,9.193708352480773,1.0,0.7664310102026409,3,1,2,high,Low-Engagement,Attention-Fluctuating
L0219,219,D,Sports,12.054443491402676,6,comprehension,medium,short_delay,1.0,0.923837490464477,15.301988805273915,1.0,0.7664310102026409,4,2,2,high,Low-Engagement,Attention-Fluctuating
L0219,219,D,News,14.321228493234049,7,factual_recall,hard,short_delay,1.0,0.5555588949658227,27.769072641522996,1.0,0.7664310102026409,1,3,1,high,Low-Engagement,Attention-Fluctuating
L0219,219,D,Cooking,5.860925884331473,8,comprehension,medium,long_delay,1.0,0.5313982761967438,17.400013785866626,0.0,0.7664310102026409,0,3,2,high,Low-Engagement,Attention-Fluctuating
L0219,219,D,News,18.510195295147472,9,factual_recall,easy,long_delay,1.0,0.8066188838039119,2.712620060390864,1.0,0.7664310102026409,2,2,2,high,Low-Engagement,Attention-Fluctuating
L0220,220,D,World,6.56220418885442,0,inference,hard,immediate,0.0,0.4920608466268479,16.26640512892864,1.0,0.7552612747456193,4,2,0,high,Low-Engagement,Attention-Fluctuating
L0220,220,D,World,12.597678047565923,1,inference,easy,immediate,1.0,0.6779249735778022,29.11452830432996,0.0,0.7552612747456193,0,1,1,high,Low-Engagement,Attention-Fluctuating
L0220,220,D,Cooking,8.29517946768817,2,reasoning,medium,long_delay,1.0,0.5840859741264424,18.934501895437528,0.0,0.7552612747456193,2,0,0,high,Low-Engagement,Attention-Fluctuating
L0220,220,D,World,18.825202604686446,3,reasoning,medium,short_delay,1.0,0.8109391254611094,21.75966607825131,0.0,0.7552612747456193,3,3,0,high,Low-Engagement,Attention-Fluctuating
L0220,220,D,Sports,10.627615909070936,4,factual_recall,hard,immediate,1.0,0.712030197760687,3.97316066104439,0.0,0.7552612747456193,0,2,0,high,Low-Engagement,Attention-Fluctuating
L0220,220,D,News,9.146191873132377,5,comprehension,medium,short_delay,1.0,0.6905388465748705,27.432302720603776,1.0,0.7552612747456193,2,1,0,high,Low-Engagement,Attention-Fluctuating
L0220,220,D,World,9.056589711049487,6,comprehension,medium,short_delay,1.0,0.6583722407120409,12.188264063256565,1.0,0.7552612747456193,1,2,0,high,Low-Engagement,Attention-Fluctuating
L0220,220,D,News,14.205457145250305,7,factual_recall,hard,long_delay,1.0,0.5055667086905916,7.573464177032863,0.0,0.7552612747456193,2,3,1,high,Low-Engagement,Attention-Fluctuating
L0220,220,D,Sports,18.195063353910992,8,factual_recall,medium,long_delay,1.0,0.5396392900048606,34.461860091125715,1.0,0.7552612747456193,0,0,1,high,Low-Engagement,Attention-Fluctuating
L0220,220,D,Sports,6.736460960089464,9,factual_recall,hard,immediate,1.0,0.6496431680441779,24.976215224325916,0.0,0.7552612747456193,0,2,2,high,Low-Engagement,Attention-Fluctuating
L0221,221,D,Sports,16.45317898600114,0,inference,easy,short_delay,1.0,0.9083160248283293,24.10794775886829,0.0,0.7174089252242658,4,0,0,high,Low-Engagement,Attention-Fluctuating
L0221,221,D,Sports,14.184123882079854,1,comprehension,easy,short_delay,1.0,0.6934552537010296,30.59588612432386,1.0,0.7174089252242658,1,2,2,high,Low-Engagement,Attention-Fluctuating
L0221,221,D,World,16.041110745754715,2,factual_recall,easy,long_delay,0.0,0.3422299940241737,11.566582983751283,0.0,0.7174089252242658,2,0,1,high,Low-Engagement,Attention-Fluctuating
L0221,221,D,Sports,14.869609444405928,3,comprehension,medium,immediate,1.0,0.819076540248012,10.542464194850055,1.0,0.7174089252242658,0,0,2,high,Low-Engagement,Attention-Fluctuating
L0221,221,D,Cooking,13.157766682842322,4,comprehension,easy,short_delay,0.0,0.42169716393454415,15.128124612275656,0.0,0.7174089252242658,1,2,2,high,Low-Engagement,Attention-Fluctuating
L0221,221,D,Sports,5.354014118477183,5,reasoning,hard,immediate,1.0,0.7486718576116304,21.247330358220676,0.0,0.7174089252242658,4,0,1,high,Low-Engagement,Attention-Fluctuating
L0221,221,D,News,13.713067403351735,6,comprehension,hard,immediate,1.0,0.7106330295191812,3.8952372603904823,1.0,0.7174089252242658,2,0,2,high,Low-Engagement,Attention-Fluctuating
L0221,221,D,News,7.688831604997513,7,factual_recall,easy,long_delay,1.0,0.7232620932502709,23.514019908583155,0.0,0.7174089252242658,1,3,2,high,Low-Engagement,Attention-Fluctuating
L0221,221,D,Cooking,11.414712386975722,8,reasoning,medium,immediate,1.0,0.9706378332336361,3.9161325825427324,0.0,0.7174089252242658,1,3,2,high,Low-Engagement,Attention-Fluctuating
L0221,221,D,News,8.592970383117205,9,factual_recall,medium,long_delay,0.0,0.4342718150195969,30.933308258074465,1.0,0.7174089252242658,3,3,2,high,Low-Engagement,Attention-Fluctuating
L0222,222,D,World,14.099411121091453,0,factual_recall,medium,short_delay,1.0,0.8217254394922332,16.02946723110777,0.0,0.8260216168661904,4,0,2,high,Needs Review,Attention-Fluctuating
L0222,222,D,News,14.100560645595419,1,factual_recall,hard,immediate,1.0,0.8380356092383023,1.0,1.0,0.8260216168661904,0,1,1,high,Needs Review,Attention-Fluctuating
L0222,222,D,Sports,13.426098582267697,2,reasoning,hard,long_delay,1.0,0.7350860942553551,20.96554861298065,0.0,0.8260216168661904,2,2,2,high,Needs Review,Attention-Fluctuating
L0222,222,D,Entertainment,16.683851989091554,3,comprehension,easy,short_delay,1.0,0.5691866283545373,17.976162902428698,1.0,0.8260216168661904,2,1,0,high,Needs Review,Attention-Fluctuating
L0222,222,D,Sports,16.743188330292067,4,inference,easy,immediate,0.0,0.4871445076179712,14.432096463604605,0.0,0.8260216168661904,0,0,2,high,Needs Review,Attention-Fluctuating
L0222,222,D,Cooking,19.44362932709638,5,comprehension,easy,long_delay,0.0,0.43492704078184696,8.672167339699461,0.0,0.8260216168661904,2,2,1,high,Needs Review,Attention-Fluctuating
L0222,222,D,World,14.730600905340568,6,factual_recall,easy,immediate,1.0,0.5673150301669602,18.024618355876164,0.0,0.8260216168661904,1,3,2,high,Needs Review,Attention-Fluctuating
L0222,222,D,News,17.272083066309996,7,reasoning,easy,short_delay,0.0,0.40443474922071027,12.555391099857623,0.0,0.8260216168661904,2,2,1,high,Needs Review,Attention-Fluctuating
L0222,222,D,News,9.011267724115662,8,factual_recall,medium,short_delay,1.0,0.9511908130017174,16.631321106333306,0.0,0.8260216168661904,2,0,0,high,Needs Review,Attention-Fluctuating
L0222,222,D,Sports,17.395840685932836,9,inference,medium,immediate,0.0,0.3395256893868798,37.57430001917993,0.0,0.8260216168661904,2,3,1,high,Needs Review,Attention-Fluctuating
L0223,223,D,Entertainment,14.618061446362047,0,comprehension,hard,immediate,1.0,0.5087291003383274,33.49652719718958,0.0,0.7721423688832876,3,3,0,high,Low-Engagement,Attention-Fluctuating
L0223,223,D,World,14.249227330553389,1,comprehension,medium,short_delay,1.0,0.5981871985144533,12.900511866219322,1.0,0.7721423688832876,1,3,0,high,Low-Engagement,Attention-Fluctuating
L0223,223,D,News,7.005758352148311,2,reasoning,hard,long_delay,1.0,0.5148606416859451,14.810730986704652,1.0,0.7721423688832876,4,1,0,high,Low-Engagement,Attention-Fluctuating
L0223,223,D,News,13.824713791839242,3,factual_recall,hard,long_delay,1.0,0.893319302636592,15.692410516242354,1.0,0.7721423688832876,2,0,1,high,Low-Engagement,Attention-Fluctuating
L0223,223,D,World,5.161330775012449,4,inference,medium,short_delay,1.0,0.8004547447597202,4.834308283581589,1.0,0.7721423688832876,1,1,0,high,Low-Engagement,Attention-Fluctuating
L0223,223,D,News,19.693667751291496,5,inference,medium,immediate,1.0,0.581695386628558,21.15735365425948,0.0,0.7721423688832876,1,1,0,high,Low-Engagement,Attention-Fluctuating
L0223,223,D,Entertainment,17.84077034044515,6,inference,hard,immediate,0.0,0.41470500864574583,10.376552553215491,1.0,0.7721423688832876,2,2,0,high,Low-Engagement,Attention-Fluctuating
L0223,223,D,News,15.736721225194206,7,comprehension,medium,immediate,1.0,0.9081679376407634,12.292782676888773,1.0,0.7721423688832876,0,2,1,high,Low-Engagement,Attention-Fluctuating
L0223,223,D,Entertainment,10.117920234997287,8,inference,hard,immediate,1.0,0.6273368271088602,10.95564520598336,0.0,0.7721423688832876,4,3,0,high,Low-Engagement,Attention-Fluctuating
L0223,223,D,News,12.125780013218504,9,inference,medium,short_delay,1.0,0.5739665079606531,12.129297966960564,0.0,0.7721423688832876,1,1,0,high,Low-Engagement,Attention-Fluctuating
L0224,224,E,Entertainment,7.1665499329298274,0,comprehension,medium,long_delay,1.0,0.5140858727404753,23.010055202258705,0.0,0.46397746166714515,0,3,2,high,Low-Engagement,Low-Engagement
L0224,224,E,Entertainment,19.236788804231168,1,reasoning,medium,immediate,0.0,0.44618478237897413,27.097775965049536,0.0,0.46397746166714515,4,2,0,high,Low-Engagement,Low-Engagement
L0224,224,E,Entertainment,12.685145684905848,2,comprehension,hard,immediate,0.0,0.3901451403193918,22.622967055448,0.0,0.46397746166714515,0,1,2,high,Low-Engagement,Low-Engagement
L0224,224,E,Entertainment,5.801112064133886,3,inference,hard,short_delay,0.0,0.33631102053132894,26.39301431678466,0.0,0.46397746166714515,0,1,2,high,Low-Engagement,Low-Engagement
L0224,224,E,News,16.024083805219934,4,comprehension,hard,short_delay,0.0,0.4119368409162347,3.4668858971674297,0.0,0.46397746166714515,2,1,0,high,Low-Engagement,Low-Engagement
L0224,224,E,Sports,5.861889743996136,5,factual_recall,medium,short_delay,0.0,0.3513332350526705,16.05714669036891,0.0,0.46397746166714515,1,2,0,high,Low-Engagement,Low-Engagement
L0224,224,E,Entertainment,8.187724865198007,6,factual_recall,hard,immediate,0.0,0.44246031094544264,28.824613334312673,1.0,0.46397746166714515,0,1,2,high,Low-Engagement,Low-Engagement
L0224,224,E,Cooking,12.705691164345502,7,reasoning,medium,short_delay,0.0,0.26741618711053133,24.07383630652977,0.0,0.46397746166714515,2,1,1,high,Low-Engagement,Low-Engagement
L0224,224,E,Cooking,8.986793178938516,8,reasoning,hard,long_delay,1.0,0.5341581093846873,34.7877061244117,0.0,0.46397746166714515,2,1,1,high,Low-Engagement,Low-Engagement
L0224,224,E,World,13.7924368383198,9,inference,medium,immediate,0.0,0.381956265350917,33.63504383973614,0.0,0.46397746166714515,2,0,2,high,Low-Engagement,Low-Engagement
L0225,225,E,World,10.435445871993624,0,comprehension,hard,long_delay,0.0,0.3204056776438589,30.821312757243355,0.0,0.41650978826237905,0,0,2,high,Low-Engagement,Low-Engagement
L0225,225,E,Entertainment,9.556634668137326,1,comprehension,easy,short_delay,1.0,0.5258771762510024,16.671338882236686,0.0,0.41650978826237905,3,1,0,high,Low-Engagement,Low-Engagement
L0225,225,E,Sports,19.860185505696073,2,inference,easy,short_delay,0.0,0.483760124493829,18.39318571086935,0.0,0.41650978826237905,2,1,1,high,Low-Engagement,Low-Engagement
L0225,225,E,News,16.673280256912715,3,reasoning,easy,short_delay,1.0,0.502220240557806,29.56080602945569,0.0,0.41650978826237905,4,1,2,high,Low-Engagement,Low-Engagement
L0225,225,E,News,15.24508823139061,4,comprehension,hard,short_delay,0.0,0.4416548396960303,26.74737230608191,0.0,0.41650978826237905,1,2,0,high,Low-Engagement,Low-Engagement
L0225,225,E,News,15.852813491673707,5,factual_recall,easy,short_delay,0.0,0.4268546448131888,17.67639674468083,0.0,0.41650978826237905,4,3,1,high,Low-Engagement,Low-Engagement
L0225,225,E,News,18.826866605724934,6,factual_recall,medium,long_delay,1.0,0.5910720405877021,11.629934111842314,0.0,0.41650978826237905,2,2,0,high,Low-Engagement,Low-Engagement
L0225,225,E,Cooking,11.932026829905563,7,inference,medium,short_delay,1.0,0.5726143764188419,18.368286344060216,0.0,0.41650978826237905,4,0,0,high,Low-Engagement,Low-Engagement
L0225,225,E,Cooking,16.673358869766137,8,reasoning,medium,short_delay,1.0,0.6197760703421266,14.521052469783722,0.0,0.41650978826237905,2,3,2,high,Low-Engagement,Low-Engagement
L0225,225,E,Sports,5.470172625641058,9,reasoning,medium,immediate,0.0,0.4947113221795045,33.7960278599094,0.0,0.41650978826237905,2,1,2,high,Low-Engagement,Low-Engagement
L0226,226,E,Sports,10.492711416209737,0,inference,hard,immediate,0.0,0.39706328980349254,24.826772675023754,1.0,0.306835229010548,0,3,1,high,Low-Engagement,Low-Engagement
L0226,226,E,Cooking,17.411529578666208,1,factual_recall,medium,short_delay,0.0,0.37526681320538424,14.593916682951747,1.0,0.306835229010548,3,1,0,high,Low-Engagement,Low-Engagement
L0226,226,E,Cooking,7.604704623036635,2,inference,hard,long_delay,0.0,0.4157875436776493,3.1299662723166293,0.0,0.306835229010548,0,0,2,high,Low-Engagement,Low-Engagement
L0226,226,E,Entertainment,17.918786255412094,3,factual_recall,hard,short_delay,1.0,0.5329402242309464,15.146429047441774,1.0,0.306835229010548,2,2,1,high,Low-Engagement,Low-Engagement
L0226,226,E,Entertainment,13.692338344262211,4,inference,easy,short_delay,0.0,0.4984923299476503,25.979655657937347,0.0,0.306835229010548,1,0,2,high,Low-Engagement,Low-Engagement
L0226,226,E,Cooking,10.541733321001805,5,factual_recall,medium,long_delay,1.0,0.5488806856490023,20.64172831751171,1.0,0.306835229010548,0,2,1,high,Low-Engagement,Low-Engagement
L0226,226,E,Cooking,13.196685156327984,6,inference,medium,long_delay,0.0,0.40391001556766476,18.905324218577015,1.0,0.306835229010548,1,0,0,high,Low-Engagement,Low-Engagement
L0226,226,E,Cooking,12.506243347926578,7,comprehension,medium,short_delay,1.0,0.631003292194168,13.217279433778177,1.0,0.306835229010548,3,0,0,high,Low-Engagement,Low-Engagement
L0226,226,E,Sports,7.081585257140138,8,factual_recall,easy,short_delay,1.0,0.5307406215116064,4.353393392667714,0.0,0.306835229010548,4,3,1,high,Low-Engagement,Low-Engagement
L0226,226,E,News,11.854043325559017,9,reasoning,medium,short_delay,0.0,0.4634681618210349,31.39876496651832,0.0,0.306835229010548,3,0,0,high,Low-Engagement,Low-Engagement
L0227,227,E,News,18.907163691318683,0,comprehension,medium,immediate,1.0,0.5218405115846372,31.099433313380814,1.0,0.47480827099340833,2,1,1,high,Low-Engagement,Low-Engagement
L0227,227,E,Cooking,9.871566644399817,1,inference,medium,immediate,1.0,0.5813457930280148,22.603163608682575,1.0,0.47480827099340833,0,2,1,high,Low-Engagement,Low-Engagement
L0227,227,E,Sports,17.04956579307951,2,reasoning,medium,long_delay,0.0,0.28912905023819,4.76305682494759,0.0,0.47480827099340833,3,3,0,high,Low-Engagement,Low-Engagement
L0227,227,E,Sports,7.113582916960828,3,reasoning,medium,long_delay,1.0,0.5024931146473497,6.534972695629808,0.0,0.47480827099340833,4,0,0,high,Low-Engagement,Low-Engagement
L0227,227,E,Entertainment,19.165059142386134,4,comprehension,hard,long_delay,0.0,0.19601828970447419,20.781971463435355,0.0,0.47480827099340833,0,0,0,high,Low-Engagement,Low-Engagement
L0227,227,E,Entertainment,11.446137562786557,5,inference,medium,long_delay,0.0,0.428723941699742,10.566060645633861,0.0,0.47480827099340833,2,1,2,high,Low-Engagement,Low-Engagement
L0227,227,E,Cooking,16.595956028792273,6,comprehension,hard,immediate,1.0,0.624469500454495,21.09349035124525,1.0,0.47480827099340833,0,2,2,high,Low-Engagement,Low-Engagement
L0227,227,E,Entertainment,16.305593141760315,7,factual_recall,hard,short_delay,0.0,0.2798869161337802,21.567960906135514,0.0,0.47480827099340833,3,0,2,high,Low-Engagement,Low-Engagement
L0227,227,E,Entertainment,19.892595637572192,8,reasoning,easy,short_delay,0.0,0.2580914656762005,16.081939914738314,1.0,0.47480827099340833,0,1,2,high,Low-Engagement,Low-Engagement
L0227,227,E,Cooking,10.910846836305252,9,comprehension,medium,immediate,0.0,0.4764954119457571,34.5180343515905,1.0,0.47480827099340833,1,0,0,high,Low-Engagement,Low-Engagement
L0228,228,E,News,15.057075052632182,0,comprehension,hard,long_delay,0.0,0.32437700455580815,11.690376362046528,0.0,0.2576360072111446,3,3,1,high,Low-Engagement,Low-Engagement
L0228,228,E,Entertainment,12.60057738343344,1,reasoning,hard,short_delay,1.0,0.5314369136258059,11.167367183944414,1.0,0.2576360072111446,1,1,2,high,Low-Engagement,Low-Engagement
L0228,228,E,World,16.34817535638242,2,reasoning,hard,long_delay,0.0,0.43769987571616403,17.21781486062326,0.0,0.2576360072111446,1,2,0,high,Low-Engagement,Low-Engagement
L0228,228,E,Sports,5.764800794880115,3,comprehension,hard,immediate,1.0,0.5145200606387255,22.723480118905215,1.0,0.2576360072111446,3,3,0,high,Low-Engagement,Low-Engagement
L0228,228,E,Cooking,18.80454145663702,4,inference,medium,long_delay,0.0,0.4483640920884231,18.545454336346644,0.0,0.2576360072111446,1,2,2,high,Low-Engagement,Low-Engagement
L0228,228,E,World,18.12208446802652,5,factual_recall,easy,short_delay,0.0,0.42507936431920695,23.99616052198177,0.0,0.2576360072111446,4,1,1,high,Low-Engagement,Low-Engagement
L0228,228,E,World,16.405121522490226,6,inference,medium,short_delay,0.0,0.3683947406190132,19.606008419109074,0.0,0.2576360072111446,3,1,0,high,Low-Engagement,Low-Engagement
L0228,228,E,News,9.151043786631254,7,factual_recall,hard,long_delay,0.0,0.30671968128839994,19.082950868406133,1.0,0.2576360072111446,4,3,0,high,Low-Engagement,Low-Engagement
L0228,228,E,World,15.096015731031303,8,comprehension,easy,immediate,1.0,0.6183241547678998,39.30462989415895,0.0,0.2576360072111446,4,0,0,high,Low-Engagement,Low-Engagement
L0228,228,E,News,14.56818495236834,9,inference,medium,immediate,1.0,0.6380770927355858,15.798373987237545,0.0,0.2576360072111446,4,1,0,high,Low-Engagement,Low-Engagement
L0229,229,E,World,11.37771136286964,0,inference,hard,immediate,1.0,0.6718437271881095,17.18868403857662,0.0,0.6842479044056532,1,2,1,high,Needs Review,Low-Engagement
L0229,229,E,Entertainment,18.040450298124465,1,factual_recall,medium,long_delay,0.0,0.2011355106211854,15.581219241373187,0.0,0.6842479044056532,0,2,2,high,Needs Review,Low-Engagement
L0229,229,E,Entertainment,9.072967879582684,2,factual_recall,medium,long_delay,0.0,0.47121412648149896,29.94673202378886,0.0,0.6842479044056532,2,0,1,high,Needs Review,Low-Engagement
L0229,229,E,News,13.025136407008725,3,comprehension,medium,short_delay,1.0,0.5346795065676884,13.656366187756465,0.0,0.6842479044056532,2,2,2,high,Needs Review,Low-Engagement
L0229,229,E,World,19.853526138140925,4,reasoning,medium,immediate,1.0,0.5030045769981378,16.722093764332183,1.0,0.6842479044056532,2,0,0,high,Needs Review,Low-Engagement
L0229,229,E,News,6.193635905817899,5,inference,medium,short_delay,1.0,0.631863552993412,18.083424868361217,0.0,0.6842479044056532,4,3,2,high,Needs Review,Low-Engagement
L0229,229,E,News,5.111141029031866,6,factual_recall,hard,long_delay,1.0,0.6069159249017537,22.845227146209204,0.0,0.6842479044056532,4,1,0,high,Needs Review,Low-Engagement
L0229,229,E,Entertainment,15.903780266955929,7,reasoning,easy,long_delay,0.0,0.48182248275806183,18.452333096307346,1.0,0.6842479044056532,2,3,2,high,Needs Review,Low-Engagement
L0229,229,E,Cooking,15.725417720023023,8,reasoning,medium,long_delay,1.0,0.7232524334893964,9.464232828158892,0.0,0.6842479044056532,1,1,0,high,Needs Review,Low-Engagement
L0229,229,E,Sports,11.788437638128602,9,comprehension,hard,short_delay,1.0,0.5624215827249093,29.296637903926108,1.0,0.6842479044056532,2,3,1,high,Needs Review,Low-Engagement
L0230,230,E,Sports,15.198176108794181,0,inference,hard,short_delay,1.0,0.7130049536581261,19.549873165877926,0.0,0.4778878754897053,0,0,0,high,Low-Engagement,Low-Engagement
L0230,230,E,News,9.163814250649498,1,comprehension,easy,immediate,1.0,0.5261999803507147,11.806292358315591,1.0,0.4778878754897053,1,3,2,high,Low-Engagement,Low-Engagement
L0230,230,E,Entertainment,9.77249644045913,2,factual_recall,easy,short_delay,0.0,0.37260516840871594,18.227988108889242,1.0,0.4778878754897053,0,0,2,high,Low-Engagement,Low-Engagement
L0230,230,E,Cooking,12.651228143451712,3,factual_recall,easy,immediate,1.0,0.512304464098193,23.486019548672626,1.0,0.4778878754897053,1,3,2,high,Low-Engagement,Low-Engagement
L0230,230,E,News,13.43114947365974,4,factual_recall,easy,immediate,0.0,0.41567071879242684,19.965203205247896,0.0,0.4778878754897053,1,0,0,high,Low-Engagement,Low-Engagement
L0230,230,E,Sports,19.48971113778153,5,factual_recall,easy,short_delay,1.0,0.6020110586276403,8.703202467327731,1.0,0.4778878754897053,1,0,2,high,Low-Engagement,Low-Engagement
L0230,230,E,Entertainment,9.776116632053396,6,reasoning,medium,short_delay,0.0,0.4837172648196514,17.814265334424455,0.0,0.4778878754897053,4,1,0,high,Low-Engagement,Low-Engagement
L0230,230,E,World,6.247925719880679,7,factual_recall,hard,immediate,0.0,0.49559079441605386,16.255801687681007,0.0,0.4778878754897053,1,1,2,high,Low-Engagement,Low-Engagement
L0230,230,E,World,17.738342870350976,8,inference,easy,long_delay,0.0,0.27691579077656475,21.54810818424946,0.0,0.4778878754897053,4,2,2,high,Low-Engagement,Low-Engagement
L0230,230,E,News,5.778538902481653,9,factual_recall,medium,long_delay,0.0,0.4573621943403543,20.684260495155378,0.0,0.4778878754897053,2,3,0,high,Low-Engagement,Low-Engagement
L0231,231,E,Sports,18.982576457609852,0,inference,hard,immediate,1.0,0.5460097605314078,14.977580519434678,0.0,0.5626948518606941,2,0,0,high,Low-Engagement,Low-Engagement
L0231,231,E,Sports,9.445971221765419,1,comprehension,medium,immediate,0.0,0.3792157565391217,16.71343075192204,0.0,0.5626948518606941,0,1,0,high,Low-Engagement,Low-Engagement
L0231,231,E,World,6.538726761678305,2,inference,medium,long_delay,1.0,0.5851065864494702,19.874106507831783,1.0,0.5626948518606941,2,1,2,high,Low-Engagement,Low-Engagement
L0231,231,E,Sports,6.511205421902107,3,factual_recall,easy,long_delay,1.0,0.5463819384217243,27.66856822561525,0.0,0.5626948518606941,1,0,2,high,Low-Engagement,Low-Engagement
L0231,231,E,World,5.923783341954944,4,inference,easy,immediate,0.0,0.47274447217432386,23.6913129153397,0.0,0.5626948518606941,0,0,1,high,Low-Engagement,Low-Engagement
L0231,231,E,Entertainment,8.073241490352121,5,factual_recall,easy,short_delay,0.0,0.37980866277198094,20.48672840402743,0.0,0.5626948518606941,4,0,2,high,Low-Engagement,Low-Engagement
L0231,231,E,Sports,7.460206707222184,6,factual_recall,medium,short_delay,0.0,0.4628034665266134,22.215947800642763,1.0,0.5626948518606941,2,0,2,high,Low-Engagement,Low-Engagement
L0231,231,E,Entertainment,16.698965812709417,7,factual_recall,easy,short_delay,1.0,0.6478184266179926,24.991927682905434,1.0,0.5626948518606941,4,0,1,high,Low-Engagement,Low-Engagement
L0231,231,E,News,5.774564128129435,8,inference,hard,short_delay,0.0,0.3187238696875584,6.5463524301632425,0.0,0.5626948518606941,4,0,0,high,Low-Engagement,Low-Engagement
L0231,231,E,Entertainment,6.191764553467777,9,comprehension,medium,immediate,0.0,0.35402411183238364,28.572673534036806,0.0,0.5626948518606941,3,2,2,high,Low-Engagement,Low-Engagement
L0232,232,E,Entertainment,7.455066788330516,0,reasoning,easy,long_delay,0.0,0.4266433449361158,14.533743258700945,0.0,0.4842715244799359,1,0,0,high,Low-Engagement,Low-Engagement
L0232,232,E,World,7.156063657544235,1,reasoning,medium,long_delay,0.0,0.31787849582950767,24.54319621702524,1.0,0.4842715244799359,1,1,0,high,Low-Engagement,Low-Engagement
L0232,232,E,Sports,15.775049585815685,2,reasoning,hard,immediate,0.0,0.49243485976692325,23.702608369167393,0.0,0.4842715244799359,2,1,2,high,Low-Engagement,Low-Engagement
L0232,232,E,News,9.97189998071115,3,reasoning,hard,short_delay,1.0,0.5555717673752827,21.596747222081536,0.0,0.4842715244799359,1,3,2,high,Low-Engagement,Low-Engagement
L0232,232,E,News,11.743995264680473,4,reasoning,medium,long_delay,0.0,0.3697807821728235,26.53190227475285,0.0,0.4842715244799359,4,0,2,high,Low-Engagement,Low-Engagement
L0232,232,E,World,12.27812677400279,5,comprehension,medium,immediate,0.0,0.2527520627025731,14.749541177637454,0.0,0.4842715244799359,4,0,1,high,Low-Engagement,Low-Engagement
L0232,232,E,Cooking,19.04534748924432,6,inference,easy,immediate,0.0,0.2085993312548557,11.243526119531456,0.0,0.4842715244799359,2,1,0,high,Low-Engagement,Low-Engagement
L0232,232,E,World,7.934151233970896,7,inference,hard,short_delay,0.0,0.37011778876976137,15.821330606181025,0.0,0.4842715244799359,0,1,0,high,Low-Engagement,Low-Engagement
L0232,232,E,Entertainment,16.188225902246344,8,factual_recall,hard,long_delay,0.0,0.43133958368882286,15.269577826545834,0.0,0.4842715244799359,0,2,0,high,Low-Engagement,Low-Engagement
L0232,232,E,Sports,11.230667962151292,9,inference,easy,long_delay,0.0,0.3880793323635025,3.589684351623788,1.0,0.4842715244799359,1,0,0,high,Low-Engagement,Low-Engagement
L0233,233,E,Entertainment,14.835490101710292,0,reasoning,easy,long_delay,1.0,0.5660203381411052,18.2075478839613,0.0,0.5376625717546517,3,0,0,high,Low-Engagement,Low-Engagement
L0233,233,E,Sports,11.094590719012825,1,reasoning,hard,immediate,1.0,0.5123545117122372,23.842186785965648,1.0,0.5376625717546517,2,2,1,high,Low-Engagement,Low-Engagement
L0233,233,E,World,5.060920508373256,2,reasoning,medium,immediate,0.0,0.32918380405870507,22.735689216488367,0.0,0.5376625717546517,4,0,2,high,Low-Engagement,Low-Engagement
L0233,233,E,News,6.793798955416631,3,reasoning,medium,short_delay,0.0,0.3222087983108986,22.673780697119568,0.0,0.5376625717546517,3,3,0,high,Low-Engagement,Low-Engagement
L0233,233,E,Cooking,7.1872789105055235,4,factual_recall,easy,short_delay,0.0,0.4616636102740578,31.95191211485342,0.0,0.5376625717546517,3,3,1,high,Low-Engagement,Low-Engagement
L0233,233,E,Cooking,5.5128202004351765,5,reasoning,medium,immediate,0.0,0.46082131918155506,11.081675426383006,1.0,0.5376625717546517,3,1,0,high,Low-Engagement,Low-Engagement
L0233,233,E,Sports,11.379405468363734,6,inference,hard,immediate,0.0,0.38286794104455524,16.610333213194604,0.0,0.5376625717546517,1,2,1,high,Low-Engagement,Low-Engagement
L0233,233,E,Entertainment,11.839867655776034,7,inference,hard,short_delay,1.0,0.6049964416239907,32.36043230408322,1.0,0.5376625717546517,4,2,0,high,Low-Engagement,Low-Engagement
L0233,233,E,News,9.684634961461853,8,comprehension,easy,short_delay,0.0,0.4019098101009528,4.261200904285728,0.0,0.5376625717546517,2,2,1,high,Low-Engagement,Low-Engagement
L0233,233,E,Sports,19.266508201655007,9,reasoning,easy,short_delay,0.0,0.2227559107057156,19.570444422377847,0.0,0.5376625717546517,4,2,2,high,Low-Engagement,Low-Engagement
L0234,234,E,Entertainment,12.791012212641675,0,inference,medium,short_delay,1.0,0.5541999380796278,35.86812570666848,0.0,0.5683485939621511,4,2,0,high,Low-Engagement,Low-Engagement
L0234,234,E,Cooking,13.15319850241267,1,factual_recall,medium,long_delay,1.0,0.5240351012719243,36.68661730754563,0.0,0.5683485939621511,4,3,1,high,Low-Engagement,Low-Engagement
L0234,234,E,Sports,18.708680605688123,2,comprehension,easy,immediate,1.0,0.6494198158971822,43.96104290956866,1.0,0.5683485939621511,3,0,0,high,Low-Engagement,Low-Engagement
L0234,234,E,World,8.201250416795423,3,inference,easy,long_delay,0.0,0.32010999738278617,35.24394415278645,0.0,0.5683485939621511,2,2,2,high,Low-Engagement,Low-Engagement
L0234,234,E,News,12.351562628274099,4,comprehension,hard,immediate,0.0,0.431234594666591,38.86505492267045,1.0,0.5683485939621511,2,1,0,high,Low-Engagement,Low-Engagement
L0234,234,E,Sports,7.056941271995846,5,factual_recall,hard,short_delay,0.0,0.34765837049991033,22.601340328445794,0.0,0.5683485939621511,3,2,2,high,Low-Engagement,Low-Engagement
L0234,234,E,World,18.952779964827315,6,inference,hard,long_delay,0.0,0.2464704562761141,21.826625869493387,1.0,0.5683485939621511,2,1,1,high,Low-Engagement,Low-Engagement
L0234,234,E,World,12.802743672231047,7,comprehension,easy,short_delay,0.0,0.37065106577301316,22.358714889722805,0.0,0.5683485939621511,1,1,0,high,Low-Engagement,Low-Engagement
L0234,234,E,News,16.720027071813682,8,reasoning,easy,short_delay,1.0,0.6747057333868586,20.000497636882912,1.0,0.5683485939621511,4,1,0,high,Low-Engagement,Low-Engagement
L0234,234,E,News,17.836341306943982,9,reasoning,medium,long_delay,0.0,0.42918399630987425,21.197305081340346,0.0,0.5683485939621511,2,1,2,high,Low-Engagement,Low-Engagement
L0235,235,E,News,16.27881751039547,0,factual_recall,easy,immediate,1.0,0.6094082794862462,35.14054556644806,0.0,0.43599409759972046,3,1,2,high,Low-Engagement,Low-Engagement
L0235,235,E,World,13.601853811666892,1,reasoning,medium,immediate,0.0,0.48966029217265733,8.738492637833156,1.0,0.43599409759972046,4,2,0,high,Low-Engagement,Low-Engagement
L0235,235,E,Cooking,16.398253423936833,2,reasoning,medium,long_delay,1.0,0.5483479267574173,11.330633757781056,0.0,0.43599409759972046,0,3,1,high,Low-Engagement,Low-Engagement
L0235,235,E,Entertainment,9.696424598730289,3,factual_recall,medium,long_delay,1.0,0.5358308864214162,26.09880528761576,0.0,0.43599409759972046,0,0,2,high,Low-Engagement,Low-Engagement
L0235,235,E,Entertainment,13.185555861146714,4,comprehension,easy,short_delay,0.0,0.10485115150118869,17.26902784193193,0.0,0.43599409759972046,1,0,0,high,Low-Engagement,Low-Engagement
L0235,235,E,Sports,14.503535238561875,5,reasoning,easy,immediate,0.0,0.4407997433254862,22.458618692808397,1.0,0.43599409759972046,4,0,2,high,Low-Engagement,Low-Engagement
L0235,235,E,News,18.02530322530835,6,comprehension,easy,immediate,0.0,0.3206310637342377,19.101545389042,0.0,0.43599409759972046,3,0,0,high,Low-Engagement,Low-Engagement
L0235,235,E,Sports,17.133312413259276,7,factual_recall,medium,immediate,0.0,0.3504819727011766,18.859390096271937,0.0,0.43599409759972046,1,3,2,high,Low-Engagement,Low-Engagement
L0235,235,E,Sports,16.14292045260416,8,factual_recall,hard,short_delay,1.0,0.6269503328790352,17.56611145014339,1.0,0.43599409759972046,0,3,0,high,Low-Engagement,Low-Engagement
L0235,235,E,Entertainment,6.880988146165887,9,inference,hard,short_delay,0.0,0.405023334561289,21.435946883261895,0.0,0.43599409759972046,1,0,2,high,Low-Engagement,Low-Engagement
L0236,236,E,World,11.307388123451645,0,inference,medium,immediate,0.0,0.3270781601687842,19.206431039299503,0.0,0.5443978403982778,0,0,1,high,Low-Engagement,Low-Engagement
L0236,236,E,News,6.4271084171055195,1,comprehension,easy,short_delay,1.0,0.5498721652209456,29.368492181294805,0.0,0.5443978403982778,1,1,0,high,Low-Engagement,Low-Engagement
L0236,236,E,World,8.493843848616471,2,reasoning,medium,immediate,1.0,0.6730303939699472,33.20501302322667,0.0,0.5443978403982778,1,0,0,high,Low-Engagement,Low-Engagement
L0236,236,E,News,9.74884290303672,3,factual_recall,easy,short_delay,0.0,0.4468047897653517,19.736649136306646,0.0,0.5443978403982778,1,1,2,high,Low-Engagement,Low-Engagement
L0236,236,E,Cooking,7.525989755189703,4,reasoning,hard,short_delay,1.0,0.6299375937578973,21.038012894375868,1.0,0.5443978403982778,1,1,1,high,Low-Engagement,Low-Engagement
L0236,236,E,News,16.81710996749583,5,factual_recall,hard,immediate,0.0,0.3399245640106091,25.86892295701587,0.0,0.5443978403982778,4,2,2,high,Low-Engagement,Low-Engagement
L0236,236,E,World,15.290319403709189,6,factual_recall,medium,short_delay,0.0,0.4464284856467478,13.259696147837726,1.0,0.5443978403982778,3,3,0,high,Low-Engagement,Low-Engagement
L0236,236,E,Cooking,9.883269895025682,7,reasoning,easy,immediate,0.0,0.373061021782817,20.880780761716487,1.0,0.5443978403982778,2,3,1,high,Low-Engagement,Low-Engagement
L0236,236,E,Sports,7.8050693945995455,8,inference,medium,long_delay,1.0,0.6155065502908559,37.142296849615505,0.0,0.5443978403982778,1,0,2,high,Low-Engagement,Low-Engagement
L0236,236,E,Cooking,10.952786018673216,9,comprehension,easy,short_delay,1.0,0.6468571865290622,15.999891837997627,1.0,0.5443978403982778,2,3,0,high,Low-Engagement,Low-Engagement
L0237,237,E,Entertainment,13.079873669032633,0,comprehension,easy,short_delay,1.0,0.530518433699448,15.957191956823143,0.0,0.2945072545431337,3,1,0,high,Low-Engagement,Low-Engagement
L0237,237,E,Cooking,9.388496324660899,1,inference,hard,immediate,0.0,0.2764460115165476,25.515788515262127,0.0,0.2945072545431337,2,0,1,high,Low-Engagement,Low-Engagement
L0237,237,E,World,14.973972854901639,2,inference,easy,immediate,0.0,0.4874794308425853,24.355551308071195,1.0,0.2945072545431337,4,2,1,high,Low-Engagement,Low-Engagement
L0237,237,E,World,5.353373838909478,3,comprehension,medium,long_delay,0.0,0.4530891211059088,1.0,0.0,0.2945072545431337,0,2,2,high,Low-Engagement,Low-Engagement
L0237,237,E,World,19.054842394543495,4,factual_recall,hard,long_delay,0.0,0.38621661010879993,22.033943490225433,0.0,0.2945072545431337,4,0,0,high,Low-Engagement,Low-Engagement
L0237,237,E,Cooking,18.55502095424233,5,factual_recall,easy,long_delay,0.0,0.47728199760693324,6.043257345395352,0.0,0.2945072545431337,0,0,2,high,Low-Engagement,Low-Engagement
L0237,237,E,World,5.713928920920524,6,factual_recall,hard,immediate,0.0,0.33748061887832936,17.269426302486696,1.0,0.2945072545431337,3,1,0,high,Low-Engagement,Low-Engagement
L0237,237,E,Entertainment,12.074003310661492,7,factual_recall,medium,short_delay,1.0,0.5509013280992456,19.1346078260264,1.0,0.2945072545431337,4,2,0,high,Low-Engagement,Low-Engagement
L0237,237,E,Sports,10.513359572430874,8,factual_recall,hard,short_delay,0.0,0.36619916417132026,17.183534163745303,0.0,0.2945072545431337,1,2,0,high,Low-Engagement,Low-Engagement
L0237,237,E,Entertainment,19.177928913490618,9,reasoning,easy,short_delay,0.0,0.4036359733671736,24.006553776791332,0.0,0.2945072545431337,0,2,1,high,Low-Engagement,Low-Engagement
L0238,238,E,Cooking,11.690319918982158,0,comprehension,easy,long_delay,0.0,0.4203601511349341,24.398959875927176,1.0,0.4699459673445761,4,1,1,high,Low-Engagement,Low-Engagement
L0238,238,E,World,11.135063688938306,1,factual_recall,medium,immediate,1.0,0.6715825373873738,27.07180460505555,0.0,0.4699459673445761,0,1,1,high,Low-Engagement,Low-Engagement
L0238,238,E,World,17.698267789654775,2,reasoning,medium,long_delay,1.0,0.5193276656859219,23.610994871221457,0.0,0.4699459673445761,0,0,2,high,Low-Engagement,Low-Engagement
L0238,238,E,News,14.648427006352748,3,reasoning,medium,short_delay,0.0,0.42713469912791,24.439124667441813,0.0,0.4699459673445761,1,1,0,high,Low-Engagement,Low-Engagement
L0238,238,E,Sports,12.881763038872057,4,comprehension,medium,immediate,0.0,0.367686622362324,14.14689716125252,1.0,0.4699459673445761,2,2,0,high,Low-Engagement,Low-Engagement
L0238,238,E,Sports,11.402471768533559,5,comprehension,medium,short_delay,1.0,0.6091815205900643,34.48283105294047,1.0,0.4699459673445761,1,0,2,high,Low-Engagement,Low-Engagement
L0238,238,E,World,18.054445131044996,6,factual_recall,medium,short_delay,0.0,0.4748396425067603,10.130586728074377,0.0,0.4699459673445761,4,1,0,high,Low-Engagement,Low-Engagement
L0238,238,E,Sports,13.172605418111889,7,factual_recall,medium,immediate,0.0,0.4529420303446113,22.475020915979794,1.0,0.4699459673445761,2,3,0,high,Low-Engagement,Low-Engagement
L0238,238,E,World,5.213772642760501,8,reasoning,medium,immediate,1.0,0.5311531712946108,9.305863534571138,1.0,0.4699459673445761,2,2,1,high,Low-Engagement,Low-Engagement
L0238,238,E,World,7.668451945841428,9,factual_recall,easy,long_delay,1.0,0.5556105428224769,19.21497008931236,0.0,0.4699459673445761,1,2,0,high,Low-Engagement,Low-Engagement
L0239,239,E,Entertainment,9.122926794585482,0,inference,medium,short_delay,1.0,0.5549945107577097,6.178016072113639,0.0,0.32904467735233367,0,3,0,high,Low-Engagement,Low-Engagement
L0239,239,E,Cooking,7.912808012681384,1,factual_recall,medium,long_delay,1.0,0.6567654517165048,29.523258345325445,0.0,0.32904467735233367,2,3,1,high,Low-Engagement,Low-Engagement
L0239,239,E,News,11.499993420325914,2,factual_recall,hard,long_delay,0.0,0.3436631635872523,13.32230944786059,0.0,0.32904467735233367,3,3,1,high,Low-Engagement,Low-Engagement
L0239,239,E,World,12.891150579099282,3,comprehension,easy,short_delay,0.0,0.4547102488740041,22.666689441982975,0.0,0.32904467735233367,3,0,0,high,Low-Engagement,Low-Engagement
L0239,239,E,News,5.7946862222227615,4,factual_recall,hard,short_delay,1.0,0.5808186761864425,24.631635444635222,1.0,0.32904467735233367,0,2,2,high,Low-Engagement,Low-Engagement
L0239,239,E,Cooking,11.25354749831481,5,comprehension,easy,immediate,0.0,0.4638430457955824,21.2945519185216,0.0,0.32904467735233367,1,1,1,high,Low-Engagement,Low-Engagement
L0239,239,E,Cooking,18.469698535086145,6,inference,easy,long_delay,0.0,0.24032444003902978,22.372566239791773,0.0,0.32904467735233367,0,0,0,high,Low-Engagement,Low-Engagement
L0239,239,E,Sports,11.943693781300219,7,comprehension,medium,short_delay,1.0,0.5032101262542958,23.048384699195974,0.0,0.32904467735233367,3,2,2,high,Low-Engagement,Low-Engagement
L0239,239,E,News,13.348763999403422,8,reasoning,hard,long_delay,0.0,0.33254296364125213,21.10478149316315,1.0,0.32904467735233367,4,0,1,high,Low-Engagement,Low-Engagement
L0239,239,E,World,15.677270515361815,9,comprehension,easy,immediate,0.0,0.29751328812071837,13.91872388547181,0.0,0.32904467735233367,4,3,2,high,Low-Engagement,Low-Engagement
L0240,240,E,Sports,15.564108927547313,0,factual_recall,hard,immediate,1.0,0.5145070658645968,10.876543164074189,0.0,0.4205174486709489,4,1,2,high,Low-Engagement,Low-Engagement
L0240,240,E,World,10.973658554785093,1,reasoning,hard,long_delay,1.0,0.5549632860039097,15.137593675158763,1.0,0.4205174486709489,0,3,0,high,Low-Engagement,Low-Engagement
L0240,240,E,Sports,12.90601204553686,2,comprehension,easy,immediate,1.0,0.5054165887247016,36.97179641111796,0.0,0.4205174486709489,3,1,1,high,Low-Engagement,Low-Engagement
L0240,240,E,World,16.91325705050558,3,comprehension,hard,immediate,1.0,0.5012955690980241,19.364142097044947,0.0,0.4205174486709489,0,0,1,high,Low-Engagement,Low-Engagement
L0240,240,E,Entertainment,5.324378558650944,4,factual_recall,hard,short_delay,0.0,0.44385565185504544,10.23829059652385,1.0,0.4205174486709489,0,3,2,high,Low-Engagement,Low-Engagement
L0240,240,E,News,18.593890080590008,5,factual_recall,easy,long_delay,0.0,0.2588454569912668,26.407033917704325,0.0,0.4205174486709489,0,1,0,high,Low-Engagement,Low-Engagement
L0240,240,E,Entertainment,14.05617491590494,6,inference,easy,long_delay,1.0,0.5577259666507917,13.81859835541455,0.0,0.4205174486709489,0,1,0,high,Low-Engagement,Low-Engagement
L0240,240,E,World,13.729057038724061,7,comprehension,medium,long_delay,0.0,0.29584498564621825,4.635807820367235,0.0,0.4205174486709489,3,0,2,high,Low-Engagement,Low-Engagement
L0240,240,E,Sports,6.783649003938129,8,factual_recall,medium,long_delay,1.0,0.5243262770502986,24.158156384371736,0.0,0.4205174486709489,0,1,1,high,Low-Engagement,Low-Engagement
L0240,240,E,World,10.782618976528898,9,inference,easy,immediate,1.0,0.5406883979991546,12.667057473734971,0.0,0.4205174486709489,1,1,1,high,Low-Engagement,Low-Engagement
L0241,241,E,Cooking,6.830194448516793,0,inference,easy,long_delay,1.0,0.5598417357301918,21.372262335278787,0.0,0.3089135989902771,1,1,1,high,Low-Engagement,Low-Engagement
L0241,241,E,Cooking,5.350331217455125,1,comprehension,easy,immediate,0.0,0.482921079027318,12.825858663851445,0.0,0.3089135989902771,4,3,1,high,Low-Engagement,Low-Engagement
L0241,241,E,News,10.151841547858226,2,comprehension,hard,short_delay,0.0,0.3773464403153028,26.404642331590587,1.0,0.3089135989902771,4,0,2,high,Low-Engagement,Low-Engagement
L0241,241,E,Cooking,12.931260797558963,3,reasoning,medium,long_delay,0.0,0.46696566866707157,24.73786025741699,0.0,0.3089135989902771,4,3,1,high,Low-Engagement,Low-Engagement
L0241,241,E,Entertainment,12.120106293649071,4,inference,hard,short_delay,0.0,0.4332798617784313,13.879084349248902,1.0,0.3089135989902771,0,2,1,high,Low-Engagement,Low-Engagement
L0241,241,E,Entertainment,5.171524081383891,5,factual_recall,hard,short_delay,1.0,0.5436088740297438,21.71024345498546,1.0,0.3089135989902771,4,3,0,high,Low-Engagement,Low-Engagement
L0241,241,E,News,16.557277603844742,6,factual_recall,medium,long_delay,0.0,0.4067447891823681,13.842400797327867,1.0,0.3089135989902771,4,2,1,high,Low-Engagement,Low-Engagement
L0241,241,E,News,15.21016921305868,7,inference,easy,immediate,0.0,0.4772508592054631,7.165497553586592,0.0,0.3089135989902771,3,1,1,high,Low-Engagement,Low-Engagement
L0241,241,E,Cooking,7.838865484781012,8,factual_recall,hard,short_delay,0.0,0.37548820582160247,15.222198660423706,1.0,0.3089135989902771,2,2,2,high,Low-Engagement,Low-Engagement
L0241,241,E,Sports,7.724348921352465,9,inference,easy,immediate,0.0,0.3374588593569921,19.597465365818316,1.0,0.3089135989902771,4,0,1,high,Low-Engagement,Low-Engagement
L0242,242,E,News,10.080968885572007,0,reasoning,hard,immediate,0.0,0.43841046445069753,21.94233448876098,1.0,0.32158978847976455,2,1,0,high,Low-Engagement,Low-Engagement
L0242,242,E,World,12.035391006393931,1,inference,hard,immediate,1.0,0.5354354335727746,20.204125864426523,1.0,0.32158978847976455,1,2,2,high,Low-Engagement,Low-Engagement
L0242,242,E,Sports,16.43432931683831,2,factual_recall,hard,long_delay,0.0,0.2852086970013248,29.00488820967767,0.0,0.32158978847976455,4,2,2,high,Low-Engagement,Low-Engagement
L0242,242,E,Cooking,19.1407854484028,3,comprehension,hard,long_delay,0.0,0.4851600657568724,15.338009911448879,0.0,0.32158978847976455,4,3,0,high,Low-Engagement,Low-Engagement
L0242,242,E,Sports,11.559654531096562,4,comprehension,medium,long_delay,1.0,0.5902197570519246,16.018113504855062,1.0,0.32158978847976455,4,0,2,high,Low-Engagement,Low-Engagement
L0242,242,E,Sports,13.721892151814034,5,reasoning,easy,immediate,0.0,0.49802642871246267,10.065081034948614,0.0,0.32158978847976455,3,1,0,high,Low-Engagement,Low-Engagement
L0242,242,E,News,10.224100065169354,6,inference,medium,short_delay,0.0,0.44092603742638903,23.498274196803273,0.0,0.32158978847976455,2,2,0,high,Low-Engagement,Low-Engagement
L0242,242,E,Sports,11.586074357140342,7,inference,hard,long_delay,0.0,0.36982778885084927,16.60947325574201,1.0,0.32158978847976455,2,3,0,high,Low-Engagement,Low-Engagement
L0242,242,E,Cooking,7.736787466942905,8,factual_recall,easy,short_delay,1.0,0.5497010246519222,13.10340818184119,0.0,0.32158978847976455,2,1,0,high,Low-Engagement,Low-Engagement
L0242,242,E,Cooking,5.465210094889909,9,inference,easy,immediate,0.0,0.30876958655423575,13.865469866581744,0.0,0.32158978847976455,0,0,1,high,Low-Engagement,Low-Engagement
L0243,243,E,Entertainment,17.9898583114176,0,inference,medium,long_delay,1.0,0.5834083990618147,12.99470213531307,0.0,0.3883340182519216,3,0,2,high,Low-Engagement,Low-Engagement
L0243,243,E,Entertainment,15.559079544231155,1,factual_recall,hard,immediate,0.0,0.3560573234063849,14.75345494506959,1.0,0.3883340182519216,1,0,2,high,Low-Engagement,Low-Engagement
L0243,243,E,World,18.180904567832993,2,factual_recall,easy,long_delay,1.0,0.504332473627655,17.082868833609258,1.0,0.3883340182519216,2,3,2,high,Low-Engagement,Low-Engagement
L0243,243,E,Sports,7.364366310981535,3,factual_recall,medium,immediate,0.0,0.2949312235869846,14.699062773395262,1.0,0.3883340182519216,4,2,0,high,Low-Engagement,Low-Engagement
L0243,243,E,Entertainment,19.813340827769462,4,factual_recall,hard,long_delay,1.0,0.5076297832900306,13.4687033834543,0.0,0.3883340182519216,3,2,1,high,Low-Engagement,Low-Engagement
L0243,243,E,Entertainment,6.747146810984325,5,comprehension,medium,immediate,0.0,0.18147595773783987,10.730536384009252,0.0,0.3883340182519216,2,1,2,high,Low-Engagement,Low-Engagement
L0243,243,E,World,6.597279296625905,6,reasoning,hard,long_delay,1.0,0.7014355413516834,26.574315391464697,0.0,0.3883340182519216,3,1,0,high,Low-Engagement,Low-Engagement
L0243,243,E,World,12.222345403080274,7,comprehension,hard,short_delay,0.0,0.4330718967842578,29.609084921889973,0.0,0.3883340182519216,2,1,2,high,Low-Engagement,Low-Engagement
L0243,243,E,Sports,8.99123810570196,8,factual_recall,hard,immediate,0.0,0.114659913072119,17.963409414109698,0.0,0.3883340182519216,4,3,0,high,Low-Engagement,Low-Engagement
L0243,243,E,Sports,15.462508343914124,9,inference,easy,long_delay,0.0,0.3638700629328149,19.858906799741796,1.0,0.3883340182519216,3,1,0,high,Low-Engagement,Low-Engagement
L0244,244,E,Sports,12.843856958968965,0,reasoning,easy,long_delay,0.0,0.1770323139491233,30.70788562679659,0.0,0.5402341884845192,1,3,2,high,Low-Engagement,Low-Engagement
L0244,244,E,Entertainment,19.676744593433806,1,reasoning,easy,long_delay,0.0,0.45491071807869554,26.46775789778678,1.0,0.5402341884845192,1,3,0,high,Low-Engagement,Low-Engagement
L0244,244,E,World,14.039500149681272,2,reasoning,easy,immediate,0.0,0.4347445550017095,28.603232551459982,0.0,0.5402341884845192,2,2,0,high,Low-Engagement,Low-Engagement
L0244,244,E,News,10.311365969693465,3,factual_recall,hard,short_delay,1.0,0.5319378525960718,20.506534449722324,1.0,0.5402341884845192,0,3,2,high,Low-Engagement,Low-Engagement
L0244,244,E,News,13.531422636753106,4,inference,hard,long_delay,0.0,0.39587630237450444,31.9606241902638,0.0,0.5402341884845192,4,3,0,high,Low-Engagement,Low-Engagement
L0244,244,E,News,15.18624536105811,5,factual_recall,easy,long_delay,0.0,0.42219477402557776,6.070540603989526,1.0,0.5402341884845192,2,2,1,high,Low-Engagement,Low-Engagement
L0244,244,E,World,17.602863946119143,6,factual_recall,easy,long_delay,1.0,0.5243295526745644,36.17791374721078,0.0,0.5402341884845192,2,3,0,high,Low-Engagement,Low-Engagement
L0244,244,E,Cooking,6.7558862558243735,7,factual_recall,easy,immediate,0.0,0.35717059594935857,37.214071801440284,0.0,0.5402341884845192,2,3,2,high,Low-Engagement,Low-Engagement
L0244,244,E,News,11.439439218134229,8,comprehension,easy,immediate,0.0,0.3811148779908816,23.652930796295124,1.0,0.5402341884845192,0,2,1,high,Low-Engagement,Low-Engagement
L0244,244,E,Sports,8.022012506512196,9,inference,easy,short_delay,0.0,0.4731991967713154,26.6581010994841,0.0,0.5402341884845192,1,1,1,high,Low-Engagement,Low-Engagement
L0245,245,E,World,13.90078252095787,0,inference,easy,immediate,0.0,0.33850616851403537,9.031955149750619,0.0,0.43225503786673836,2,0,2,high,Low-Engagement,Low-Engagement
L0245,245,E,Sports,8.94607381570721,1,comprehension,medium,immediate,0.0,0.49027897913846835,36.44962511820409,0.0,0.43225503786673836,1,1,2,high,Low-Engagement,Low-Engagement
L0245,245,E,Cooking,18.660988539651193,2,factual_recall,medium,long_delay,1.0,0.5073577156610665,15.098916695137385,1.0,0.43225503786673836,4,3,2,high,Low-Engagement,Low-Engagement
L0245,245,E,World,9.675446570891939,3,comprehension,easy,short_delay,1.0,0.5979262903263741,26.933827222405696,1.0,0.43225503786673836,0,0,1,high,Low-Engagement,Low-Engagement
L0245,245,E,Sports,6.317562413159699,4,factual_recall,medium,long_delay,0.0,0.3685484552448475,19.129602704597,0.0,0.43225503786673836,0,3,1,high,Low-Engagement,Low-Engagement
L0245,245,E,Entertainment,11.534187192044502,5,reasoning,easy,long_delay,0.0,0.3698643294881176,22.170898278977088,0.0,0.43225503786673836,2,3,0,high,Low-Engagement,Low-Engagement
L0245,245,E,Entertainment,9.649470954846038,6,factual_recall,hard,immediate,1.0,0.540739223704749,17.8977080019059,0.0,0.43225503786673836,3,1,1,high,Low-Engagement,Low-Engagement
L0245,245,E,Cooking,10.511960983570692,7,comprehension,hard,short_delay,0.0,0.4011079714789069,26.85261321626379,1.0,0.43225503786673836,0,0,2,high,Low-Engagement,Low-Engagement
L0245,245,E,News,8.25067907995136,8,comprehension,easy,long_delay,0.0,0.3960378980785075,17.22140900784347,1.0,0.43225503786673836,0,2,2,high,Low-Engagement,Low-Engagement
L0245,245,E,Entertainment,15.891393212830957,9,reasoning,medium,immediate,1.0,0.6004967844168292,15.41642822523919,1.0,0.43225503786673836,3,2,0,high,Low-Engagement,Low-Engagement
L0246,246,E,World,14.059937308627397,0,factual_recall,medium,long_delay,1.0,0.7058470782859061,27.906178687337192,0.0,0.2754704696511598,2,3,0,high,Low-Engagement,Low-Engagement
L0246,246,E,Entertainment,11.536111280277172,1,inference,medium,immediate,0.0,0.4785032096197621,34.429326459812785,0.0,0.2754704696511598,1,3,2,high,Low-Engagement,Low-Engagement
L0246,246,E,Entertainment,16.705453815856668,2,factual_recall,medium,immediate,1.0,0.5047910400233313,23.11881391628445,0.0,0.2754704696511598,4,3,0,high,Low-Engagement,Low-Engagement
L0246,246,E,Cooking,16.05740562224245,3,comprehension,easy,long_delay,0.0,0.3993108736710017,28.793726566478675,0.0,0.2754704696511598,4,2,1,high,Low-Engagement,Low-Engagement
L0246,246,E,Entertainment,9.553371485151743,4,reasoning,easy,immediate,0.0,0.2625586661604944,23.950884590685828,1.0,0.2754704696511598,1,1,1,high,Low-Engagement,Low-Engagement
L0246,246,E,News,11.957143070436155,5,comprehension,medium,long_delay,0.0,0.4400039362922596,4.799716800176661,1.0,0.2754704696511598,2,0,2,high,Low-Engagement,Low-Engagement
L0246,246,E,Cooking,6.335055752504309,6,reasoning,easy,long_delay,0.0,0.41121335892157196,18.763837738498328,0.0,0.2754704696511598,1,1,2,high,Low-Engagement,Low-Engagement
L0246,246,E,Entertainment,18.948445320354292,7,reasoning,hard,long_delay,1.0,0.5351441256863493,13.058307944769732,1.0,0.2754704696511598,2,0,1,high,Low-Engagement,Low-Engagement
L0246,246,E,Sports,17.354484396362096,8,inference,hard,immediate,1.0,0.5587293088051404,21.851466645634886,0.0,0.2754704696511598,0,2,1,high,Low-Engagement,Low-Engagement
L0246,246,E,World,17.049611405135945,9,reasoning,easy,immediate,1.0,0.5418035375651244,13.671918725490904,0.0,0.2754704696511598,2,0,1,high,Low-Engagement,Low-Engagement
L0247,247,E,News,19.219163111095693,0,reasoning,easy,long_delay,1.0,0.5263458105701224,20.5281787774118,0.0,0.32429256592224237,0,3,1,high,Low-Engagement,Low-Engagement
L0247,247,E,News,15.929475658155926,1,inference,easy,short_delay,0.0,0.22849270463131718,19.310123562651135,1.0,0.32429256592224237,2,1,2,high,Low-Engagement,Low-Engagement
L0247,247,E,Cooking,18.932625276008494,2,reasoning,hard,long_delay,0.0,0.3698589531459164,30.453006656631167,1.0,0.32429256592224237,0,1,0,high,Low-Engagement,Low-Engagement
L0247,247,E,News,17.23026927152536,3,comprehension,medium,immediate,0.0,0.2624723991432961,36.65503490721633,1.0,0.32429256592224237,0,1,0,high,Low-Engagement,Low-Engagement
L0247,247,E,Entertainment,8.645029317433492,4,inference,medium,long_delay,1.0,0.5493863279622752,16.548266697092686,1.0,0.32429256592224237,0,2,0,high,Low-Engagement,Low-Engagement
L0247,247,E,Sports,10.755918113652182,5,comprehension,hard,long_delay,0.0,0.49801569330108436,26.669756732159065,1.0,0.32429256592224237,2,1,0,high,Low-Engagement,Low-Engagement
L0247,247,E,Entertainment,17.905174594958364,6,comprehension,medium,long_delay,1.0,0.5047246376278484,22.552935301174486,0.0,0.32429256592224237,1,2,0,high,Low-Engagement,Low-Engagement
L0247,247,E,Sports,12.118859226349953,7,factual_recall,hard,long_delay,1.0,0.6267827275498271,22.648899379603534,1.0,0.32429256592224237,0,2,2,high,Low-Engagement,Low-Engagement
L0247,247,E,News,9.769486742723439,8,inference,hard,long_delay,0.0,0.4120869997005837,21.9774218322679,0.0,0.32429256592224237,0,2,2,high,Low-Engagement,Low-Engagement
L0247,247,E,Entertainment,7.095646534163449,9,reasoning,hard,long_delay,1.0,0.5231502817695193,17.335376068310737,1.0,0.32429256592224237,2,1,2,high,Low-Engagement,Low-Engagement
L0248,248,E,Sports,7.838258982437291,0,inference,medium,long_delay,1.0,0.6405607235052418,22.83367044791623,1.0,0.3481358387816506,4,2,0,high,Low-Engagement,Low-Engagement
L0248,248,E,Entertainment,8.99157223441605,1,reasoning,hard,immediate,0.0,0.4145314552172246,13.7175224371999,1.0,0.3481358387816506,2,0,2,high,Low-Engagement,Low-Engagement
L0248,248,E,News,17.832459093357926,2,inference,medium,long_delay,0.0,0.3308699850532517,41.5168484767797,1.0,0.3481358387816506,0,1,0,high,Low-Engagement,Low-Engagement
L0248,248,E,News,13.619666944841246,3,inference,easy,short_delay,1.0,0.5523455975424232,29.917059825202003,0.0,0.3481358387816506,3,0,2,high,Low-Engagement,Low-Engagement
L0248,248,E,Cooking,7.522278688120143,4,factual_recall,hard,long_delay,0.0,0.4565394692585571,22.25685874423976,0.0,0.3481358387816506,2,2,1,high,Low-Engagement,Low-Engagement
L0248,248,E,Cooking,13.51387639313082,5,comprehension,easy,long_delay,0.0,0.4990113975190866,10.177060193044635,1.0,0.3481358387816506,3,0,0,high,Low-Engagement,Low-Engagement
L0248,248,E,Sports,7.538856306056816,6,factual_recall,easy,immediate,0.0,0.3078384239770152,12.111551401789935,0.0,0.3481358387816506,2,0,1,high,Low-Engagement,Low-Engagement
L0248,248,E,News,18.37758246670516,7,reasoning,hard,short_delay,1.0,0.5474899501970366,25.97019604545431,1.0,0.3481358387816506,0,1,0,high,Low-Engagement,Low-Engagement
L0248,248,E,Entertainment,5.102049313545516,8,inference,easy,short_delay,1.0,0.7106914037429465,9.100062418260073,0.0,0.3481358387816506,0,0,0,high,Low-Engagement,Low-Engagement
L0248,248,E,Cooking,19.97510626826611,9,reasoning,easy,immediate,0.0,0.2984599524258644,9.351089242063455,0.0,0.3481358387816506,4,2,2,high,Low-Engagement,Low-Engagement
L0249,249,E,Cooking,6.020058906077164,0,factual_recall,hard,short_delay,1.0,0.5625089435265092,17.16499706100631,1.0,0.7306863594699152,3,3,1,high,Needs Review,Low-Engagement
L0249,249,E,World,8.23251274146984,1,factual_recall,easy,long_delay,0.0,0.37256234364683083,17.11665714125914,0.0,0.7306863594699152,0,1,2,high,Needs Review,Low-Engagement
L0249,249,E,News,10.070698559888685,2,reasoning,hard,immediate,0.0,0.14017923122252707,7.844903295538831,0.0,0.7306863594699152,1,1,1,high,Needs Review,Low-Engagement
L0249,249,E,World,11.145198391206577,3,comprehension,easy,long_delay,1.0,0.5325786165120392,20.7296038542262,0.0,0.7306863594699152,3,3,1,high,Needs Review,Low-Engagement
L0249,249,E,Entertainment,17.329341717947973,4,factual_recall,easy,immediate,0.0,0.45375550498573747,11.104544468099764,1.0,0.7306863594699152,2,0,0,high,Needs Review,Low-Engagement
L0249,249,E,News,15.601898887232178,5,factual_recall,hard,immediate,1.0,0.5017633902892439,27.348209597584898,0.0,0.7306863594699152,1,1,2,high,Needs Review,Low-Engagement
L0249,249,E,World,19.6709236892888,6,factual_recall,easy,short_delay,0.0,0.4225396588194661,14.127192798158546,0.0,0.7306863594699152,1,0,1,high,Needs Review,Low-Engagement
L0249,249,E,Entertainment,17.28228296032159,7,factual_recall,hard,immediate,0.0,0.3127371683281363,17.634367276033945,0.0,0.7306863594699152,4,0,1,high,Needs Review,Low-Engagement
L0249,249,E,Entertainment,8.95772958744593,8,factual_recall,medium,short_delay,0.0,0.3987568002694592,37.31186852595498,0.0,0.7306863594699152,0,0,0,high,Needs Review,Low-Engagement
L0249,249,E,News,5.539298720029831,9,factual_recall,hard,immediate,1.0,0.5347964743134047,17.5474062183953,0.0,0.7306863594699152,4,2,0,high,Needs Review,Low-Engagement
L0250,250,E,Cooking,8.180647545814072,0,factual_recall,hard,short_delay,0.0,0.39376834632414337,35.94586375603741,0.0,0.4911705810302556,4,0,0,high,Low-Engagement,Low-Engagement
L0250,250,E,Cooking,11.358361642744532,1,inference,easy,long_delay,1.0,0.6146092586968407,23.122011709284557,1.0,0.4911705810302556,2,1,1,high,Low-Engagement,Low-Engagement
L0250,250,E,Entertainment,15.547777909392869,2,inference,easy,short_delay,0.0,0.45692572990553715,14.414190084593125,0.0,0.4911705810302556,2,3,1,high,Low-Engagement,Low-Engagement
L0250,250,E,Sports,15.031723976673339,3,inference,easy,short_delay,0.0,0.3454183596438144,25.89095623011749,1.0,0.4911705810302556,0,2,1,high,Low-Engagement,Low-Engagement
L0250,250,E,World,15.330943793970716,4,comprehension,medium,short_delay,0.0,0.3150555213180199,26.16017592716776,0.0,0.4911705810302556,2,0,2,high,Low-Engagement,Low-Engagement
L0250,250,E,Sports,14.195032974604336,5,inference,hard,immediate,0.0,0.4244436236089606,16.823911901633483,0.0,0.4911705810302556,4,3,0,high,Low-Engagement,Low-Engagement
L0250,250,E,Cooking,10.313816390084664,6,inference,medium,immediate,1.0,0.5836104784244945,10.68803436535992,0.0,0.4911705810302556,0,2,0,high,Low-Engagement,Low-Engagement
L0250,250,E,Sports,6.865719529902916,7,factual_recall,easy,short_delay,0.0,0.35115735490282396,24.288281529812565,1.0,0.4911705810302556,4,1,2,high,Low-Engagement,Low-Engagement
L0250,250,E,News,9.542455445003766,8,inference,hard,short_delay,1.0,0.5215055380796042,20.508121414120016,1.0,0.4911705810302556,3,3,1,high,Low-Engagement,Low-Engagement
L0250,250,E,Sports,10.777147794694198,9,reasoning,easy,long_delay,0.0,0.46134682920171755,7.867599266099571,0.0,0.4911705810302556,2,3,1,high,Low-Engagement,Low-Engagement
L0251,251,E,Cooking,13.451035096411278,0,inference,hard,short_delay,1.0,0.6210977796817051,19.828780535216822,1.0,0.2648296356170055,0,3,2,high,Low-Engagement,Low-Engagement
L0251,251,E,Cooking,18.425670794862558,1,reasoning,medium,long_delay,0.0,0.3151079662468042,15.453188226439757,0.0,0.2648296356170055,1,1,2,high,Low-Engagement,Low-Engagement
L0251,251,E,Sports,7.582881797582059,2,comprehension,medium,immediate,0.0,0.49186065162830905,36.85854319825613,1.0,0.2648296356170055,2,2,0,high,Low-Engagement,Low-Engagement
L0251,251,E,Entertainment,5.155639187937607,3,reasoning,easy,long_delay,1.0,0.5031701773583344,9.583488110773311,0.0,0.2648296356170055,1,1,0,high,Low-Engagement,Low-Engagement
L0251,251,E,Cooking,7.592711840758046,4,comprehension,medium,long_delay,0.0,0.458874156441466,7.643095225113262,0.0,0.2648296356170055,2,2,0,high,Low-Engagement,Low-Engagement
L0251,251,E,Sports,8.951111964741274,5,reasoning,easy,short_delay,0.0,0.3558498916581362,19.343952154975817,0.0,0.2648296356170055,1,3,1,high,Low-Engagement,Low-Engagement
L0251,251,E,World,16.14673571022815,6,inference,medium,short_delay,0.0,0.4320441315568523,17.935621387432747,1.0,0.2648296356170055,0,0,1,high,Low-Engagement,Low-Engagement
L0251,251,E,Entertainment,19.040184691565724,7,inference,easy,immediate,0.0,0.3359939008749144,28.780659638035058,1.0,0.2648296356170055,4,0,0,high,Low-Engagement,Low-Engagement
L0251,251,E,News,7.757840558651254,8,factual_recall,medium,short_delay,1.0,0.5471013231070725,25.16893163957338,0.0,0.2648296356170055,4,0,0,high,Low-Engagement,Low-Engagement
L0251,251,E,Cooking,14.002368037185157,9,comprehension,medium,long_delay,1.0,0.5185856312997857,20.23620469585632,0.0,0.2648296356170055,3,2,0,high,Low-Engagement,Low-Engagement
L0252,252,E,Sports,9.85734650542513,0,factual_recall,easy,immediate,1.0,0.7408702278786125,22.63410867527887,1.0,0.5051231814905356,3,3,0,high,Low-Engagement,Low-Engagement
L0252,252,E,World,12.94469694501767,1,comprehension,hard,long_delay,1.0,0.5700008445404382,8.641831625806022,0.0,0.5051231814905356,1,2,2,high,Low-Engagement,Low-Engagement
L0252,252,E,Sports,15.755991712094964,2,factual_recall,medium,long_delay,0.0,0.4785840029741507,25.28539457694358,0.0,0.5051231814905356,3,2,0,high,Low-Engagement,Low-Engagement
L0252,252,E,World,10.880198759858642,3,factual_recall,hard,short_delay,1.0,0.7966984793047525,13.356915807650585,0.0,0.5051231814905356,0,1,0,high,Low-Engagement,Low-Engagement
L0252,252,E,Cooking,16.25194835491381,4,factual_recall,hard,long_delay,0.0,0.4641097213147786,24.86987487515532,0.0,0.5051231814905356,4,1,0,high,Low-Engagement,Low-Engagement
L0252,252,E,News,12.612075881103419,5,factual_recall,hard,short_delay,1.0,0.5198177782654604,27.479411862749206,1.0,0.5051231814905356,4,2,2,high,Low-Engagement,Low-Engagement
L0252,252,E,World,17.950733541065464,6,reasoning,easy,immediate,0.0,0.3376544173128889,16.835927279578968,0.0,0.5051231814905356,0,3,1,high,Low-Engagement,Low-Engagement
L0252,252,E,Cooking,10.840453787031533,7,reasoning,medium,immediate,0.0,0.2490337361286133,12.289448541859205,0.0,0.5051231814905356,3,1,0,high,Low-Engagement,Low-Engagement
L0252,252,E,News,15.996801554932722,8,comprehension,hard,long_delay,0.0,0.41546372496619755,32.349194539069025,0.0,0.5051231814905356,1,2,0,high,Low-Engagement,Low-Engagement
L0252,252,E,News,14.65078054185585,9,inference,easy,long_delay,0.0,0.45460897012422224,26.983296754393567,0.0,0.5051231814905356,1,1,0,high,Low-Engagement,Low-Engagement
L0253,253,E,News,18.937359768781846,0,comprehension,medium,immediate,1.0,0.5686238901883927,24.622809786625133,0.0,0.30371197230539,4,3,2,high,Low-Engagement,Low-Engagement
L0253,253,E,News,18.088754038376347,1,inference,hard,short_delay,1.0,0.5070525613832843,22.93410770408258,1.0,0.30371197230539,2,0,0,high,Low-Engagement,Low-Engagement
L0253,253,E,Sports,14.2676963124029,2,factual_recall,medium,short_delay,0.0,0.37503347992638053,25.143547147613717,0.0,0.30371197230539,4,2,2,high,Low-Engagement,Low-Engagement
L0253,253,E,World,19.932608714854503,3,comprehension,medium,immediate,0.0,0.4718516515423883,14.333037186813902,1.0,0.30371197230539,0,0,0,high,Low-Engagement,Low-Engagement
L0253,253,E,Cooking,19.729453808345983,4,factual_recall,easy,short_delay,1.0,0.5186744620379878,29.353576226664448,1.0,0.30371197230539,2,0,0,high,Low-Engagement,Low-Engagement
L0253,253,E,Sports,10.775154156807837,5,reasoning,hard,short_delay,0.0,0.45564635373874507,19.1361545465735,0.0,0.30371197230539,3,3,0,high,Low-Engagement,Low-Engagement
L0253,253,E,Cooking,5.728380687483888,6,reasoning,medium,short_delay,1.0,0.5076292000988065,10.510280487440523,1.0,0.30371197230539,2,2,2,high,Low-Engagement,Low-Engagement
L0253,253,E,News,10.032799119481439,7,factual_recall,hard,long_delay,0.0,0.34644587796914394,11.24151689379235,0.0,0.30371197230539,4,1,1,high,Low-Engagement,Low-Engagement
L0253,253,E,News,19.89277868100489,8,reasoning,medium,long_delay,1.0,0.6891398453095816,20.997640550700705,1.0,0.30371197230539,0,3,1,high,Low-Engagement,Low-Engagement
L0253,253,E,News,8.182267345378277,9,comprehension,easy,long_delay,0.0,0.21848583252261297,7.227827812308071,0.0,0.30371197230539,4,2,2,high,Low-Engagement,Low-Engagement
L0254,254,E,Cooking,17.185156522849585,0,inference,easy,short_delay,1.0,0.5929268514236347,14.778330676251095,0.0,0.6115995925165316,4,3,0,high,Needs Review,Low-Engagement
L0254,254,E,Entertainment,7.1189006733697,1,inference,hard,immediate,0.0,0.4876954946559036,26.56399364303793,0.0,0.6115995925165316,4,3,0,high,Needs Review,Low-Engagement
L0254,254,E,News,13.966111225753467,2,comprehension,medium,short_delay,0.0,0.3967538153365293,11.643197072573532,0.0,0.6115995925165316,2,2,0,high,Needs Review,Low-Engagement
L0254,254,E,Cooking,16.81984201849264,3,comprehension,easy,short_delay,0.0,0.4432936736523893,14.481322078582082,0.0,0.6115995925165316,2,2,2,high,Needs Review,Low-Engagement
L0254,254,E,Entertainment,12.556832079053681,4,reasoning,easy,immediate,1.0,0.5028889924395314,26.244211879300046,0.0,0.6115995925165316,0,0,2,high,Needs Review,Low-Engagement
L0254,254,E,Cooking,10.984521893965155,5,reasoning,hard,immediate,0.0,0.299098564961412,27.4305262410091,0.0,0.6115995925165316,3,3,2,high,Needs Review,Low-Engagement
L0254,254,E,Sports,8.618297611494643,6,inference,medium,immediate,0.0,0.3576741710872248,13.634190378329254,0.0,0.6115995925165316,1,3,2,high,Needs Review,Low-Engagement
L0254,254,E,Sports,10.206645638609,7,comprehension,easy,long_delay,0.0,0.2786699828420899,21.856340837945922,1.0,0.6115995925165316,3,2,0,high,Needs Review,Low-Engagement
L0254,254,E,World,12.550861115923674,8,comprehension,easy,long_delay,0.0,0.4782223946749696,13.769542073767749,0.0,0.6115995925165316,2,1,2,high,Needs Review,Low-Engagement
L0254,254,E,Entertainment,11.92962664506607,9,reasoning,medium,long_delay,0.0,0.45996647068746443,18.421283731381568,1.0,0.6115995925165316,1,3,0,high,Needs Review,Low-Engagement
L0255,255,E,Entertainment,9.871486066170942,0,reasoning,medium,immediate,0.0,0.35482802552823917,14.882280742503422,1.0,0.29133981387324176,4,3,0,high,Low-Engagement,Low-Engagement
L0255,255,E,Sports,14.7023985088078,1,factual_recall,easy,long_delay,1.0,0.6552691090790704,10.839408333127807,1.0,0.29133981387324176,0,1,2,high,Low-Engagement,Low-Engagement
L0255,255,E,World,15.20243593430983,2,factual_recall,easy,immediate,1.0,0.6338992765750818,30.927902683745955,0.0,0.29133981387324176,0,3,1,high,Low-Engagement,Low-Engagement
L0255,255,E,Cooking,19.543222584030328,3,inference,easy,short_delay,1.0,0.5215052922778659,27.058510360237563,0.0,0.29133981387324176,2,3,1,high,Low-Engagement,Low-Engagement
L0255,255,E,Sports,16.213571541576368,4,inference,medium,short_delay,0.0,0.26250203151656043,17.72056445933352,0.0,0.29133981387324176,0,0,0,high,Low-Engagement,Low-Engagement
L0255,255,E,News,5.753985006644958,5,comprehension,hard,long_delay,0.0,0.48681659221249796,22.817426466942155,0.0,0.29133981387324176,1,3,0,high,Low-Engagement,Low-Engagement
L0255,255,E,News,6.15933974249544,6,reasoning,hard,long_delay,0.0,0.49604365189808425,23.11760712312428,0.0,0.29133981387324176,1,1,2,high,Low-Engagement,Low-Engagement
L0255,255,E,World,15.240930362907884,7,comprehension,medium,long_delay,0.0,0.4530648250068288,38.7430684646085,1.0,0.29133981387324176,2,2,2,high,Low-Engagement,Low-Engagement
L0255,255,E,Entertainment,5.157815911411467,8,factual_recall,hard,long_delay,0.0,0.38159867332687686,26.980549447325636,1.0,0.29133981387324176,4,1,1,high,Low-Engagement,Low-Engagement
L0255,255,E,Sports,11.098858158244912,9,reasoning,hard,immediate,0.0,0.4064842747356307,26.67815694982484,0.0,0.29133981387324176,1,0,1,high,Low-Engagement,Low-Engagement
L0256,256,E,Sports,10.99410441321806,0,reasoning,easy,long_delay,1.0,0.604944313277933,32.17431178588568,1.0,0.5033930570478837,3,3,2,high,Low-Engagement,Low-Engagement
L0256,256,E,Entertainment,17.440399743500127,1,inference,easy,immediate,1.0,0.5778812545398695,21.793851528253875,1.0,0.5033930570478837,3,1,0,high,Low-Engagement,Low-Engagement
L0256,256,E,Sports,10.553471989802889,2,inference,medium,immediate,1.0,0.5286080234129542,30.790182752536104,0.0,0.5033930570478837,0,1,0,high,Low-Engagement,Low-Engagement
L0256,256,E,Entertainment,12.51398091469096,3,reasoning,hard,short_delay,1.0,0.5784304768610532,19.12513996185736,0.0,0.5033930570478837,0,1,0,high,Low-Engagement,Low-Engagement
L0256,256,E,Cooking,10.779706307714473,4,factual_recall,medium,long_delay,0.0,0.456647321718924,5.1498600098775125,1.0,0.5033930570478837,4,3,0,high,Low-Engagement,Low-Engagement
L0256,256,E,Entertainment,11.260443423238996,5,factual_recall,medium,long_delay,1.0,0.6495458093784661,41.09894032855993,0.0,0.5033930570478837,4,3,2,high,Low-Engagement,Low-Engagement
L0256,256,E,Entertainment,9.522776136523003,6,inference,medium,long_delay,1.0,0.6039790927625114,21.04870837749792,0.0,0.5033930570478837,1,0,2,high,Low-Engagement,Low-Engagement
L0256,256,E,Entertainment,18.223378892036365,7,inference,hard,immediate,0.0,0.34773268791473444,11.998331012785602,0.0,0.5033930570478837,0,1,2,high,Low-Engagement,Low-Engagement
L0256,256,E,World,12.175954299241443,8,comprehension,hard,long_delay,0.0,0.4885881525161264,29.166098307127108,1.0,0.5033930570478837,0,1,0,high,Low-Engagement,Low-Engagement
L0256,256,E,Sports,15.25731736243783,9,factual_recall,medium,immediate,0.0,0.26432440445677774,36.28685824995436,0.0,0.5033930570478837,2,1,1,high,Low-Engagement,Low-Engagement
L0257,257,E,News,11.097923091895863,0,reasoning,hard,immediate,0.0,0.38639568272459535,34.202777277889545,0.0,0.5825130573259425,3,3,2,high,Low-Engagement,Low-Engagement
L0257,257,E,Entertainment,14.190750726749277,1,comprehension,easy,long_delay,0.0,0.34155190181813766,18.26522011946582,0.0,0.5825130573259425,3,3,1,high,Low-Engagement,Low-Engagement
L0257,257,E,Sports,17.946024091061567,2,inference,easy,short_delay,1.0,0.5460427764674413,26.996219051298922,1.0,0.5825130573259425,4,3,2,high,Low-Engagement,Low-Engagement
L0257,257,E,News,6.521007486899023,3,inference,medium,immediate,0.0,0.42005783393647206,26.979481424180335,0.0,0.5825130573259425,3,2,0,high,Low-Engagement,Low-Engagement
L0257,257,E,News,13.059019653837106,4,comprehension,hard,immediate,0.0,0.40139283663722136,18.781696608300578,1.0,0.5825130573259425,3,1,2,high,Low-Engagement,Low-Engagement
L0257,257,E,Cooking,18.827145982075137,5,comprehension,easy,immediate,1.0,0.6029990972603188,16.167903105227527,0.0,0.5825130573259425,0,2,0,high,Low-Engagement,Low-Engagement
L0257,257,E,Sports,16.262989982317368,6,comprehension,medium,short_delay,0.0,0.30992655178145073,19.65628350436643,0.0,0.5825130573259425,2,0,1,high,Low-Engagement,Low-Engagement
L0257,257,E,World,16.813074776580862,7,comprehension,easy,immediate,0.0,0.3948471293435494,25.701473979923,0.0,0.5825130573259425,1,1,2,high,Low-Engagement,Low-Engagement
L0257,257,E,World,19.18317821393557,8,factual_recall,hard,immediate,1.0,0.5539736413283726,12.108601248313139,0.0,0.5825130573259425,1,3,0,high,Low-Engagement,Low-Engagement
L0257,257,E,News,10.04992903538274,9,reasoning,hard,short_delay,0.0,0.3021663173388579,10.373931290151171,0.0,0.5825130573259425,3,0,0,high,Low-Engagement,Low-Engagement
L0258,258,E,News,8.666659278061847,0,comprehension,medium,long_delay,0.0,0.34137863419980113,35.09362712350082,1.0,0.45074303717312,3,0,2,high,Low-Engagement,Low-Engagement
L0258,258,E,News,8.993406468268187,1,factual_recall,medium,short_delay,0.0,0.39148509972523726,25.418600111374154,0.0,0.45074303717312,1,2,2,high,Low-Engagement,Low-Engagement
L0258,258,E,World,18.335790314972233,2,reasoning,medium,short_delay,0.0,0.36070561990640176,23.596696197066464,0.0,0.45074303717312,0,2,0,high,Low-Engagement,Low-Engagement
L0258,258,E,News,9.06547870670334,3,factual_recall,hard,short_delay,0.0,0.36392529644157173,25.92269817835915,1.0,0.45074303717312,3,3,1,high,Low-Engagement,Low-Engagement
L0258,258,E,World,17.287680546302806,4,inference,easy,immediate,0.0,0.3290375379442128,23.732710536017272,0.0,0.45074303717312,2,2,1,high,Low-Engagement,Low-Engagement
L0258,258,E,Entertainment,17.125161919012616,5,inference,easy,short_delay,0.0,0.3920682522476253,20.40159476341274,0.0,0.45074303717312,1,2,1,high,Low-Engagement,Low-Engagement
L0258,258,E,Sports,6.634072200469929,6,reasoning,easy,short_delay,0.0,0.3426361869871256,19.76539354922081,0.0,0.45074303717312,4,2,2,high,Low-Engagement,Low-Engagement
L0258,258,E,News,13.795729944156152,7,factual_recall,easy,short_delay,1.0,0.5203900939171014,11.826640287503746,0.0,0.45074303717312,1,3,2,high,Low-Engagement,Low-Engagement
L0258,258,E,World,8.678519491993361,8,inference,easy,long_delay,0.0,0.47409600642363486,26.711356434438713,0.0,0.45074303717312,3,3,2,high,Low-Engagement,Low-Engagement
L0258,258,E,Entertainment,19.7326684643717,9,comprehension,easy,immediate,1.0,0.5933658269988946,19.74964152113336,0.0,0.45074303717312,0,1,2,high,Low-Engagement,Low-Engagement
L0259,259,E,Sports,19.030159847143274,0,reasoning,easy,long_delay,0.0,0.4159309031456788,24.33128888670336,0.0,0.6260510571770177,3,0,2,high,Needs Review,Low-Engagement
L0259,259,E,Sports,12.89335119869398,1,factual_recall,medium,immediate,0.0,0.3818437851218316,8.748158063960801,1.0,0.6260510571770177,4,1,0,high,Needs Review,Low-Engagement
L0259,259,E,Cooking,19.13895481767894,2,factual_recall,medium,long_delay,1.0,0.5129565744197984,13.289113726431726,0.0,0.6260510571770177,3,0,0,high,Needs Review,Low-Engagement
L0259,259,E,World,6.8331504167044415,3,comprehension,medium,short_delay,0.0,0.329050161029429,16.55783951594388,0.0,0.6260510571770177,1,0,1,high,Needs Review,Low-Engagement
L0259,259,E,Cooking,8.574990210091908,4,comprehension,medium,immediate,1.0,0.5102396505499535,26.294801968945006,0.0,0.6260510571770177,0,3,2,high,Needs Review,Low-Engagement
L0259,259,E,Cooking,15.623145835395853,5,inference,hard,immediate,0.0,0.337104662124292,23.24639003057143,0.0,0.6260510571770177,1,3,0,high,Needs Review,Low-Engagement
L0259,259,E,Sports,11.8821272660555,6,comprehension,easy,long_delay,0.0,0.47124951351141825,24.281331636010734,0.0,0.6260510571770177,2,0,2,high,Needs Review,Low-Engagement
L0259,259,E,Entertainment,17.398937646520352,7,comprehension,hard,short_delay,1.0,0.6102435094908177,19.780939608716533,0.0,0.6260510571770177,1,0,2,high,Needs Review,Low-Engagement
L0259,259,E,Cooking,12.626101761766607,8,factual_recall,easy,long_delay,0.0,0.49638215225189436,13.695202831979483,1.0,0.6260510571770177,2,0,2,high,Needs Review,Low-Engagement
L0259,259,E,World,14.749440416626047,9,inference,hard,immediate,0.0,0.4068250095262624,31.904935492554685,0.0,0.6260510571770177,4,0,1,high,Needs Review,Low-Engagement
L0260,260,E,Cooking,6.061819638481902,0,reasoning,hard,long_delay,0.0,0.4081680613909922,24.265075229667254,1.0,0.4506239766056857,2,2,0,high,Low-Engagement,Low-Engagement
L0260,260,E,Sports,19.309123457379584,1,inference,easy,short_delay,0.0,0.46435577989270393,31.16837839948551,1.0,0.4506239766056857,3,0,2,high,Low-Engagement,Low-Engagement
L0260,260,E,Entertainment,18.686981271625704,2,reasoning,hard,long_delay,0.0,0.4451278277733049,23.957838115778646,0.0,0.4506239766056857,4,2,2,high,Low-Engagement,Low-Engagement
L0260,260,E,World,14.81085612212603,3,reasoning,medium,immediate,0.0,0.2675199111081643,18.419147585478928,0.0,0.4506239766056857,3,3,1,high,Low-Engagement,Low-Engagement
L0260,260,E,Entertainment,6.233684375472912,4,reasoning,hard,short_delay,0.0,0.4815627985878708,24.934148209475484,0.0,0.4506239766056857,2,3,0,high,Low-Engagement,Low-Engagement
L0260,260,E,World,19.627275763595637,5,factual_recall,easy,short_delay,0.0,0.44492485529848275,4.15509472608823,0.0,0.4506239766056857,2,3,1,high,Low-Engagement,Low-Engagement
L0260,260,E,Cooking,13.724423041541588,6,comprehension,medium,short_delay,0.0,0.4874640547960244,36.82943910984629,0.0,0.4506239766056857,0,3,2,high,Low-Engagement,Low-Engagement
L0260,260,E,Sports,17.52441793262524,7,inference,hard,short_delay,0.0,0.44069786666826216,22.195041150220536,0.0,0.4506239766056857,3,2,0,high,Low-Engagement,Low-Engagement
L0260,260,E,Cooking,19.56676798204613,8,reasoning,easy,immediate,0.0,0.40675927638257453,37.47564715300603,0.0,0.4506239766056857,1,0,0,high,Low-Engagement,Low-Engagement
L0260,260,E,World,16.6534216128608,9,factual_recall,hard,long_delay,1.0,0.5549892072330839,13.045239522554942,0.0,0.4506239766056857,0,0,1,high,Low-Engagement,Low-Engagement
L0261,261,E,News,18.274123463629522,0,reasoning,hard,long_delay,0.0,0.4161177613326171,18.26172084709258,1.0,0.5454986444445662,2,0,2,high,Low-Engagement,Low-Engagement
L0261,261,E,Cooking,14.068809064672346,1,comprehension,medium,short_delay,1.0,0.5908345777876408,31.77467818800421,1.0,0.5454986444445662,3,2,2,high,Low-Engagement,Low-Engagement
L0261,261,E,World,12.733010471855032,2,comprehension,hard,short_delay,0.0,0.46717598851494224,30.813672842979642,1.0,0.5454986444445662,1,2,2,high,Low-Engagement,Low-Engagement
L0261,261,E,News,14.575366864838287,3,reasoning,easy,long_delay,1.0,0.8767635342660157,9.484834885874832,0.0,0.5454986444445662,3,2,1,high,Low-Engagement,Low-Engagement
L0261,261,E,Entertainment,19.834840416500743,4,reasoning,easy,long_delay,0.0,0.3933216221623982,17.072242850142352,0.0,0.5454986444445662,2,2,0,high,Low-Engagement,Low-Engagement
L0261,261,E,World,17.4513596559242,5,inference,easy,long_delay,0.0,0.4966957835027315,35.37117405037574,0.0,0.5454986444445662,2,0,1,high,Low-Engagement,Low-Engagement
L0261,261,E,Entertainment,19.11134887366143,6,factual_recall,easy,short_delay,0.0,0.3547025204895037,19.46257759444222,0.0,0.5454986444445662,4,0,1,high,Low-Engagement,Low-Engagement
L0261,261,E,Cooking,16.816915803727145,7,inference,medium,short_delay,1.0,0.5858496012782916,22.26738011639407,0.0,0.5454986444445662,0,3,0,high,Low-Engagement,Low-Engagement
L0261,261,E,Cooking,6.290141421288223,8,factual_recall,hard,short_delay,1.0,0.5148614872649143,29.015455333280617,1.0,0.5454986444445662,2,0,2,high,Low-Engagement,Low-Engagement
L0261,261,E,Cooking,7.122702376581316,9,factual_recall,easy,short_delay,0.0,0.34665721759028073,10.142706349612624,1.0,0.5454986444445662,3,3,0,high,Low-Engagement,Low-Engagement
L0262,262,E,News,10.231436987390373,0,reasoning,easy,short_delay,0.0,0.3502971428801565,15.470777150673293,0.0,0.5376080612886242,0,2,1,high,Low-Engagement,Low-Engagement
L0262,262,E,Entertainment,13.034000387471822,1,factual_recall,easy,long_delay,1.0,0.5328306673533209,18.372315111656768,0.0,0.5376080612886242,0,3,2,high,Low-Engagement,Low-Engagement
L0262,262,E,Entertainment,19.223703479033336,2,factual_recall,medium,short_delay,1.0,0.8062886628569282,23.446206221671623,0.0,0.5376080612886242,3,2,1,high,Low-Engagement,Low-Engagement
L0262,262,E,Sports,18.634025701734316,3,factual_recall,easy,long_delay,0.0,0.3815985081207445,19.93023459829574,1.0,0.5376080612886242,3,0,0,high,Low-Engagement,Low-Engagement
L0262,262,E,Sports,7.334518464595119,4,comprehension,hard,short_delay,1.0,0.8007363971085637,22.767193170193355,1.0,0.5376080612886242,0,3,0,high,Low-Engagement,Low-Engagement
L0262,262,E,World,14.340245657416707,5,reasoning,medium,long_delay,1.0,0.5088762585339573,34.188887173234214,1.0,0.5376080612886242,3,1,0,high,Low-Engagement,Low-Engagement
L0262,262,E,Sports,16.375693114877407,6,inference,medium,short_delay,0.0,0.36004492400856597,10.97623468349859,1.0,0.5376080612886242,0,0,2,high,Low-Engagement,Low-Engagement
L0262,262,E,Sports,10.545688991064672,7,factual_recall,hard,long_delay,0.0,0.3545452599918702,25.157042622111284,0.0,0.5376080612886242,3,3,1,high,Low-Engagement,Low-Engagement
L0262,262,E,News,16.699635974287244,8,reasoning,medium,immediate,1.0,0.7337946729418069,19.41681916254295,0.0,0.5376080612886242,4,0,2,high,Low-Engagement,Low-Engagement
L0262,262,E,Entertainment,9.935240118558664,9,factual_recall,easy,immediate,1.0,0.5091586421643719,16.007637231530275,0.0,0.5376080612886242,2,3,0,high,Low-Engagement,Low-Engagement
L0263,263,E,Entertainment,18.93647579622705,0,factual_recall,hard,long_delay,1.0,0.5504849141268743,21.699579422156326,0.0,0.7610336457285704,4,2,2,high,Needs Review,Low-Engagement
L0263,263,E,Entertainment,14.845473936065996,1,comprehension,hard,short_delay,0.0,0.3179240561047299,7.131664588666261,0.0,0.7610336457285704,3,3,0,high,Needs Review,Low-Engagement
L0263,263,E,Sports,14.914015376804503,2,inference,medium,long_delay,0.0,0.4561272918605346,16.467253659351396,1.0,0.7610336457285704,2,1,0,high,Needs Review,Low-Engagement
L0263,263,E,Cooking,15.332845290838005,3,inference,hard,short_delay,1.0,0.614425823222538,10.13433530517248,1.0,0.7610336457285704,0,1,1,high,Needs Review,Low-Engagement
L0263,263,E,World,19.883538952194662,4,inference,easy,immediate,0.0,0.42014642508623845,16.74313114089313,0.0,0.7610336457285704,2,1,2,high,Needs Review,Low-Engagement
L0263,263,E,Cooking,8.344125526524188,5,reasoning,easy,immediate,1.0,0.630684671377555,13.638689842678403,0.0,0.7610336457285704,2,3,1,high,Needs Review,Low-Engagement
L0263,263,E,News,10.54817119532509,6,reasoning,medium,long_delay,0.0,0.44196757224139305,28.094569409884606,0.0,0.7610336457285704,0,1,1,high,Needs Review,Low-Engagement
L0263,263,E,Entertainment,9.30761258293703,7,reasoning,hard,long_delay,0.0,0.4901216905136202,28.187199496684087,1.0,0.7610336457285704,4,2,0,high,Needs Review,Low-Engagement
L0263,263,E,Sports,15.230224650310262,8,factual_recall,medium,short_delay,0.0,0.4079110751587381,24.482353234667816,0.0,0.7610336457285704,1,3,1,high,Needs Review,Low-Engagement
L0263,263,E,Sports,12.264077586764236,9,factual_recall,hard,short_delay,0.0,0.469144360838529,9.858806150281323,0.0,0.7610336457285704,0,3,0,high,Needs Review,Low-Engagement
L0264,264,E,Cooking,16.77821103494023,0,reasoning,easy,long_delay,0.0,0.463480528347181,5.967437985946294,1.0,0.41664557608098024,0,2,0,high,Low-Engagement,Low-Engagement
L0264,264,E,World,12.046692873122618,1,factual_recall,medium,immediate,0.0,0.4368609237080512,23.657028723295994,0.0,0.41664557608098024,2,2,0,high,Low-Engagement,Low-Engagement
L0264,264,E,Cooking,19.681786519339113,2,reasoning,medium,short_delay,1.0,0.5217261591377794,1.0,1.0,0.41664557608098024,1,2,0,high,Low-Engagement,Low-Engagement
L0264,264,E,Cooking,18.347079077142705,3,inference,hard,immediate,0.0,0.2754992070712168,17.39555309909779,1.0,0.41664557608098024,0,1,1,high,Low-Engagement,Low-Engagement
L0264,264,E,Entertainment,7.420352120175509,4,factual_recall,easy,short_delay,0.0,0.42816308756522337,19.970726483981352,0.0,0.41664557608098024,1,1,0,high,Low-Engagement,Low-Engagement
L0264,264,E,News,19.957191317579362,5,inference,hard,short_delay,1.0,0.6893723410956373,16.422476516743888,0.0,0.41664557608098024,3,0,0,high,Low-Engagement,Low-Engagement
L0264,264,E,Entertainment,14.461884244490319,6,inference,easy,long_delay,1.0,0.5694718511402669,37.371064481081845,0.0,0.41664557608098024,1,0,2,high,Low-Engagement,Low-Engagement
L0264,264,E,News,15.158703278173693,7,inference,hard,immediate,1.0,0.5239428155055266,34.59474228080049,0.0,0.41664557608098024,0,3,0,high,Low-Engagement,Low-Engagement
L0264,264,E,News,19.994915302343472,8,factual_recall,medium,long_delay,0.0,0.4968818850026988,28.26249386941411,0.0,0.41664557608098024,2,3,1,high,Low-Engagement,Low-Engagement
L0264,264,E,Entertainment,18.160569059999784,9,reasoning,medium,short_delay,0.0,0.40614817711216,12.597385871420983,0.0,0.41664557608098024,0,0,2,high,Low-Engagement,Low-Engagement
L0265,265,E,World,8.016810312484425,0,comprehension,hard,immediate,0.0,0.382553588514561,14.959226340602353,0.0,0.4685129765037236,3,0,2,high,Low-Engagement,Low-Engagement
L0265,265,E,Sports,16.815952875445227,1,reasoning,easy,long_delay,0.0,0.24866524853385838,15.969129636125494,0.0,0.4685129765037236,0,1,0,high,Low-Engagement,Low-Engagement
L0265,265,E,Entertainment,8.033107070714355,2,reasoning,hard,immediate,1.0,0.7109815148913691,20.77600460363421,1.0,0.4685129765037236,0,1,2,high,Low-Engagement,Low-Engagement
L0265,265,E,World,10.047296642838933,3,reasoning,easy,short_delay,1.0,0.5463896727656861,9.860808720322211,1.0,0.4685129765037236,2,2,0,high,Low-Engagement,Low-Engagement
L0265,265,E,News,11.009837696012449,4,factual_recall,hard,long_delay,1.0,0.5535689279626805,22.635393778997447,1.0,0.4685129765037236,2,3,0,high,Low-Engagement,Low-Engagement
L0265,265,E,Entertainment,8.235413716103546,5,factual_recall,medium,long_delay,1.0,0.668259324654315,17.504334321005846,0.0,0.4685129765037236,1,3,2,high,Low-Engagement,Low-Engagement
L0265,265,E,Entertainment,14.93737541517243,6,comprehension,medium,immediate,0.0,0.47689044146746334,4.0995149376985545,0.0,0.4685129765037236,4,1,1,high,Low-Engagement,Low-Engagement
L0265,265,E,Sports,10.471850408875461,7,reasoning,hard,immediate,1.0,0.6122880061658104,16.338704913928613,0.0,0.4685129765037236,2,2,0,high,Low-Engagement,Low-Engagement
L0265,265,E,Entertainment,17.840327147796057,8,comprehension,easy,short_delay,0.0,0.3925709690703806,17.23956237477286,0.0,0.4685129765037236,0,2,1,high,Low-Engagement,Low-Engagement
L0265,265,E,Cooking,14.2841031039959,9,inference,medium,short_delay,1.0,0.5385094239399849,26.82269171870594,0.0,0.4685129765037236,0,0,1,high,Low-Engagement,Low-Engagement
L0266,266,E,Cooking,14.784826332541083,0,reasoning,hard,immediate,1.0,0.5458862835439984,18.610181651197472,0.0,0.35918019795739636,4,3,2,high,Low-Engagement,Low-Engagement
L0266,266,E,Cooking,8.924946621513193,1,factual_recall,hard,long_delay,0.0,0.4879729949855077,14.29045222519456,0.0,0.35918019795739636,2,1,2,high,Low-Engagement,Low-Engagement
L0266,266,E,Entertainment,18.158972348167953,2,inference,medium,short_delay,0.0,0.3470961132914005,12.287680602793376,0.0,0.35918019795739636,4,2,0,high,Low-Engagement,Low-Engagement
L0266,266,E,Entertainment,6.575209632430328,3,reasoning,easy,long_delay,0.0,0.32080782020957055,18.091398692613872,0.0,0.35918019795739636,4,1,2,high,Low-Engagement,Low-Engagement
L0266,266,E,Entertainment,5.935460952445936,4,inference,hard,immediate,0.0,0.24584219118238027,23.759971885914073,0.0,0.35918019795739636,2,3,1,high,Low-Engagement,Low-Engagement
L0266,266,E,News,11.771517681625967,5,comprehension,medium,short_delay,1.0,0.5082692435938527,17.360136124629204,1.0,0.35918019795739636,4,0,1,high,Low-Engagement,Low-Engagement
L0266,266,E,News,12.864517636820128,6,reasoning,medium,immediate,0.0,0.4424106223918754,10.491789381628195,0.0,0.35918019795739636,0,2,0,high,Low-Engagement,Low-Engagement
L0266,266,E,Entertainment,14.010631715914027,7,inference,medium,short_delay,0.0,0.35090670840278704,19.535000359716097,0.0,0.35918019795739636,1,1,0,high,Low-Engagement,Low-Engagement
L0266,266,E,Cooking,11.248308823383523,8,inference,hard,short_delay,0.0,0.22486738506767334,28.364379738020936,0.0,0.35918019795739636,3,1,1,high,Low-Engagement,Low-Engagement
L0266,266,E,World,16.942580159280492,9,factual_recall,easy,immediate,1.0,0.5019253082218669,20.322140729953688,0.0,0.35918019795739636,3,1,1,high,Low-Engagement,Low-Engagement
L0267,267,E,News,8.920621870334358,0,inference,medium,long_delay,0.0,0.23347486675964832,18.289795515641423,0.0,0.3073143882459375,2,1,0,high,Low-Engagement,Low-Engagement
L0267,267,E,Cooking,17.768503671783545,1,inference,easy,immediate,0.0,0.44499003509983726,21.123603898665937,0.0,0.3073143882459375,1,1,2,high,Low-Engagement,Low-Engagement
L0267,267,E,News,6.965854716371722,2,inference,easy,long_delay,1.0,0.6154524406979002,1.0,0.0,0.3073143882459375,2,2,0,high,Low-Engagement,Low-Engagement
L0267,267,E,Cooking,16.24788124561724,3,reasoning,medium,immediate,0.0,0.49748506119223274,22.243455212606744,1.0,0.3073143882459375,3,2,2,high,Low-Engagement,Low-Engagement
L0267,267,E,Entertainment,17.162987727950693,4,inference,medium,immediate,1.0,0.6551005796890973,25.763503864678512,1.0,0.3073143882459375,0,3,2,high,Low-Engagement,Low-Engagement
L0267,267,E,Entertainment,6.346855253404177,5,factual_recall,medium,immediate,1.0,0.6085464939830628,21.15608873132401,0.0,0.3073143882459375,3,1,0,high,Low-Engagement,Low-Engagement
L0267,267,E,Entertainment,13.137294323658619,6,reasoning,medium,short_delay,0.0,0.4524730448142544,22.75739536289099,0.0,0.3073143882459375,4,3,1,high,Low-Engagement,Low-Engagement
L0267,267,E,News,16.573333288352824,7,reasoning,hard,short_delay,1.0,0.5920508305592671,19.65218899520397,0.0,0.3073143882459375,2,0,1,high,Low-Engagement,Low-Engagement
L0267,267,E,Entertainment,7.92736358180981,8,comprehension,medium,short_delay,1.0,0.6327114463025676,4.023824880365549,0.0,0.3073143882459375,3,0,1,high,Low-Engagement,Low-Engagement
L0267,267,E,World,14.243271250730364,9,reasoning,easy,short_delay,0.0,0.44037816347005476,33.30075808722692,0.0,0.3073143882459375,1,1,2,high,Low-Engagement,Low-Engagement
L0268,268,E,Entertainment,19.6703068591201,0,inference,easy,short_delay,0.0,0.4034439040327223,19.625459305117715,0.0,0.31478699436127894,3,2,0,high,Low-Engagement,Low-Engagement
L0268,268,E,Cooking,6.373514491710827,1,comprehension,hard,immediate,0.0,0.366574876000402,8.754831184610877,0.0,0.31478699436127894,2,1,2,high,Low-Engagement,Low-Engagement
L0268,268,E,World,6.577863365511784,2,factual_recall,hard,short_delay,1.0,0.6225687824112665,6.655238802625366,1.0,0.31478699436127894,2,0,2,high,Low-Engagement,Low-Engagement
L0268,268,E,News,15.726331155250913,3,inference,easy,long_delay,0.0,0.3001514620723434,14.396572949675619,0.0,0.31478699436127894,4,1,1,high,Low-Engagement,Low-Engagement
L0268,268,E,News,9.49143343956732,4,reasoning,hard,immediate,0.0,0.26537589224539954,11.325080472808562,0.0,0.31478699436127894,3,2,0,high,Low-Engagement,Low-Engagement
L0268,268,E,Sports,14.361089240666253,5,factual_recall,medium,immediate,1.0,0.5162140898744895,22.153646388185496,1.0,0.31478699436127894,1,3,1,high,Low-Engagement,Low-Engagement
L0268,268,E,Cooking,8.59586121839247,6,reasoning,hard,long_delay,0.0,0.437135220442883,5.610280714321897,0.0,0.31478699436127894,1,0,0,high,Low-Engagement,Low-Engagement
L0268,268,E,Sports,12.966285255079816,7,reasoning,medium,long_delay,0.0,0.4232466196465062,16.422719256518132,1.0,0.31478699436127894,4,0,2,high,Low-Engagement,Low-Engagement
L0268,268,E,Sports,12.71117199905539,8,inference,medium,short_delay,1.0,0.5171563495565357,18.61540113334579,0.0,0.31478699436127894,0,0,1,high,Low-Engagement,Low-Engagement
L0268,268,E,World,11.46069356243168,9,factual_recall,easy,short_delay,0.0,0.466405396475344,19.682757763747045,0.0,0.31478699436127894,3,3,2,high,Low-Engagement,Low-Engagement
L0269,269,E,World,13.045076463210902,0,inference,hard,short_delay,0.0,0.12197764763422608,27.64899239948441,0.0,0.5593867343937236,0,3,2,high,Low-Engagement,Low-Engagement
L0269,269,E,News,18.310817883011488,1,factual_recall,easy,long_delay,1.0,0.6391492877963868,21.2548242263548,1.0,0.5593867343937236,4,1,0,high,Low-Engagement,Low-Engagement
L0269,269,E,Sports,5.270676175914206,2,inference,medium,long_delay,1.0,0.576561331253699,21.406201993920355,1.0,0.5593867343937236,0,2,0,high,Low-Engagement,Low-Engagement
L0269,269,E,News,16.6131463928637,3,factual_recall,easy,immediate,0.0,0.37463360841662185,24.97053622797217,1.0,0.5593867343937236,2,1,0,high,Low-Engagement,Low-Engagement
L0269,269,E,Cooking,17.798323575089753,4,inference,easy,short_delay,0.0,0.3959058873980398,25.928506288360076,0.0,0.5593867343937236,2,3,1,high,Low-Engagement,Low-Engagement
L0269,269,E,World,15.33800806211472,5,reasoning,easy,short_delay,1.0,0.5105264341755227,3.309066580096257,1.0,0.5593867343937236,2,0,0,high,Low-Engagement,Low-Engagement
L0269,269,E,World,8.688357185862468,6,reasoning,hard,long_delay,1.0,0.5137459187809197,17.193024165077386,1.0,0.5593867343937236,1,2,2,high,Low-Engagement,Low-Engagement
L0269,269,E,Entertainment,6.653949327062712,7,comprehension,easy,immediate,0.0,0.37393417709141274,16.3613603503654,0.0,0.5593867343937236,3,3,1,high,Low-Engagement,Low-Engagement
L0269,269,E,Cooking,13.058588584844129,8,inference,easy,immediate,0.0,0.2559867895362888,18.708522731984143,1.0,0.5593867343937236,3,2,1,high,Low-Engagement,Low-Engagement
L0269,269,E,Entertainment,5.982989062408258,9,inference,hard,immediate,1.0,0.7036431265442405,26.1663515451345,0.0,0.5593867343937236,1,3,0,high,Low-Engagement,Low-Engagement
L0270,270,E,Cooking,12.404324947310554,0,inference,hard,immediate,0.0,0.21036644877939986,19.600605969206317,1.0,0.19450693867129418,1,3,2,high,Low-Engagement,Low-Engagement
L0270,270,E,Sports,12.617610083266529,1,factual_recall,hard,immediate,0.0,0.4117586839943035,22.20959428953927,0.0,0.19450693867129418,2,1,1,high,Low-Engagement,Low-Engagement
L0270,270,E,News,5.839516602093916,2,comprehension,medium,long_delay,0.0,0.4834271985808567,23.397155163525447,0.0,0.19450693867129418,4,0,2,high,Low-Engagement,Low-Engagement
L0270,270,E,Sports,12.570273307612753,3,reasoning,medium,short_delay,0.0,0.4218161768735865,33.220784726323544,0.0,0.19450693867129418,0,1,0,high,Low-Engagement,Low-Engagement
L0270,270,E,World,11.582023637181342,4,reasoning,hard,long_delay,0.0,0.346312923007986,19.774818949267072,1.0,0.19450693867129418,3,1,0,high,Low-Engagement,Low-Engagement
L0270,270,E,World,9.24215535725258,5,reasoning,easy,long_delay,0.0,0.42116242567611567,29.349958433652148,0.0,0.19450693867129418,4,3,2,high,Low-Engagement,Low-Engagement
L0270,270,E,Sports,10.929270366517532,6,reasoning,easy,long_delay,0.0,0.4107497359146727,10.719335378851177,1.0,0.19450693867129418,2,0,2,high,Low-Engagement,Low-Engagement
L0270,270,E,Sports,12.973341467938107,7,reasoning,hard,long_delay,1.0,0.5434803898658848,14.898609403594318,1.0,0.19450693867129418,2,0,1,high,Low-Engagement,Low-Engagement
L0270,270,E,Sports,6.746155912263872,8,inference,medium,long_delay,1.0,0.5367623978238967,2.9134046639091054,0.0,0.19450693867129418,2,0,0,high,Low-Engagement,Low-Engagement
L0270,270,E,Entertainment,13.146344278440825,9,reasoning,easy,short_delay,0.0,0.3835902566827636,21.210452320077884,0.0,0.19450693867129418,2,1,2,high,Low-Engagement,Low-Engagement
L0271,271,E,News,16.869519999537246,0,reasoning,hard,short_delay,0.0,0.4665665256313403,7.211754193872622,0.0,0.5279534364167257,4,3,2,high,Low-Engagement,Low-Engagement
L0271,271,E,Cooking,10.702151514422448,1,inference,hard,immediate,1.0,0.5641987878869839,13.356851444741453,0.0,0.5279534364167257,0,2,2,high,Low-Engagement,Low-Engagement
L0271,271,E,Entertainment,18.205529093042966,2,inference,easy,long_delay,0.0,0.40472422945670694,26.07354806830913,1.0,0.5279534364167257,4,2,1,high,Low-Engagement,Low-Engagement
L0271,271,E,Cooking,17.301232572248804,3,reasoning,easy,long_delay,0.0,0.3948851145208495,16.583745814064297,0.0,0.5279534364167257,4,2,0,high,Low-Engagement,Low-Engagement
L0271,271,E,World,13.11627829678478,4,inference,medium,long_delay,0.0,0.31592171952286013,12.334626014859428,0.0,0.5279534364167257,3,1,2,high,Low-Engagement,Low-Engagement
L0271,271,E,Entertainment,18.901791952611134,5,reasoning,medium,short_delay,0.0,0.40131061157415293,13.214529727726074,0.0,0.5279534364167257,1,1,0,high,Low-Engagement,Low-Engagement
L0271,271,E,Entertainment,14.166276805100178,6,factual_recall,easy,short_delay,1.0,0.6859071149957244,25.195846399519457,0.0,0.5279534364167257,0,0,1,high,Low-Engagement,Low-Engagement
L0271,271,E,News,18.431255300793904,7,reasoning,hard,short_delay,0.0,0.4830652038223743,19.349895396946977,0.0,0.5279534364167257,0,0,0,high,Low-Engagement,Low-Engagement
L0271,271,E,News,17.1037847009136,8,comprehension,medium,long_delay,0.0,0.37973565410421356,14.982364686319123,0.0,0.5279534364167257,1,2,0,high,Low-Engagement,Low-Engagement
L0271,271,E,Entertainment,17.883107998726143,9,inference,medium,immediate,0.0,0.32926296743195205,17.532893043563426,1.0,0.5279534364167257,1,1,1,high,Low-Engagement,Low-Engagement
L0272,272,E,News,5.258547046398945,0,factual_recall,medium,immediate,0.0,0.3748326119355065,20.429940492861014,1.0,0.5231486873811766,4,2,2,high,Low-Engagement,Low-Engagement
L0272,272,E,World,11.11963670758624,1,inference,medium,long_delay,0.0,0.34912690500153754,23.994453415526145,1.0,0.5231486873811766,4,0,2,high,Low-Engagement,Low-Engagement
L0272,272,E,Entertainment,12.571031705596576,2,inference,easy,long_delay,0.0,0.49500696058210275,12.5557736904121,1.0,0.5231486873811766,4,2,0,high,Low-Engagement,Low-Engagement
L0272,272,E,Entertainment,16.813332804383073,3,comprehension,medium,short_delay,0.0,0.4245899915715671,27.152452207058708,1.0,0.5231486873811766,4,1,2,high,Low-Engagement,Low-Engagement
L0272,272,E,World,8.330830808873335,4,factual_recall,easy,long_delay,1.0,0.5588494347055323,29.032465356194404,1.0,0.5231486873811766,3,1,2,high,Low-Engagement,Low-Engagement
L0272,272,E,Cooking,6.300552806874773,5,comprehension,hard,short_delay,0.0,0.4957648277205059,16.044374527467113,0.0,0.5231486873811766,4,3,0,high,Low-Engagement,Low-Engagement
L0272,272,E,Cooking,17.912582953471198,6,factual_recall,easy,immediate,1.0,0.6040584675399464,24.689276568598704,1.0,0.5231486873811766,2,0,1,high,Low-Engagement,Low-Engagement
L0272,272,E,Sports,17.551404975601795,7,comprehension,medium,immediate,0.0,0.39413564348092855,22.24378191075684,0.0,0.5231486873811766,0,0,0,high,Low-Engagement,Low-Engagement
L0272,272,E,Cooking,5.588963692328299,8,reasoning,easy,short_delay,1.0,0.5781041100129415,23.12628232220681,0.0,0.5231486873811766,4,0,0,high,Low-Engagement,Low-Engagement
L0272,272,E,Entertainment,16.007764062582147,9,comprehension,hard,short_delay,1.0,0.6941611076565982,26.496157926122187,0.0,0.5231486873811766,0,0,1,high,Low-Engagement,Low-Engagement
L0273,273,E,Cooking,8.869846751849643,0,inference,hard,immediate,1.0,0.5232829341869273,22.664581656804188,0.0,0.4436065746276189,1,2,0,high,Low-Engagement,Low-Engagement
L0273,273,E,Entertainment,15.807889642486966,1,comprehension,medium,short_delay,1.0,0.7154291100235457,6.033361716640766,0.0,0.4436065746276189,0,1,2,high,Low-Engagement,Low-Engagement
L0273,273,E,World,13.478577775578247,2,comprehension,easy,long_delay,0.0,0.24442549715036158,14.396742589887046,1.0,0.4436065746276189,2,3,0,high,Low-Engagement,Low-Engagement
L0273,273,E,News,8.579040435964348,3,factual_recall,medium,long_delay,0.0,0.3891504399559435,37.48842293274892,0.0,0.4436065746276189,1,3,2,high,Low-Engagement,Low-Engagement
L0273,273,E,Entertainment,8.991350839162834,4,factual_recall,medium,short_delay,1.0,0.6349371812833807,8.68641752492021,1.0,0.4436065746276189,0,2,1,high,Low-Engagement,Low-Engagement
L0273,273,E,Entertainment,10.543414852168508,5,comprehension,easy,short_delay,0.0,0.38735453276809984,23.974452553524586,0.0,0.4436065746276189,1,2,1,high,Low-Engagement,Low-Engagement
L0273,273,E,Sports,18.19488857953976,6,inference,hard,long_delay,1.0,0.5447392206689308,1.0,1.0,0.4436065746276189,0,2,0,high,Low-Engagement,Low-Engagement
L0273,273,E,World,8.93117026438449,7,factual_recall,medium,short_delay,1.0,0.5257080836817191,9.190182544883926,0.0,0.4436065746276189,2,3,2,high,Low-Engagement,Low-Engagement
L0273,273,E,Cooking,9.280144374844381,8,inference,easy,long_delay,1.0,0.5984255828176563,27.095498251199302,1.0,0.4436065746276189,0,3,2,high,Low-Engagement,Low-Engagement
L0273,273,E,World,11.864664912337554,9,inference,hard,long_delay,1.0,0.6796007692991435,20.287687362638046,0.0,0.4436065746276189,3,3,1,high,Low-Engagement,Low-Engagement
L0274,274,E,World,8.26605516209969,0,factual_recall,hard,long_delay,0.0,0.2983723130841789,16.562288660768605,0.0,0.43262779394890105,2,0,2,high,Low-Engagement,Low-Engagement
L0274,274,E,Sports,16.08301465705442,1,inference,medium,immediate,1.0,0.6821935342811466,7.163645150832659,1.0,0.43262779394890105,3,3,2,high,Low-Engagement,Low-Engagement
L0274,274,E,Sports,18.114061096854257,2,factual_recall,hard,short_delay,0.0,0.2567176482723121,21.900128424214927,0.0,0.43262779394890105,0,1,0,high,Low-Engagement,Low-Engagement
L0274,274,E,Entertainment,8.888595417423598,3,inference,hard,long_delay,0.0,0.4395985929196681,17.979540156326433,0.0,0.43262779394890105,1,0,1,high,Low-Engagement,Low-Engagement
L0274,274,E,Sports,14.414888717323107,4,factual_recall,easy,immediate,0.0,0.22328678701833726,5.445920948980358,1.0,0.43262779394890105,4,1,0,high,Low-Engagement,Low-Engagement
L0274,274,E,World,19.951474585568253,5,reasoning,medium,immediate,0.0,0.48247898806226724,11.556957791314318,1.0,0.43262779394890105,0,1,1,high,Low-Engagement,Low-Engagement
L0274,274,E,Cooking,6.101427924460515,6,reasoning,medium,long_delay,0.0,0.3730669559747495,14.102940436188085,0.0,0.43262779394890105,4,2,1,high,Low-Engagement,Low-Engagement
L0274,274,E,Cooking,10.95776756916495,7,inference,easy,short_delay,1.0,0.5483129778395244,32.443067123205864,1.0,0.43262779394890105,2,1,1,high,Low-Engagement,Low-Engagement
L0274,274,E,News,14.880159378587551,8,reasoning,medium,short_delay,0.0,0.447913633643195,25.659566396559832,1.0,0.43262779394890105,2,2,0,high,Low-Engagement,Low-Engagement
L0274,274,E,World,10.458300513770958,9,inference,medium,immediate,1.0,0.6120729334808195,17.218118697658124,0.0,0.43262779394890105,4,1,1,high,Low-Engagement,Low-Engagement
L0275,275,E,World,18.287938544136583,0,factual_recall,medium,short_delay,1.0,0.5890200695286151,26.3759742428681,0.0,0.34691388139877954,3,3,0,high,Low-Engagement,Low-Engagement
L0275,275,E,Sports,13.784956901811276,1,inference,medium,short_delay,1.0,0.5566904918251584,22.155042916004465,0.0,0.34691388139877954,0,2,1,high,Low-Engagement,Low-Engagement
L0275,275,E,Entertainment,5.776737767389925,2,inference,hard,short_delay,0.0,0.20922279730890342,11.520735077565341,1.0,0.34691388139877954,2,3,1,high,Low-Engagement,Low-Engagement
L0275,275,E,Entertainment,12.40174969499974,3,inference,easy,long_delay,1.0,0.5358594762379758,21.91099459955876,1.0,0.34691388139877954,4,0,0,high,Low-Engagement,Low-Engagement
L0275,275,E,News,6.864127871783515,4,reasoning,easy,short_delay,1.0,0.5212977655687122,17.967636644768692,1.0,0.34691388139877954,1,2,1,high,Low-Engagement,Low-Engagement
L0275,275,E,World,11.920064125727844,5,comprehension,hard,immediate,0.0,0.36323141920108093,12.521390290684437,0.0,0.34691388139877954,2,3,1,high,Low-Engagement,Low-Engagement
L0275,275,E,Entertainment,7.851740517801446,6,comprehension,hard,short_delay,0.0,0.3497635263644202,7.283942049820981,0.0,0.34691388139877954,2,2,2,high,Low-Engagement,Low-Engagement
L0275,275,E,Sports,12.260265165388903,7,comprehension,medium,immediate,0.0,0.2591309730481911,24.99842668020406,1.0,0.34691388139877954,2,0,0,high,Low-Engagement,Low-Engagement
L0275,275,E,World,9.807515435808062,8,comprehension,easy,long_delay,0.0,0.40949617233156427,23.571177195835737,1.0,0.34691388139877954,4,3,2,high,Low-Engagement,Low-Engagement
L0275,275,E,News,6.317127684205412,9,reasoning,medium,long_delay,0.0,0.42870149540321206,24.454152226247256,1.0,0.34691388139877954,1,1,2,high,Low-Engagement,Low-Engagement
L0276,276,E,Cooking,8.32796122107879,0,reasoning,easy,short_delay,0.0,0.3388173798456582,31.349478733226817,1.0,0.6643653222006768,0,1,1,high,Needs Review,Low-Engagement
L0276,276,E,Cooking,18.463453631131774,1,reasoning,medium,long_delay,0.0,0.4126981314440292,1.0,0.0,0.6643653222006768,1,2,2,high,Needs Review,Low-Engagement
L0276,276,E,Sports,5.166744361131381,2,comprehension,easy,long_delay,1.0,0.5132945568554986,28.27532509275079,0.0,0.6643653222006768,1,3,2,high,Needs Review,Low-Engagement
L0276,276,E,Entertainment,11.114744812881813,3,inference,medium,immediate,1.0,0.5427463992346219,14.927120255537407,1.0,0.6643653222006768,4,3,2,high,Needs Review,Low-Engagement
L0276,276,E,Cooking,18.01995075861506,4,comprehension,hard,short_delay,1.0,0.5794099553837143,25.644075850268308,0.0,0.6643653222006768,3,0,1,high,Needs Review,Low-Engagement
L0276,276,E,News,5.683013205705324,5,factual_recall,hard,immediate,0.0,0.47680634008689626,24.08155364239362,0.0,0.6643653222006768,2,0,2,high,Needs Review,Low-Engagement
L0276,276,E,World,16.897579498633107,6,comprehension,easy,short_delay,0.0,0.3234828932329155,19.703019608754126,0.0,0.6643653222006768,0,3,1,high,Needs Review,Low-Engagement
L0276,276,E,Cooking,16.832002238360744,7,reasoning,medium,immediate,1.0,0.5347959159005066,23.608693115042552,0.0,0.6643653222006768,2,3,2,high,Needs Review,Low-Engagement
L0276,276,E,World,18.385825474612652,8,reasoning,medium,immediate,1.0,0.5367067267680161,19.30841075668782,1.0,0.6643653222006768,0,2,2,high,Needs Review,Low-Engagement
L0276,276,E,World,18.48912994229411,9,inference,medium,short_delay,0.0,0.23219581305765372,25.71160661256098,0.0,0.6643653222006768,2,2,2,high,Needs Review,Low-Engagement
L0277,277,E,Cooking,11.388982975269869,0,inference,medium,immediate,0.0,0.4831136518320008,27.519870565334642,0.0,0.4507908434680888,2,3,2,high,Low-Engagement,Low-Engagement
L0277,277,E,Entertainment,7.176136579929218,1,reasoning,easy,immediate,1.0,0.5178676134121871,15.39241848527045,0.0,0.4507908434680888,2,3,2,high,Low-Engagement,Low-Engagement
L0277,277,E,News,7.33597054744871,2,inference,medium,immediate,0.0,0.49655827012665776,31.82011633554609,0.0,0.4507908434680888,3,2,2,high,Low-Engagement,Low-Engagement
L0277,277,E,News,12.472403583868429,3,inference,medium,short_delay,0.0,0.40557163652775785,19.94174763889155,1.0,0.4507908434680888,1,1,2,high,Low-Engagement,Low-Engagement
L0277,277,E,World,16.66166742171195,4,comprehension,easy,short_delay,0.0,0.38866741207289035,28.876464533973937,0.0,0.4507908434680888,2,2,1,high,Low-Engagement,Low-Engagement
L0277,277,E,World,8.033696570504194,5,reasoning,hard,short_delay,1.0,0.6956386658747601,13.938230939779483,0.0,0.4507908434680888,0,0,2,high,Low-Engagement,Low-Engagement
L0277,277,E,News,13.29795888767076,6,comprehension,easy,immediate,0.0,0.3832239213686539,14.062266176641668,0.0,0.4507908434680888,0,1,2,high,Low-Engagement,Low-Engagement
L0277,277,E,News,7.907381776858101,7,factual_recall,easy,immediate,0.0,0.2949955565642523,20.728365626639782,0.0,0.4507908434680888,0,2,2,high,Low-Engagement,Low-Engagement
L0277,277,E,News,5.683882777671833,8,reasoning,easy,long_delay,0.0,0.25335390263370755,23.86043733075917,0.0,0.4507908434680888,3,2,0,high,Low-Engagement,Low-Engagement
L0277,277,E,Sports,11.58042720680148,9,comprehension,medium,short_delay,0.0,0.4076173335444346,18.56834205947237,0.0,0.4507908434680888,2,2,2,high,Low-Engagement,Low-Engagement
L0278,278,E,Entertainment,16.849877275778965,0,reasoning,medium,immediate,0.0,0.4908794138111666,21.325529961897608,1.0,0.6575950842387481,2,3,2,high,Low-Engagement,Low-Engagement
L0278,278,E,Entertainment,7.291089801052223,1,inference,hard,short_delay,0.0,0.42498865496508303,23.45301600703401,1.0,0.6575950842387481,3,1,2,high,Low-Engagement,Low-Engagement
L0278,278,E,World,16.097003748902537,2,reasoning,hard,long_delay,0.0,0.2304477963597435,28.943741128205957,0.0,0.6575950842387481,4,1,2,high,Low-Engagement,Low-Engagement
L0278,278,E,Sports,18.318198822393782,3,inference,medium,short_delay,0.0,0.4513041414528054,33.700843142352184,1.0,0.6575950842387481,2,3,2,high,Low-Engagement,Low-Engagement
L0278,278,E,Sports,17.158769087914628,4,comprehension,easy,short_delay,1.0,0.5122963270694342,16.97739149911467,0.0,0.6575950842387481,2,0,1,high,Low-Engagement,Low-Engagement
L0278,278,E,World,16.671001141232637,5,comprehension,easy,short_delay,0.0,0.45522634865128253,21.470059054325613,0.0,0.6575950842387481,4,3,2,high,Low-Engagement,Low-Engagement
L0278,278,E,World,6.907556497131127,6,inference,hard,immediate,0.0,0.22341348015931004,21.720553380460167,1.0,0.6575950842387481,2,3,0,high,Low-Engagement,Low-Engagement
L0278,278,E,World,8.225272068416302,7,reasoning,medium,short_delay,0.0,0.41560543815035117,25.19499887510694,0.0,0.6575950842387481,0,0,1,high,Low-Engagement,Low-Engagement
L0278,278,E,Sports,5.278323326140399,8,factual_recall,easy,short_delay,1.0,0.5274398458628018,24.299224685130767,0.0,0.6575950842387481,0,2,1,high,Low-Engagement,Low-Engagement
L0278,278,E,Cooking,18.431033938913195,9,comprehension,easy,long_delay,0.0,0.3268901958043306,31.400044482398165,0.0,0.6575950842387481,0,1,1,high,Low-Engagement,Low-Engagement
L0279,279,E,Entertainment,9.811603491437529,0,comprehension,hard,long_delay,0.0,0.4446753168537819,21.653120593707868,0.0,0.32288033580861925,4,0,0,high,Low-Engagement,Low-Engagement
L0279,279,E,News,13.195305434667851,1,comprehension,medium,short_delay,0.0,0.43273782797674637,18.103023824202907,0.0,0.32288033580861925,2,2,0,high,Low-Engagement,Low-Engagement
L0279,279,E,Sports,8.634216918991054,2,factual_recall,medium,long_delay,0.0,0.3750599370708989,22.467923396547363,0.0,0.32288033580861925,3,0,1,high,Low-Engagement,Low-Engagement
L0279,279,E,News,13.517677899761242,3,comprehension,easy,long_delay,0.0,0.354802714422092,30.915080117340803,0.0,0.32288033580861925,3,1,0,high,Low-Engagement,Low-Engagement
L0279,279,E,News,7.692716011820191,4,reasoning,hard,short_delay,0.0,0.4986098005325827,23.92331228144106,1.0,0.32288033580861925,0,0,2,high,Low-Engagement,Low-Engagement
L0279,279,E,Sports,7.983974252267045,5,inference,hard,immediate,0.0,0.42290259581395795,22.081607852582867,0.0,0.32288033580861925,3,1,0,high,Low-Engagement,Low-Engagement
L0279,279,E,Entertainment,5.386169090195436,6,comprehension,easy,immediate,0.0,0.37908076902866894,25.108236034079077,0.0,0.32288033580861925,1,1,2,high,Low-Engagement,Low-Engagement
L0279,279,E,Sports,19.572485476438384,7,reasoning,hard,short_delay,0.0,0.3465993569115717,18.735890107821312,0.0,0.32288033580861925,0,1,0,high,Low-Engagement,Low-Engagement
L0279,279,E,World,7.0733954215738475,8,comprehension,easy,short_delay,0.0,0.4344017921084957,21.47254256615618,1.0,0.32288033580861925,0,0,2,high,Low-Engagement,Low-Engagement
L0279,279,E,News,6.772422564439012,9,comprehension,hard,short_delay,1.0,0.5609380282643723,16.088356608965235,0.0,0.32288033580861925,0,2,2,high,Low-Engagement,Low-Engagement
L0280,280,F,News,13.056345276886477,0,inference,medium,long_delay,0.0,0.43486539169063404,48.957495115603464,0.0,0.9950710505150683,3,1,0,medium,High Cognitive Load,High Cognitive Load
L0280,280,F,World,11.437435620942157,1,inference,medium,long_delay,0.0,0.38009643083509626,34.43947880165119,0.0,0.9950710505150683,2,2,1,medium,High Cognitive Load,High Cognitive Load
L0280,280,F,Sports,11.866333171960807,2,inference,medium,long_delay,0.0,0.3312708897575131,29.71769970305037,1.0,0.9950710505150683,4,1,0,medium,High Cognitive Load,High Cognitive Load
L0280,280,F,Sports,9.425684109781809,3,reasoning,easy,short_delay,0.0,0.18437104522856548,26.638613640766273,1.0,0.9950710505150683,4,1,0,medium,High Cognitive Load,High Cognitive Load
L0280,280,F,Sports,8.756851795808469,4,reasoning,easy,long_delay,1.0,0.5997774061739574,33.8683537567911,0.0,0.9950710505150683,0,3,0,medium,High Cognitive Load,High Cognitive Load
L0280,280,F,World,9.799974946358791,5,reasoning,medium,immediate,0.0,0.4075807427924062,47.06315536782621,0.0,0.9950710505150683,1,3,2,medium,High Cognitive Load,High Cognitive Load
L0280,280,F,Cooking,19.2793168346706,6,comprehension,hard,long_delay,1.0,0.5550426896964079,40.48350385410501,0.0,0.9950710505150683,4,2,1,medium,High Cognitive Load,High Cognitive Load
L0280,280,F,Entertainment,10.090202103530709,7,factual_recall,easy,short_delay,1.0,0.5791742605066584,36.454098770486354,1.0,0.9950710505150683,1,1,0,medium,High Cognitive Load,High Cognitive Load
L0280,280,F,World,12.125657555090298,8,factual_recall,medium,long_delay,0.0,0.3202835724082775,47.70816754872839,0.0,0.9950710505150683,3,3,1,medium,High Cognitive Load,High Cognitive Load
L0280,280,F,News,8.282274030106795,9,factual_recall,medium,short_delay,0.0,0.3383022966305772,46.166201319764056,0.0,0.9950710505150683,0,3,2,medium,High Cognitive Load,High Cognitive Load
L0281,281,F,Sports,16.976410771876008,0,comprehension,hard,long_delay,0.0,0.3631570254156272,20.810666998060107,0.0,0.7716348445589768,2,1,1,medium,Needs Review,High Cognitive Load
L0281,281,F,Entertainment,5.602224935196016,1,inference,easy,immediate,1.0,0.6087742562700539,27.167978038396452,0.0,0.7716348445589768,3,1,0,medium,Needs Review,High Cognitive Load
L0281,281,F,Cooking,18.979201381835153,2,reasoning,hard,long_delay,0.0,0.33393884566418297,29.149008804224003,1.0,0.7716348445589768,2,2,0,medium,Needs Review,High Cognitive Load
L0281,281,F,Cooking,18.305090259544297,3,comprehension,hard,short_delay,0.0,0.3374478780947086,36.75097230806619,0.0,0.7716348445589768,0,3,1,medium,Needs Review,High Cognitive Load
L0281,281,F,Cooking,6.2482963563176,4,comprehension,easy,immediate,0.0,0.31543734991193334,28.655341487302458,1.0,0.7716348445589768,2,2,2,medium,Needs Review,High Cognitive Load
L0281,281,F,Entertainment,18.687145542886075,5,factual_recall,medium,immediate,1.0,0.7803632662654504,47.19198480876534,0.0,0.7716348445589768,2,0,0,medium,Needs Review,High Cognitive Load
L0281,281,F,World,6.537423360512211,6,comprehension,medium,long_delay,0.0,0.43293217084006513,39.025785635411395,0.0,0.7716348445589768,2,0,0,medium,Needs Review,High Cognitive Load
L0281,281,F,Entertainment,9.766464352501735,7,inference,medium,long_delay,1.0,0.5135865619870877,29.483172591325733,1.0,0.7716348445589768,4,2,2,medium,Needs Review,High Cognitive Load
L0281,281,F,News,18.66904105040126,8,comprehension,medium,immediate,0.0,0.31312592184057575,42.98093661654801,0.0,0.7716348445589768,1,3,2,medium,Needs Review,High Cognitive Load
L0281,281,F,News,13.028472144035666,9,comprehension,hard,long_delay,1.0,0.5651110079903975,31.85372342981554,0.0,0.7716348445589768,4,3,2,medium,Needs Review,High Cognitive Load
L0282,282,F,Sports,9.242285124664198,0,comprehension,easy,short_delay,1.0,0.6300625330633455,29.56090297478054,1.0,0.8512012018423197,4,0,2,medium,Low-Engagement,High Cognitive Load
L0282,282,F,Entertainment,15.181886498055677,1,reasoning,easy,immediate,0.0,0.4470249747518109,34.54347773634001,0.0,0.8512012018423197,0,2,0,medium,Low-Engagement,High Cognitive Load
L0282,282,F,News,18.580905732460337,2,comprehension,easy,short_delay,0.0,0.26671277254403775,30.071946383705875,1.0,0.8512012018423197,1,0,0,medium,Low-Engagement,High Cognitive Load
L0282,282,F,News,17.26392296717827,3,factual_recall,hard,long_delay,1.0,0.7001707148049618,48.31329266317114,1.0,0.8512012018423197,4,0,0,medium,Low-Engagement,High Cognitive Load
L0282,282,F,Cooking,6.822140850536521,4,factual_recall,easy,long_delay,1.0,0.5087285460193733,42.158991829088905,0.0,0.8512012018423197,2,1,0,medium,Low-Engagement,High Cognitive Load
L0282,282,F,Entertainment,5.454705233460728,5,comprehension,hard,long_delay,0.0,0.47053698192589527,30.805321051202867,0.0,0.8512012018423197,1,2,2,medium,Low-Engagement,High Cognitive Load
L0282,282,F,News,16.85145856392478,6,comprehension,hard,immediate,0.0,0.3098434618792348,25.65224272915971,0.0,0.8512012018423197,0,2,2,medium,Low-Engagement,High Cognitive Load
L0282,282,F,Entertainment,10.793492766682533,7,comprehension,easy,short_delay,0.0,0.4519459467474543,37.22252065785009,0.0,0.8512012018423197,1,2,0,medium,Low-Engagement,High Cognitive Load
L0282,282,F,Cooking,5.668426167200777,8,factual_recall,medium,immediate,1.0,0.5324260994634664,31.057460882261775,1.0,0.8512012018423197,0,1,1,medium,Low-Engagement,High Cognitive Load
L0282,282,F,Sports,7.656053572614262,9,inference,hard,short_delay,1.0,0.5103624864664257,31.653546690379155,0.0,0.8512012018423197,0,1,2,medium,Low-Engagement,High Cognitive Load
L0283,283,F,Cooking,14.956806829204414,0,inference,easy,long_delay,0.0,0.3334894442011855,29.69065466053081,0.0,0.6886750542932826,4,2,0,medium,Needs Review,High Cognitive Load
L0283,283,F,Sports,12.492234277561364,1,factual_recall,medium,long_delay,0.0,0.3399966763347072,29.517345408713016,0.0,0.6886750542932826,0,1,0,medium,Needs Review,High Cognitive Load
L0283,283,F,Entertainment,7.604654974884293,2,reasoning,hard,immediate,0.0,0.41176143331157167,35.68374261224393,0.0,0.6886750542932826,4,3,2,medium,Needs Review,High Cognitive Load
L0283,283,F,Sports,17.412750343751018,3,comprehension,easy,immediate,0.0,0.4637221209184534,30.793895123095968,0.0,0.6886750542932826,4,0,2,medium,Needs Review,High Cognitive Load
L0283,283,F,World,12.88867057369346,4,inference,hard,short_delay,0.0,0.4686300390049169,21.15737269533432,0.0,0.6886750542932826,3,1,2,medium,Needs Review,High Cognitive Load
L0283,283,F,Cooking,16.261142214928363,5,factual_recall,easy,immediate,0.0,0.4842896336149503,23.345985020386625,1.0,0.6886750542932826,0,2,2,medium,Needs Review,High Cognitive Load
L0283,283,F,Sports,15.815449240098097,6,comprehension,medium,immediate,0.0,0.3678066490480595,43.16152111573955,1.0,0.6886750542932826,3,1,0,medium,Needs Review,High Cognitive Load
L0283,283,F,Sports,12.35503234805587,7,inference,hard,long_delay,1.0,0.5329635556529806,45.254352320987,0.0,0.6886750542932826,4,3,0,medium,Needs Review,High Cognitive Load
L0283,283,F,Cooking,17.55375288782438,8,reasoning,hard,immediate,1.0,0.6671146132261909,47.7991167036638,0.0,0.6886750542932826,2,0,0,medium,Needs Review,High Cognitive Load
L0283,283,F,Cooking,16.852165341679626,9,inference,medium,short_delay,0.0,0.40760101350610484,36.81043551023501,0.0,0.6886750542932826,0,0,2,medium,Needs Review,High Cognitive Load
L0284,284,F,World,8.61872612546571,0,inference,easy,long_delay,1.0,0.5232722656220745,40.09217637366589,0.0,0.843582204300657,4,2,0,medium,High Cognitive Load,High Cognitive Load
L0284,284,F,World,18.053494612153397,1,reasoning,hard,long_delay,0.0,0.4388286875801159,34.186016645307994,0.0,0.843582204300657,0,2,1,medium,High Cognitive Load,High Cognitive Load
L0284,284,F,Cooking,18.286634534606364,2,reasoning,medium,long_delay,0.0,0.32756288050514126,31.641201128674044,0.0,0.843582204300657,3,1,2,medium,High Cognitive Load,High Cognitive Load
L0284,284,F,Entertainment,10.074272405858201,3,comprehension,hard,short_delay,1.0,0.6666206975252258,15.035571986789225,0.0,0.843582204300657,3,2,1,medium,High Cognitive Load,High Cognitive Load
L0284,284,F,News,8.690753985233709,4,inference,hard,long_delay,1.0,0.5613041585555295,34.89498188604575,0.0,0.843582204300657,2,2,0,medium,High Cognitive Load,High Cognitive Load
L0284,284,F,Sports,11.325286319163485,5,reasoning,easy,long_delay,1.0,0.6435392416722701,26.34577159798159,0.0,0.843582204300657,2,1,2,medium,High Cognitive Load,High Cognitive Load
L0284,284,F,Sports,6.979976900089736,6,comprehension,easy,short_delay,1.0,0.5741446105153739,29.204939353872625,0.0,0.843582204300657,2,1,2,medium,High Cognitive Load,High Cognitive Load
L0284,284,F,Sports,14.58005201175213,7,comprehension,medium,immediate,0.0,0.3947554315361422,41.80083277517709,1.0,0.843582204300657,4,2,1,medium,High Cognitive Load,High Cognitive Load
L0284,284,F,Entertainment,10.968370683025029,8,factual_recall,medium,immediate,0.0,0.1682426474005361,26.76686436732792,0.0,0.843582204300657,3,1,1,medium,High Cognitive Load,High Cognitive Load
L0284,284,F,Entertainment,19.29213711013204,9,comprehension,easy,short_delay,0.0,0.3025084289366705,27.530485557014465,1.0,0.843582204300657,2,3,1,medium,High Cognitive Load,High Cognitive Load
L0285,285,F,News,16.78283771411962,0,factual_recall,hard,long_delay,0.0,0.47887969056684526,35.87317054480951,0.0,0.8379529726246023,4,3,2,medium,Low-Engagement,High Cognitive Load
L0285,285,F,World,14.062780980775903,1,reasoning,hard,immediate,0.0,0.30964554381901666,35.828911777073735,0.0,0.8379529726246023,2,1,2,medium,Low-Engagement,High Cognitive Load
L0285,285,F,Sports,15.296120910776143,2,inference,medium,short_delay,1.0,0.5101806663845283,35.528549471411935,0.0,0.8379529726246023,1,1,1,medium,Low-Engagement,High Cognitive Load
L0285,285,F,Sports,6.985326531101642,3,comprehension,easy,long_delay,0.0,0.3309344497491025,36.41867544207859,0.0,0.8379529726246023,2,0,0,medium,Low-Engagement,High Cognitive Load
L0285,285,F,World,14.749371353339736,4,inference,easy,long_delay,0.0,0.37097363667824707,26.68004516843979,1.0,0.8379529726246023,3,1,2,medium,Low-Engagement,High Cognitive Load
L0285,285,F,Sports,9.3541824340244,5,inference,hard,short_delay,0.0,0.28615828022578194,35.852306880241684,1.0,0.8379529726246023,0,3,2,medium,Low-Engagement,High Cognitive Load
L0285,285,F,World,10.297548202469448,6,comprehension,medium,immediate,0.0,0.43121502304987064,20.958013045596886,1.0,0.8379529726246023,0,1,2,medium,Low-Engagement,High Cognitive Load
L0285,285,F,News,17.894711122758828,7,comprehension,easy,long_delay,1.0,0.5777367912080772,39.604988867231825,0.0,0.8379529726246023,1,1,0,medium,Low-Engagement,High Cognitive Load
L0285,285,F,Cooking,14.621565919318705,8,inference,hard,short_delay,0.0,0.4772033986995816,26.178006464716958,0.0,0.8379529726246023,3,2,0,medium,Low-Engagement,High Cognitive Load
L0285,285,F,World,7.162821272665716,9,comprehension,hard,immediate,0.0,0.3969814912204196,44.42078264127133,1.0,0.8379529726246023,4,3,0,medium,Low-Engagement,High Cognitive Load
L0286,286,F,Sports,15.99536665136124,0,comprehension,easy,short_delay,1.0,0.5033053234963896,35.93294801843093,0.0,0.7989607310658231,2,3,0,medium,High Cognitive Load,High Cognitive Load
L0286,286,F,Cooking,17.146840621200987,1,inference,hard,long_delay,0.0,0.42956151348241456,32.50861404668971,0.0,0.7989607310658231,3,3,1,medium,High Cognitive Load,High Cognitive Load
L0286,286,F,Sports,11.07881872217065,2,inference,hard,long_delay,1.0,0.5249923668637926,19.155551431148687,0.0,0.7989607310658231,3,1,2,medium,High Cognitive Load,High Cognitive Load
L0286,286,F,Sports,14.433709050559242,3,reasoning,medium,short_delay,0.0,0.3289095227604361,42.041398865785204,0.0,0.7989607310658231,1,3,1,medium,High Cognitive Load,High Cognitive Load
L0286,286,F,Entertainment,19.805681221156025,4,comprehension,easy,short_delay,0.0,0.46762181500903727,52.541705311576905,0.0,0.7989607310658231,2,0,2,medium,High Cognitive Load,High Cognitive Load
L0286,286,F,Entertainment,14.028177462206653,5,factual_recall,hard,long_delay,1.0,0.6362480785688843,38.84343416026135,0.0,0.7989607310658231,2,2,0,medium,High Cognitive Load,High Cognitive Load
L0286,286,F,Entertainment,16.531164974697255,6,comprehension,easy,long_delay,0.0,0.4230451803186223,39.33056769085167,0.0,0.7989607310658231,1,3,2,medium,High Cognitive Load,High Cognitive Load
L0286,286,F,News,17.07726187037915,7,reasoning,medium,immediate,1.0,0.6711601952360132,33.539258515536034,0.0,0.7989607310658231,3,0,0,medium,High Cognitive Load,High Cognitive Load
L0286,286,F,Cooking,19.734226532158008,8,inference,medium,immediate,0.0,0.46964057367947143,44.26231279064514,0.0,0.7989607310658231,0,3,1,medium,High Cognitive Load,High Cognitive Load
L0286,286,F,Entertainment,9.096437253885123,9,factual_recall,easy,long_delay,0.0,0.44321901694248,34.6858270523218,0.0,0.7989607310658231,3,3,0,medium,High Cognitive Load,High Cognitive Load
L0287,287,F,Sports,18.054078633665497,0,comprehension,hard,long_delay,0.0,0.44430033481658926,35.89792771418036,0.0,0.7823158774587045,3,3,2,medium,High Cognitive Load,High Cognitive Load
L0287,287,F,News,12.893119467485244,1,reasoning,hard,long_delay,1.0,0.6574430129891642,27.66528722352897,0.0,0.7823158774587045,2,0,1,medium,High Cognitive Load,High Cognitive Load
L0287,287,F,News,6.210408663263576,2,reasoning,easy,short_delay,0.0,0.4774771386179096,38.82502772553984,1.0,0.7823158774587045,0,0,0,medium,High Cognitive Load,High Cognitive Load
L0287,287,F,Entertainment,10.856783796209234,3,factual_recall,easy,long_delay,0.0,0.49484998104827127,35.35810736747037,0.0,0.7823158774587045,0,0,2,medium,High Cognitive Load,High Cognitive Load
L0287,287,F,Cooking,14.704300784729554,4,factual_recall,hard,long_delay,0.0,0.4011295291238006,25.01592797136908,0.0,0.7823158774587045,1,2,2,medium,High Cognitive Load,High Cognitive Load
L0287,287,F,Cooking,14.413823045494574,5,factual_recall,easy,long_delay,1.0,0.5324460996518688,31.059695075090534,0.0,0.7823158774587045,2,2,0,medium,High Cognitive Load,High Cognitive Load
L0287,287,F,Entertainment,12.643515182633775,6,inference,medium,immediate,0.0,0.4452428863577299,39.964501613048675,0.0,0.7823158774587045,0,2,0,medium,High Cognitive Load,High Cognitive Load
L0287,287,F,News,11.51028527916013,7,inference,hard,immediate,0.0,0.23014764745441663,44.18394428651173,0.0,0.7823158774587045,3,1,2,medium,High Cognitive Load,High Cognitive Load
L0287,287,F,News,11.703186768439815,8,reasoning,medium,immediate,0.0,0.4073720959220619,27.78063014980853,1.0,0.7823158774587045,0,2,1,medium,High Cognitive Load,High Cognitive Load
L0287,287,F,Cooking,5.07918531433535,9,factual_recall,easy,long_delay,0.0,0.30801854517362603,26.220476040471624,0.0,0.7823158774587045,0,3,0,medium,High Cognitive Load,High Cognitive Load
L0288,288,F,Sports,17.054583683814904,0,factual_recall,hard,long_delay,0.0,0.30537430596495174,35.67106288925052,0.0,0.9243984280846278,2,2,1,medium,High Cognitive Load,High Cognitive Load
L0288,288,F,World,11.523927141645688,1,factual_recall,easy,short_delay,1.0,0.5870825716210568,26.580625710599406,1.0,0.9243984280846278,4,2,1,medium,High Cognitive Load,High Cognitive Load
L0288,288,F,Sports,10.881225769305093,2,inference,hard,short_delay,0.0,0.40581186195464786,24.303986788100367,0.0,0.9243984280846278,1,1,1,medium,High Cognitive Load,High Cognitive Load
L0288,288,F,Cooking,7.2109733252451065,3,reasoning,hard,long_delay,1.0,0.6023595777917766,33.360481282486944,0.0,0.9243984280846278,1,2,0,medium,High Cognitive Load,High Cognitive Load
L0288,288,F,Entertainment,11.48189174595802,4,reasoning,easy,short_delay,0.0,0.4099865564383009,30.251909903437827,0.0,0.9243984280846278,3,2,2,medium,High Cognitive Load,High Cognitive Load
L0288,288,F,Entertainment,11.355213738924409,5,factual_recall,medium,short_delay,0.0,0.49953044118483036,25.649479829548582,0.0,0.9243984280846278,0,3,1,medium,High Cognitive Load,High Cognitive Load
L0288,288,F,Cooking,11.906748218921093,6,inference,medium,long_delay,0.0,0.43093869014455644,34.716539082182514,0.0,0.9243984280846278,1,0,0,medium,High Cognitive Load,High Cognitive Load
L0288,288,F,Entertainment,15.619833655692723,7,inference,hard,immediate,0.0,0.24232894519460893,23.144746215217356,0.0,0.9243984280846278,3,1,0,medium,High Cognitive Load,High Cognitive Load
L0288,288,F,News,12.495264121893491,8,factual_recall,hard,short_delay,1.0,0.6586772251552784,36.00379038731617,1.0,0.9243984280846278,4,0,0,medium,High Cognitive Load,High Cognitive Load
L0288,288,F,News,18.665103613447396,9,reasoning,easy,immediate,0.0,0.3368695663773639,33.98138544802016,0.0,0.9243984280846278,1,0,0,medium,High Cognitive Load,High Cognitive Load
L0289,289,F,News,5.009407534429537,0,reasoning,medium,immediate,0.0,0.47606781421575156,37.78731159367445,0.0,0.7857559897069165,2,1,2,medium,High Cognitive Load,High Cognitive Load
L0289,289,F,Cooking,12.273369029690876,1,comprehension,hard,immediate,0.0,0.39799176892475674,26.447036496074396,0.0,0.7857559897069165,3,3,2,medium,High Cognitive Load,High Cognitive Load
L0289,289,F,Entertainment,11.699996182176518,2,factual_recall,hard,short_delay,1.0,0.6989383696509588,37.05677120564023,0.0,0.7857559897069165,0,1,2,medium,High Cognitive Load,High Cognitive Load
L0289,289,F,Sports,17.549908377016713,3,reasoning,hard,long_delay,0.0,0.47156463735712323,22.852879575694775,0.0,0.7857559897069165,1,3,1,medium,High Cognitive Load,High Cognitive Load
L0289,289,F,Sports,13.442585849901652,4,comprehension,easy,short_delay,1.0,0.7053691364641418,34.24733584342858,1.0,0.7857559897069165,3,3,2,medium,High Cognitive Load,High Cognitive Load
L0289,289,F,Cooking,11.17595956554694,5,reasoning,hard,immediate,0.0,0.3995846934117217,43.764896297013635,0.0,0.7857559897069165,4,1,2,medium,High Cognitive Load,High Cognitive Load
L0289,289,F,News,10.346650055453471,6,reasoning,medium,short_delay,1.0,0.6333095011026074,39.38043103195364,1.0,0.7857559897069165,4,3,0,medium,High Cognitive Load,High Cognitive Load
L0289,289,F,World,11.858768539381044,7,comprehension,hard,long_delay,0.0,0.46416040467281944,25.128399603272925,0.0,0.7857559897069165,1,3,0,medium,High Cognitive Load,High Cognitive Load
L0289,289,F,World,5.217352012921882,8,reasoning,hard,short_delay,1.0,0.5503986713454717,19.812908937303224,0.0,0.7857559897069165,4,1,0,medium,High Cognitive Load,High Cognitive Load
L0289,289,F,Entertainment,14.229710514761129,9,comprehension,easy,short_delay,0.0,0.303634682650914,38.97555664368615,0.0,0.7857559897069165,3,0,0,medium,High Cognitive Load,High Cognitive Load
L0290,290,F,Entertainment,12.757607610651403,0,inference,easy,immediate,0.0,0.3956642599140278,42.44092379022173,0.0,0.7915006097967623,4,1,2,medium,High Cognitive Load,High Cognitive Load
L0290,290,F,Entertainment,12.382014710566994,1,comprehension,easy,immediate,0.0,0.47877477065026397,33.26293526277992,0.0,0.7915006097967623,3,0,1,medium,High Cognitive Load,High Cognitive Load
L0290,290,F,Sports,10.282108263769189,2,inference,easy,long_delay,1.0,0.683018186448174,43.792968292407025,0.0,0.7915006097967623,3,2,0,medium,High Cognitive Load,High Cognitive Load
L0290,290,F,News,12.046368762279188,3,inference,easy,immediate,0.0,0.45657797860910154,27.832614990421668,0.0,0.7915006097967623,3,3,2,medium,High Cognitive Load,High Cognitive Load
L0290,290,F,News,12.495420703937803,4,comprehension,medium,long_delay,0.0,0.21928090954483617,42.746354474349886,0.0,0.7915006097967623,1,1,2,medium,High Cognitive Load,High Cognitive Load
L0290,290,F,World,7.266389896508245,5,comprehension,easy,short_delay,0.0,0.34033108201476464,32.74064877474106,0.0,0.7915006097967623,2,1,0,medium,High Cognitive Load,High Cognitive Load
L0290,290,F,Entertainment,15.108830066978232,6,inference,medium,long_delay,0.0,0.4814745434245096,23.416052752315792,0.0,0.7915006097967623,0,2,2,medium,High Cognitive Load,High Cognitive Load
L0290,290,F,Entertainment,16.20672284686171,7,inference,hard,short_delay,0.0,0.4611593711614437,39.74589360491899,0.0,0.7915006097967623,4,2,1,medium,High Cognitive Load,High Cognitive Load
L0290,290,F,Cooking,12.002707575262713,8,reasoning,easy,short_delay,1.0,0.6449346626775101,46.18034894891509,0.0,0.7915006097967623,4,1,2,medium,High Cognitive Load,High Cognitive Load
L0290,290,F,Cooking,10.774801276690555,9,inference,easy,long_delay,1.0,0.5652092758045648,31.7471850294723,0.0,0.7915006097967623,4,0,2,medium,High Cognitive Load,High Cognitive Load
L0291,291,F,Sports,14.477601687937712,0,factual_recall,medium,short_delay,0.0,0.2806819874911321,30.753200244471984,0.0,0.8637274830903269,2,1,0,medium,Low-Engagement,High Cognitive Load
L0291,291,F,Sports,6.640756293566942,1,comprehension,easy,short_delay,0.0,0.48027199735920395,40.25337166517062,0.0,0.8637274830903269,2,0,0,medium,Low-Engagement,High Cognitive Load
L0291,291,F,Cooking,7.472265086374409,2,comprehension,medium,long_delay,0.0,0.3641907852497822,22.86888567607705,1.0,0.8637274830903269,0,1,1,medium,Low-Engagement,High Cognitive Load
L0291,291,F,Cooking,13.744372221009575,3,reasoning,medium,short_delay,0.0,0.36102746486397985,42.92617472727433,0.0,0.8637274830903269,1,2,1,medium,Low-Engagement,High Cognitive Load
L0291,291,F,News,10.378658908599048,4,factual_recall,easy,immediate,1.0,0.6743417593575012,22.15856212141152,1.0,0.8637274830903269,1,3,0,medium,Low-Engagement,High Cognitive Load
L0291,291,F,Entertainment,5.994047906978585,5,inference,hard,immediate,0.0,0.4649125666142146,33.03386553139673,1.0,0.8637274830903269,0,3,0,medium,Low-Engagement,High Cognitive Load
L0291,291,F,World,18.995508584892452,6,comprehension,easy,immediate,0.0,0.4238953813783264,22.209337014661287,0.0,0.8637274830903269,0,3,1,medium,Low-Engagement,High Cognitive Load
L0291,291,F,Entertainment,12.77334617548932,7,comprehension,medium,short_delay,0.0,0.46019414703547445,26.549986704525256,0.0,0.8637274830903269,0,1,2,medium,Low-Engagement,High Cognitive Load
L0291,291,F,Cooking,13.024792102539223,8,reasoning,hard,immediate,1.0,0.5549088315395152,45.38133486883962,0.0,0.8637274830903269,4,3,2,medium,Low-Engagement,High Cognitive Load
L0291,291,F,Entertainment,12.939505548699547,9,factual_recall,medium,long_delay,0.0,0.36580746288558674,43.355662990677764,1.0,0.8637274830903269,1,3,1,medium,Low-Engagement,High Cognitive Load
L0292,292,F,Sports,11.072911636338448,0,comprehension,hard,short_delay,0.0,0.4465278884537841,41.848793093349514,0.0,0.770114820995618,2,0,0,medium,High Cognitive Load,High Cognitive Load
L0292,292,F,World,14.457672349390947,1,factual_recall,easy,long_delay,0.0,0.3984931398532662,17.804736473700324,1.0,0.770114820995618,1,2,0,medium,High Cognitive Load,High Cognitive Load
L0292,292,F,World,18.737922203646868,2,comprehension,medium,long_delay,1.0,0.540157438682399,46.934534610645116,0.0,0.770114820995618,1,3,2,medium,High Cognitive Load,High Cognitive Load
L0292,292,F,Entertainment,18.60148291412641,3,comprehension,hard,immediate,0.0,0.3924379973360241,35.81403101221093,1.0,0.770114820995618,0,0,0,medium,High Cognitive Load,High Cognitive Load
L0292,292,F,Entertainment,10.116343319226868,4,reasoning,hard,short_delay,1.0,0.5410179740353253,23.584119401558098,0.0,0.770114820995618,3,1,1,medium,High Cognitive Load,High Cognitive Load
L0292,292,F,Entertainment,5.112407722071872,5,factual_recall,hard,immediate,1.0,0.5213352171106842,27.41228398018103,0.0,0.770114820995618,1,2,0,medium,High Cognitive Load,High Cognitive Load
L0292,292,F,Entertainment,11.701317456991838,6,inference,easy,long_delay,0.0,0.4049701023104193,21.927290595879892,0.0,0.770114820995618,4,3,1,medium,High Cognitive Load,High Cognitive Load
L0292,292,F,News,8.93243077543768,7,comprehension,easy,short_delay,1.0,0.6695661109747563,38.06306362162834,0.0,0.770114820995618,0,0,2,medium,High Cognitive Load,High Cognitive Load
L0292,292,F,Entertainment,10.470877400070464,8,inference,medium,long_delay,0.0,0.36057184203318415,24.384686632061936,1.0,0.770114820995618,1,3,2,medium,High Cognitive Load,High Cognitive Load
L0292,292,F,Sports,5.212261063622538,9,inference,hard,short_delay,0.0,0.2809183096731887,39.01671224556759,0.0,0.770114820995618,3,3,0,medium,High Cognitive Load,High Cognitive Load
L0293,293,F,Cooking,10.607699009831705,0,inference,hard,short_delay,0.0,0.3984143613042188,36.5265701749194,1.0,0.751318810930958,4,3,1,medium,Needs Review,High Cognitive Load
L0293,293,F,Entertainment,17.91226267596295,1,reasoning,medium,immediate,0.0,0.4972875088061677,36.69153664828184,0.0,0.751318810930958,2,2,1,medium,Needs Review,High Cognitive Load
L0293,293,F,Sports,6.915487035301569,2,reasoning,medium,long_delay,0.0,0.422022821186804,21.60740105475825,0.0,0.751318810930958,1,1,0,medium,Needs Review,High Cognitive Load
L0293,293,F,Cooking,17.85607769186935,3,inference,hard,immediate,1.0,0.6188632369817775,41.43678449648921,0.0,0.751318810930958,0,1,1,medium,Needs Review,High Cognitive Load
L0293,293,F,News,8.902282273932423,4,reasoning,medium,immediate,1.0,0.5609964863285145,35.128989650610656,0.0,0.751318810930958,1,2,2,medium,Needs Review,High Cognitive Load
L0293,293,F,Entertainment,19.125776175548307,5,reasoning,medium,long_delay,0.0,0.4721205679445102,37.861131308068884,0.0,0.751318810930958,1,2,0,medium,Needs Review,High Cognitive Load
L0293,293,F,Sports,17.74380494459964,6,inference,medium,long_delay,0.0,0.21548125204447657,40.9586106789482,0.0,0.751318810930958,2,1,1,medium,Needs Review,High Cognitive Load
L0293,293,F,Sports,13.597768305953801,7,factual_recall,medium,long_delay,0.0,0.3669283645390656,28.864242245278675,0.0,0.751318810930958,1,0,0,medium,Needs Review,High Cognitive Load
L0293,293,F,World,10.681978294782654,8,comprehension,easy,long_delay,0.0,0.3842373208385201,45.07124551452655,1.0,0.751318810930958,3,2,1,medium,Needs Review,High Cognitive Load
L0293,293,F,Entertainment,8.51436014682917,9,factual_recall,hard,short_delay,0.0,0.3604060822022408,33.86565154330261,0.0,0.751318810930958,2,2,0,medium,Needs Review,High Cognitive Load
L0294,294,F,Entertainment,11.225283462375893,0,reasoning,hard,immediate,1.0,0.5944846869411368,33.63585517404239,0.0,0.8442628851989507,4,1,1,medium,High Cognitive Load,High Cognitive Load
L0294,294,F,World,16.277759078399207,1,factual_recall,hard,short_delay,0.0,0.47891746794501083,28.588945567652544,1.0,0.8442628851989507,3,2,1,medium,High Cognitive Load,High Cognitive Load
L0294,294,F,Sports,15.808174182161054,2,reasoning,easy,immediate,0.0,0.3930636324483758,30.097721848991718,0.0,0.8442628851989507,1,0,2,medium,High Cognitive Load,High Cognitive Load
L0294,294,F,News,15.990770776254854,3,factual_recall,medium,short_delay,0.0,0.328675200742205,41.78607860100344,1.0,0.8442628851989507,2,3,1,medium,High Cognitive Load,High Cognitive Load
L0294,294,F,Entertainment,6.825196684495119,4,inference,medium,short_delay,0.0,0.48533842569679225,31.611310092826237,0.0,0.8442628851989507,0,3,1,medium,High Cognitive Load,High Cognitive Load
L0294,294,F,Entertainment,11.52720082216821,5,factual_recall,easy,long_delay,0.0,0.43591550630905945,24.23165766050031,0.0,0.8442628851989507,4,3,1,medium,High Cognitive Load,High Cognitive Load
L0294,294,F,News,16.667457200499136,6,inference,easy,long_delay,0.0,0.43988193071829906,44.27659745209786,1.0,0.8442628851989507,4,0,1,medium,High Cognitive Load,High Cognitive Load
L0294,294,F,Cooking,8.891507402264583,7,comprehension,easy,short_delay,0.0,0.48150354205777174,27.460972062153445,0.0,0.8442628851989507,1,1,1,medium,High Cognitive Load,High Cognitive Load
L0294,294,F,Entertainment,14.510603722223706,8,reasoning,easy,immediate,1.0,0.5123266897493676,35.28197683045618,0.0,0.8442628851989507,3,1,0,medium,High Cognitive Load,High Cognitive Load
L0294,294,F,Sports,15.29771739403249,9,factual_recall,easy,long_delay,0.0,0.48236822689637643,38.92930468167561,0.0,0.8442628851989507,3,0,1,medium,High Cognitive Load,High Cognitive Load
L0295,295,F,Cooking,17.583183420582685,0,reasoning,easy,long_delay,0.0,0.4223475176682252,30.904905999292644,0.0,0.8331586188473248,4,3,0,medium,High Cognitive Load,High Cognitive Load
L0295,295,F,Cooking,14.175396330039401,1,inference,medium,immediate,0.0,0.429997377014254,38.61202816101104,0.0,0.8331586188473248,1,0,1,medium,High Cognitive Load,High Cognitive Load
L0295,295,F,Sports,9.507197643005444,2,inference,easy,long_delay,0.0,0.40752603080493643,35.15568555529958,0.0,0.8331586188473248,1,3,1,medium,High Cognitive Load,High Cognitive Load
L0295,295,F,Sports,6.841070819392571,3,inference,hard,immediate,1.0,0.6747250184259966,38.730956724153785,0.0,0.8331586188473248,0,1,2,medium,High Cognitive Load,High Cognitive Load
L0295,295,F,Entertainment,8.533476477052313,4,comprehension,hard,immediate,0.0,0.4000578895879267,32.70207148340185,0.0,0.8331586188473248,4,1,2,medium,High Cognitive Load,High Cognitive Load
L0295,295,F,World,7.629645638148678,5,comprehension,easy,short_delay,0.0,0.4909124572319122,49.90612309641217,0.0,0.8331586188473248,3,3,2,medium,High Cognitive Load,High Cognitive Load
L0295,295,F,Sports,16.59692984227659,6,reasoning,easy,immediate,0.0,0.14651638395249994,29.642078942887924,1.0,0.8331586188473248,0,3,1,medium,High Cognitive Load,High Cognitive Load
L0295,295,F,Entertainment,18.449234777831936,7,reasoning,medium,immediate,1.0,0.5488282060079828,56.53259770438572,0.0,0.8331586188473248,4,3,1,medium,High Cognitive Load,High Cognitive Load
L0295,295,F,Sports,15.883463123164109,8,factual_recall,easy,immediate,1.0,0.5921105768702923,44.93539133879309,0.0,0.8331586188473248,3,3,0,medium,High Cognitive Load,High Cognitive Load
L0295,295,F,Entertainment,17.995276752868453,9,reasoning,medium,long_delay,0.0,0.32375639650792537,41.65692229907458,0.0,0.8331586188473248,4,1,0,medium,High Cognitive Load,High Cognitive Load
L0296,296,F,Sports,7.610573481724271,0,comprehension,easy,immediate,0.0,0.3559051027627623,29.793792753677447,0.0,0.7568663554375501,0,0,1,medium,Needs Review,High Cognitive Load
L0296,296,F,Sports,6.08777868649185,1,inference,medium,short_delay,1.0,0.6132939718381412,26.19037409739071,1.0,0.7568663554375501,3,3,2,medium,Needs Review,High Cognitive Load
L0296,296,F,Cooking,6.257373469434416,2,reasoning,medium,long_delay,0.0,0.29270629553501404,32.728508047754694,0.0,0.7568663554375501,1,1,0,medium,Needs Review,High Cognitive Load
L0296,296,F,Sports,12.060364631710215,3,reasoning,hard,short_delay,1.0,0.7022127457817235,28.821537779741067,0.0,0.7568663554375501,1,2,2,medium,Needs Review,High Cognitive Load
L0296,296,F,News,6.583171400283502,4,reasoning,medium,immediate,1.0,0.6751245030989556,44.92709182920288,0.0,0.7568663554375501,4,3,0,medium,Needs Review,High Cognitive Load
L0296,296,F,Cooking,13.728833755745907,5,factual_recall,hard,immediate,1.0,0.7061666483843863,30.06856389016548,0.0,0.7568663554375501,2,3,0,medium,Needs Review,High Cognitive Load
L0296,296,F,Sports,8.117770461044644,6,factual_recall,hard,short_delay,0.0,0.49568417849813334,35.76513173277874,0.0,0.7568663554375501,0,3,1,medium,Needs Review,High Cognitive Load
L0296,296,F,Cooking,9.714276513523922,7,reasoning,medium,immediate,0.0,0.4090170218881807,42.864324164862744,0.0,0.7568663554375501,0,0,0,medium,Needs Review,High Cognitive Load
L0296,296,F,News,8.812267454318587,8,factual_recall,easy,immediate,0.0,0.49276155193818433,45.23873848276671,0.0,0.7568663554375501,0,2,1,medium,Needs Review,High Cognitive Load
L0296,296,F,Cooking,10.859153891522446,9,factual_recall,hard,immediate,1.0,0.5590301941262331,36.66847425483777,0.0,0.7568663554375501,0,0,0,medium,Needs Review,High Cognitive Load
L0297,297,F,Cooking,18.840988979988474,0,inference,hard,long_delay,0.0,0.37831984884394515,42.55443742317797,1.0,0.7866190911194052,2,3,1,medium,High Cognitive Load,High Cognitive Load
L0297,297,F,World,11.804668349199101,1,comprehension,hard,immediate,0.0,0.4025788414224877,24.967657085376572,1.0,0.7866190911194052,0,0,0,medium,High Cognitive Load,High Cognitive Load
L0297,297,F,Sports,11.809598757920035,2,reasoning,medium,short_delay,0.0,0.48582261136184923,36.02079386213804,0.0,0.7866190911194052,0,2,0,medium,High Cognitive Load,High Cognitive Load
L0297,297,F,Cooking,18.058471074539415,3,factual_recall,medium,short_delay,1.0,0.5993545208151981,33.05986584531213,1.0,0.7866190911194052,1,3,2,medium,High Cognitive Load,High Cognitive Load
L0297,297,F,Cooking,17.44770476034998,4,factual_recall,medium,immediate,0.0,0.18355237362670562,35.37023574405911,0.0,0.7866190911194052,3,0,1,medium,High Cognitive Load,High Cognitive Load
L0297,297,F,World,5.66338090607762,5,factual_recall,hard,short_delay,1.0,0.5247602545562191,27.087725721204002,0.0,0.7866190911194052,1,2,1,medium,High Cognitive Load,High Cognitive Load
L0297,297,F,World,11.293692316077884,6,inference,hard,immediate,0.0,0.43666180065678245,38.49506764840161,0.0,0.7866190911194052,3,3,2,medium,High Cognitive Load,High Cognitive Load
L0297,297,F,News,9.12099482650843,7,inference,medium,short_delay,1.0,0.5130866737318602,47.69029812411824,0.0,0.7866190911194052,2,0,1,medium,High Cognitive Load,High Cognitive Load
L0297,297,F,Entertainment,10.858770684442193,8,reasoning,medium,short_delay,1.0,0.5922652004713187,27.225145033468973,0.0,0.7866190911194052,3,3,1,medium,High Cognitive Load,High Cognitive Load
L0297,297,F,News,19.094629510127007,9,factual_recall,medium,short_delay,0.0,0.35938487090201104,36.51716417330579,0.0,0.7866190911194052,1,3,2,medium,High Cognitive Load,High Cognitive Load
L0298,298,F,Entertainment,19.721158134867494,0,reasoning,easy,immediate,0.0,0.3025285044778959,25.21910976601975,1.0,0.8417561331535689,1,0,2,medium,High Cognitive Load,High Cognitive Load
L0298,298,F,Sports,9.558069715714948,1,inference,medium,long_delay,0.0,0.4263409592828538,36.355733278107905,0.0,0.8417561331535689,3,3,1,medium,High Cognitive Load,High Cognitive Load
L0298,298,F,World,7.35027605921123,2,factual_recall,hard,immediate,1.0,0.6103523228793905,38.83907638465546,0.0,0.8417561331535689,0,3,1,medium,High Cognitive Load,High Cognitive Load
L0298,298,F,Sports,9.734975058345068,3,inference,medium,long_delay,0.0,0.45978493852934726,34.8907910406523,0.0,0.8417561331535689,3,1,0,medium,High Cognitive Load,High Cognitive Load
L0298,298,F,World,9.822910012873045,4,inference,hard,long_delay,0.0,0.4428449510883475,24.969097636081415,1.0,0.8417561331535689,4,1,2,medium,High Cognitive Load,High Cognitive Load
L0298,298,F,Entertainment,10.650036680032537,5,inference,hard,long_delay,1.0,0.536279659664122,27.009887778310933,1.0,0.8417561331535689,2,1,2,medium,High Cognitive Load,High Cognitive Load
L0298,298,F,Sports,13.790428937096012,6,inference,easy,immediate,0.0,0.4086002771198935,39.18013534685295,0.0,0.8417561331535689,3,1,2,medium,High Cognitive Load,High Cognitive Load
L0298,298,F,World,18.88081995449874,7,comprehension,easy,long_delay,0.0,0.4247120189060476,28.760965531230767,0.0,0.8417561331535689,1,2,0,medium,High Cognitive Load,High Cognitive Load
L0298,298,F,News,9.353563673284382,8,comprehension,easy,long_delay,0.0,0.33663905880821404,18.423862220092282,0.0,0.8417561331535689,0,0,0,medium,High Cognitive Load,High Cognitive Load
L0298,298,F,World,19.57895197140425,9,inference,easy,long_delay,1.0,0.6574584937159668,38.095826582312796,0.0,0.8417561331535689,2,2,1,medium,High Cognitive Load,High Cognitive Load
L0299,299,F,Entertainment,13.938202105674073,0,factual_recall,easy,short_delay,0.0,0.2619137603961583,22.877812162447487,0.0,0.9000013478002657,2,0,0,medium,Low-Engagement,High Cognitive Load
L0299,299,F,Cooking,19.697538956255695,1,reasoning,medium,short_delay,0.0,0.43167009433850123,39.99511405843032,0.0,0.9000013478002657,4,1,1,medium,Low-Engagement,High Cognitive Load
L0299,299,F,Sports,12.227583598692648,2,factual_recall,easy,long_delay,1.0,0.5242252252543289,27.929265425863758,0.0,0.9000013478002657,1,3,1,medium,Low-Engagement,High Cognitive Load
L0299,299,F,Cooking,16.36099187389457,3,factual_recall,hard,long_delay,0.0,0.4930317031181788,35.644107663345636,0.0,0.9000013478002657,3,0,0,medium,Low-Engagement,High Cognitive Load
L0299,299,F,Entertainment,18.244395149723612,4,comprehension,medium,long_delay,0.0,0.29665964075448464,34.300818461635956,1.0,0.9000013478002657,2,3,0,medium,Low-Engagement,High Cognitive Load
L0299,299,F,Sports,16.819523790726873,5,comprehension,hard,short_delay,0.0,0.3182009252515565,44.28525862329015,1.0,0.9000013478002657,4,1,2,medium,Low-Engagement,High Cognitive Load
L0299,299,F,Sports,15.214141092863905,6,comprehension,easy,short_delay,0.0,0.4844485946888138,36.9370402296027,1.0,0.9000013478002657,4,1,1,medium,Low-Engagement,High Cognitive Load
L0299,299,F,Sports,18.27649916470298,7,factual_recall,easy,long_delay,1.0,0.511301401652339,30.207185162875874,0.0,0.9000013478002657,2,0,1,medium,Low-Engagement,High Cognitive Load
L0299,299,F,Sports,15.064645286167337,8,inference,medium,immediate,0.0,0.31713553864646066,37.876741644353395,1.0,0.9000013478002657,0,0,1,medium,Low-Engagement,High Cognitive Load
L0299,299,F,Sports,9.391798389704672,9,comprehension,hard,long_delay,0.0,0.4971111166757972,52.13930591376783,0.0,0.9000013478002657,1,0,0,medium,Low-Engagement,High Cognitive Load
L0300,300,F,Sports,17.749023618599303,0,reasoning,easy,short_delay,1.0,0.7352403246846692,24.864632021516798,0.0,0.8186985324104116,0,3,0,medium,High Cognitive Load,High Cognitive Load
L0300,300,F,Entertainment,13.42074832070982,1,factual_recall,easy,short_delay,1.0,0.554288296531765,42.22188785564604,0.0,0.8186985324104116,2,0,0,medium,High Cognitive Load,High Cognitive Load
L0300,300,F,News,9.266419186771305,2,reasoning,hard,long_delay,1.0,0.561211789170951,34.65579186431541,0.0,0.8186985324104116,4,3,1,medium,High Cognitive Load,High Cognitive Load
L0300,300,F,World,8.331511561715363,3,comprehension,hard,long_delay,1.0,0.776462775292507,36.02446971811493,0.0,0.8186985324104116,4,1,2,medium,High Cognitive Load,High Cognitive Load
L0300,300,F,Entertainment,9.015821653658737,4,factual_recall,hard,long_delay,0.0,0.49614886466161434,34.661056558844805,0.0,0.8186985324104116,4,2,0,medium,High Cognitive Load,High Cognitive Load
L0300,300,F,Entertainment,8.078860339895435,5,comprehension,easy,short_delay,0.0,0.4643649043739176,46.08859543106373,1.0,0.8186985324104116,1,1,1,medium,High Cognitive Load,High Cognitive Load
L0300,300,F,Cooking,18.314120540580205,6,reasoning,easy,immediate,0.0,0.368495118073051,44.67553887949143,0.0,0.8186985324104116,4,0,2,medium,High Cognitive Load,High Cognitive Load
L0300,300,F,Sports,7.515983486692698,7,comprehension,medium,short_delay,0.0,0.39569377701271846,34.76886875476302,0.0,0.8186985324104116,3,2,2,medium,High Cognitive Load,High Cognitive Load
L0300,300,F,Entertainment,8.989619518706704,8,comprehension,hard,long_delay,0.0,0.2043475480142147,27.80796738869363,0.0,0.8186985324104116,3,1,1,medium,High Cognitive Load,High Cognitive Load
L0300,300,F,Entertainment,13.752335724235708,9,comprehension,hard,long_delay,1.0,0.544850800656789,42.39111284265631,0.0,0.8186985324104116,0,1,2,medium,High Cognitive Load,High Cognitive Load
L0301,301,F,Sports,8.122658455552921,0,comprehension,medium,long_delay,0.0,0.460267471715638,20.315957182863116,0.0,0.7199575762934004,2,0,2,medium,High Cognitive Load,High Cognitive Load
L0301,301,F,Cooking,10.657664335253198,1,reasoning,medium,long_delay,1.0,0.6370173365868387,49.72297539542292,0.0,0.7199575762934004,1,2,2,medium,High Cognitive Load,High Cognitive Load
L0301,301,F,News,18.888901724248594,2,reasoning,hard,short_delay,0.0,0.35696842438413473,42.41624529710042,0.0,0.7199575762934004,2,1,1,medium,High Cognitive Load,High Cognitive Load
L0301,301,F,Entertainment,13.295970113986506,3,inference,easy,long_delay,0.0,0.45989551769550624,50.0671022833375,1.0,0.7199575762934004,3,2,1,medium,High Cognitive Load,High Cognitive Load
L0301,301,F,Cooking,16.072186705483908,4,factual_recall,easy,short_delay,0.0,0.46982626911861314,41.992102024124286,0.0,0.7199575762934004,2,1,2,medium,High Cognitive Load,High Cognitive Load
L0301,301,F,Sports,8.762282843211022,5,comprehension,medium,long_delay,1.0,0.563055191019744,40.44291937353962,0.0,0.7199575762934004,1,0,0,medium,High Cognitive Load,High Cognitive Load
L0301,301,F,Cooking,8.136983632734907,6,inference,hard,immediate,0.0,0.4034626142660044,37.956285067362856,0.0,0.7199575762934004,2,3,2,medium,High Cognitive Load,High Cognitive Load
L0301,301,F,Entertainment,16.492354485663924,7,reasoning,medium,short_delay,0.0,0.3456739501853653,33.51177374750178,0.0,0.7199575762934004,3,0,2,medium,High Cognitive Load,High Cognitive Load
L0301,301,F,World,6.03443143391653,8,reasoning,medium,immediate,1.0,0.5184002581468481,39.096852655240774,0.0,0.7199575762934004,4,3,2,medium,High Cognitive Load,High Cognitive Load
L0301,301,F,Sports,12.368793601717462,9,reasoning,medium,immediate,0.0,0.3607935577154877,30.574140125007183,1.0,0.7199575762934004,4,0,0,medium,High Cognitive Load,High Cognitive Load
L0302,302,F,World,5.92192076044576,0,factual_recall,hard,immediate,1.0,0.734525583428221,31.053000112553526,0.0,0.8482776727206752,0,3,1,medium,High Cognitive Load,High Cognitive Load
L0302,302,F,Cooking,9.936113910926487,1,inference,medium,short_delay,0.0,0.4096485309475067,27.665355916303803,1.0,0.8482776727206752,1,3,0,medium,High Cognitive Load,High Cognitive Load
L0302,302,F,Entertainment,11.001014094042345,2,inference,hard,immediate,0.0,0.4330477815643809,30.54489919229595,0.0,0.8482776727206752,0,1,1,medium,High Cognitive Load,High Cognitive Load
L0302,302,F,World,7.711830356183628,3,reasoning,easy,long_delay,0.0,0.3723322079529451,24.638975526941792,0.0,0.8482776727206752,1,3,0,medium,High Cognitive Load,High Cognitive Load
L0302,302,F,Cooking,5.164678761111262,4,comprehension,easy,immediate,0.0,0.32606115626529664,45.8628664950053,0.0,0.8482776727206752,3,2,1,medium,High Cognitive Load,High Cognitive Load
L0302,302,F,News,10.666849467434691,5,inference,hard,immediate,0.0,0.3952247407689096,49.697211890576355,1.0,0.8482776727206752,0,1,0,medium,High Cognitive Load,High Cognitive Load
L0302,302,F,Cooking,13.95442701129609,6,inference,medium,short_delay,1.0,0.5298120834265485,19.513097972000583,0.0,0.8482776727206752,2,2,0,medium,High Cognitive Load,High Cognitive Load
L0302,302,F,World,7.1644553050891355,7,comprehension,easy,short_delay,1.0,0.5384953837619167,37.314109102804885,0.0,0.8482776727206752,4,0,0,medium,High Cognitive Load,High Cognitive Load
L0302,302,F,Cooking,5.021185807057278,8,factual_recall,easy,short_delay,0.0,0.4854815813624796,37.18153564284822,0.0,0.8482776727206752,3,2,2,medium,High Cognitive Load,High Cognitive Load
L0302,302,F,Cooking,13.397934530175382,9,reasoning,easy,short_delay,0.0,0.4145082143364108,36.67047031672106,0.0,0.8482776727206752,1,1,2,medium,High Cognitive Load,High Cognitive Load
L0303,303,F,Entertainment,11.961705566075619,0,factual_recall,easy,short_delay,1.0,0.5672913674832989,33.743209398430835,0.0,0.8043447075267852,1,3,0,medium,High Cognitive Load,High Cognitive Load
L0303,303,F,Cooking,5.021227224938869,1,inference,hard,immediate,1.0,0.5154272062225473,30.620357815959537,0.0,0.8043447075267852,2,2,1,medium,High Cognitive Load,High Cognitive Load
L0303,303,F,Entertainment,6.638294797244109,2,inference,medium,short_delay,1.0,0.5493207411068047,21.887400006701125,0.0,0.8043447075267852,3,1,2,medium,High Cognitive Load,High Cognitive Load
L0303,303,F,News,11.560724295840787,3,factual_recall,easy,long_delay,0.0,0.4561123783868497,32.816267997016816,0.0,0.8043447075267852,0,3,1,medium,High Cognitive Load,High Cognitive Load
L0303,303,F,Cooking,11.511849197763093,4,reasoning,easy,immediate,1.0,0.5563902673460992,39.13499957455969,0.0,0.8043447075267852,2,1,2,medium,High Cognitive Load,High Cognitive Load
L0303,303,F,Cooking,11.99031720828328,5,reasoning,hard,long_delay,0.0,0.2742382063895233,41.08806810999288,1.0,0.8043447075267852,4,1,0,medium,High Cognitive Load,High Cognitive Load
L0303,303,F,Cooking,17.850761503548593,6,reasoning,medium,short_delay,0.0,0.45397748642080543,23.806515346751834,1.0,0.8043447075267852,3,3,2,medium,High Cognitive Load,High Cognitive Load
L0303,303,F,Entertainment,15.863709849367218,7,factual_recall,easy,short_delay,1.0,0.5355617833293025,44.40260101061306,0.0,0.8043447075267852,1,3,1,medium,High Cognitive Load,High Cognitive Load
L0303,303,F,Cooking,16.438871396294342,8,factual_recall,easy,long_delay,0.0,0.48555594314951445,27.204633430962293,0.0,0.8043447075267852,3,0,1,medium,High Cognitive Load,High Cognitive Load
L0303,303,F,Cooking,18.002599631587533,9,reasoning,hard,short_delay,1.0,0.5814748387204843,34.0308148696427,1.0,0.8043447075267852,4,2,1,medium,High Cognitive Load,High Cognitive Load
L0304,304,F,Cooking,8.405082307659683,0,reasoning,hard,long_delay,0.0,0.3814819651082989,38.563184040317566,0.0,0.8258197412468415,2,1,2,medium,High Cognitive Load,High Cognitive Load
L0304,304,F,Cooking,8.961868049534313,1,factual_recall,medium,long_delay,1.0,0.6160574098626731,43.74727708100026,0.0,0.8258197412468415,0,2,2,medium,High Cognitive Load,High Cognitive Load
L0304,304,F,Sports,11.292535157273193,2,factual_recall,hard,short_delay,1.0,0.5657548877058033,34.29029575430372,0.0,0.8258197412468415,1,2,1,medium,High Cognitive Load,High Cognitive Load
L0304,304,F,Entertainment,18.538414480990372,3,factual_recall,hard,short_delay,0.0,0.2592371068247268,40.18327850513432,0.0,0.8258197412468415,2,1,2,medium,High Cognitive Load,High Cognitive Load
L0304,304,F,News,14.57267237219439,4,factual_recall,hard,long_delay,1.0,0.612038167630505,35.82523629246259,0.0,0.8258197412468415,0,1,0,medium,High Cognitive Load,High Cognitive Load
L0304,304,F,Cooking,15.388834939247374,5,factual_recall,easy,long_delay,1.0,0.5627241322558496,28.72768584230466,0.0,0.8258197412468415,3,2,1,medium,High Cognitive Load,High Cognitive Load
L0304,304,F,Sports,17.564340768579978,6,factual_recall,hard,immediate,0.0,0.4110645445079007,28.52775986068598,0.0,0.8258197412468415,4,0,0,medium,High Cognitive Load,High Cognitive Load
L0304,304,F,Cooking,6.591536602198505,7,comprehension,easy,short_delay,0.0,0.4405869726761129,40.69543413903288,0.0,0.8258197412468415,3,2,0,medium,High Cognitive Load,High Cognitive Load
L0304,304,F,News,5.512355816793313,8,factual_recall,medium,immediate,1.0,0.6170612449363825,29.91434619569479,0.0,0.8258197412468415,2,1,0,medium,High Cognitive Load,High Cognitive Load
L0304,304,F,World,13.187713246196433,9,inference,easy,long_delay,0.0,0.21341857010700563,22.803352492833923,0.0,0.8258197412468415,2,1,1,medium,High Cognitive Load,High Cognitive Load
L0305,305,F,News,17.449532460214343,0,factual_recall,hard,short_delay,0.0,0.23022868273859778,21.136297693102165,0.0,0.8863199526307594,3,3,1,medium,High Cognitive Load,High Cognitive Load
L0305,305,F,News,10.335628900815829,1,factual_recall,hard,short_delay,0.0,0.4064580936368765,23.784511620167,0.0,0.8863199526307594,1,2,1,medium,High Cognitive Load,High Cognitive Load
L0305,305,F,News,13.078547791806987,2,inference,hard,immediate,1.0,0.607184714743942,42.45558552218009,0.0,0.8863199526307594,2,0,1,medium,High Cognitive Load,High Cognitive Load
L0305,305,F,Sports,9.545188558691217,3,factual_recall,easy,short_delay,0.0,0.30214447278747775,24.162077719261745,0.0,0.8863199526307594,4,2,0,medium,High Cognitive Load,High Cognitive Load
L0305,305,F,World,19.601752731491768,4,inference,easy,immediate,1.0,0.6004680795906899,44.503716603849334,0.0,0.8863199526307594,4,3,2,medium,High Cognitive Load,High Cognitive Load
L0305,305,F,News,14.71179961536028,5,comprehension,hard,long_delay,0.0,0.31466484281187934,35.558326568804844,0.0,0.8863199526307594,4,3,0,medium,High Cognitive Load,High Cognitive Load
L0305,305,F,World,8.936459100064344,6,reasoning,hard,long_delay,0.0,0.3400150063098719,34.74183018708045,0.0,0.8863199526307594,3,0,1,medium,High Cognitive Load,High Cognitive Load
L0305,305,F,Cooking,10.248339425951512,7,comprehension,medium,long_delay,0.0,0.43233338665488186,37.37843396767566,0.0,0.8863199526307594,2,0,1,medium,High Cognitive Load,High Cognitive Load
L0305,305,F,Cooking,11.382073896151123,8,factual_recall,easy,short_delay,1.0,0.6748150882057123,28.59263731282583,0.0,0.8863199526307594,0,2,1,medium,High Cognitive Load,High Cognitive Load
L0305,305,F,Sports,16.3183937372937,9,reasoning,medium,short_delay,0.0,0.3731991364305221,36.102975371961534,0.0,0.8863199526307594,2,1,0,medium,High Cognitive Load,High Cognitive Load
L0306,306,F,World,13.99421741588626,0,factual_recall,hard,short_delay,1.0,0.5267527818042567,35.05280352179592,0.0,0.8691349959936754,4,0,2,medium,High Cognitive Load,High Cognitive Load
L0306,306,F,Entertainment,6.063429045622125,1,reasoning,medium,short_delay,1.0,0.6900051661939232,34.592540800684475,1.0,0.8691349959936754,3,2,0,medium,High Cognitive Load,High Cognitive Load
L0306,306,F,World,12.802990540992566,2,reasoning,medium,short_delay,1.0,0.576315568756388,24.576697010817398,0.0,0.8691349959936754,4,3,1,medium,High Cognitive Load,High Cognitive Load
L0306,306,F,Cooking,6.009776885811577,3,factual_recall,medium,short_delay,0.0,0.4251297731502487,42.26000075936521,0.0,0.8691349959936754,3,0,0,medium,High Cognitive Load,High Cognitive Load
L0306,306,F,News,7.84858109141412,4,inference,medium,immediate,1.0,0.5043685804591096,24.69313451915462,0.0,0.8691349959936754,3,0,0,medium,High Cognitive Load,High Cognitive Load
L0306,306,F,World,15.21402051582588,5,factual_recall,medium,immediate,1.0,0.6195237736992019,23.457838137106243,0.0,0.8691349959936754,1,3,2,medium,High Cognitive Load,High Cognitive Load
L0306,306,F,Entertainment,10.991006820011538,6,inference,hard,long_delay,0.0,0.3360032173181363,44.27762414725261,0.0,0.8691349959936754,0,3,1,medium,High Cognitive Load,High Cognitive Load
L0306,306,F,Sports,9.930775154407959,7,reasoning,medium,long_delay,1.0,0.6917090151739406,49.31684476634463,0.0,0.8691349959936754,2,0,2,medium,High Cognitive Load,High Cognitive Load
L0306,306,F,Sports,8.177831879305282,8,factual_recall,easy,short_delay,0.0,0.35704326795002156,29.662033870152055,0.0,0.8691349959936754,4,2,2,medium,High Cognitive Load,High Cognitive Load
L0306,306,F,News,10.13250762716942,9,inference,easy,long_delay,1.0,0.558033047188533,43.02487378924189,1.0,0.8691349959936754,4,1,0,medium,High Cognitive Load,High Cognitive Load
L0307,307,F,Sports,8.564706782323196,0,factual_recall,easy,short_delay,1.0,0.5424279808588482,36.760312378293875,0.0,0.9070313440078562,2,1,0,medium,High Cognitive Load,High Cognitive Load
L0307,307,F,News,19.516610935196212,1,reasoning,hard,short_delay,0.0,0.44424779568472844,50.463624299382005,0.0,0.9070313440078562,1,2,0,medium,High Cognitive Load,High Cognitive Load
L0307,307,F,Sports,8.310091726660621,2,factual_recall,hard,short_delay,0.0,0.3328042961095772,41.02436389649062,0.0,0.9070313440078562,1,3,2,medium,High Cognitive Load,High Cognitive Load
L0307,307,F,Sports,9.269549526876338,3,inference,easy,immediate,0.0,0.3908001906690821,35.36927584970449,0.0,0.9070313440078562,1,0,1,medium,High Cognitive Load,High Cognitive Load
L0307,307,F,World,19.296241914457422,4,comprehension,hard,long_delay,1.0,0.5945787846406216,33.569588169865284,0.0,0.9070313440078562,2,0,2,medium,High Cognitive Load,High Cognitive Load
L0307,307,F,Cooking,10.871613261238704,5,comprehension,medium,long_delay,1.0,0.5318502785771939,34.87701999150256,0.0,0.9070313440078562,2,1,0,medium,High Cognitive Load,High Cognitive Load
L0307,307,F,Cooking,7.245204569996728,6,comprehension,hard,immediate,0.0,0.4276000056746792,29.196821830861268,0.0,0.9070313440078562,0,2,1,medium,High Cognitive Load,High Cognitive Load
L0307,307,F,World,14.766591729377701,7,inference,hard,long_delay,1.0,0.6619875833394535,24.06637489969107,0.0,0.9070313440078562,2,3,0,medium,High Cognitive Load,High Cognitive Load
L0307,307,F,World,6.007866427711587,8,inference,hard,immediate,0.0,0.4311334456331026,37.469883120873426,0.0,0.9070313440078562,0,3,1,medium,High Cognitive Load,High Cognitive Load
L0307,307,F,Entertainment,18.934430358514035,9,inference,easy,immediate,1.0,0.568502155287739,30.731851893084993,0.0,0.9070313440078562,3,0,0,medium,High Cognitive Load,High Cognitive Load
L0308,308,F,News,11.369205778499612,0,reasoning,hard,immediate,0.0,0.49093613322023577,44.20236885676553,0.0,0.8330355092365112,4,2,1,medium,High Cognitive Load,High Cognitive Load
L0308,308,F,News,11.201556268061205,1,factual_recall,medium,immediate,0.0,0.4676166310293605,37.20265601808929,0.0,0.8330355092365112,3,2,1,medium,High Cognitive Load,High Cognitive Load
L0308,308,F,Sports,13.81064017912101,2,reasoning,easy,long_delay,0.0,0.1606471891970256,52.16334630100803,1.0,0.8330355092365112,1,2,0,medium,High Cognitive Load,High Cognitive Load
L0308,308,F,Sports,17.70895430899015,3,factual_recall,easy,long_delay,0.0,0.45999504936096774,29.974429403544054,0.0,0.8330355092365112,1,1,0,medium,High Cognitive Load,High Cognitive Load
L0308,308,F,Entertainment,14.553907861302957,4,reasoning,easy,short_delay,0.0,0.4319094752549693,25.51645513525418,1.0,0.8330355092365112,3,3,2,medium,High Cognitive Load,High Cognitive Load
L0308,308,F,Cooking,8.490004193854945,5,factual_recall,medium,short_delay,1.0,0.5536931703495428,34.91329594489364,0.0,0.8330355092365112,3,3,1,medium,High Cognitive Load,High Cognitive Load
L0308,308,F,News,12.936460300998881,6,reasoning,medium,short_delay,1.0,0.5367564370283284,32.009521102992124,0.0,0.8330355092365112,2,1,0,medium,High Cognitive Load,High Cognitive Load
L0308,308,F,World,8.11524522165364,7,inference,easy,short_delay,0.0,0.4789013413191978,15.277269524255228,0.0,0.8330355092365112,3,1,2,medium,High Cognitive Load,High Cognitive Load
L0308,308,F,Sports,12.034177143688504,8,factual_recall,medium,long_delay,0.0,0.4875796954086909,29.780953520068913,0.0,0.8330355092365112,3,1,1,medium,High Cognitive Load,High Cognitive Load
L0308,308,F,Cooking,13.86669120891995,9,factual_recall,medium,short_delay,1.0,0.6122859719075601,37.74868123043819,0.0,0.8330355092365112,2,3,2,medium,High Cognitive Load,High Cognitive Load
L0309,309,F,News,9.256802000849913,0,comprehension,medium,immediate,0.0,0.4597119990968227,41.995271290814856,0.0,0.8883842227049878,2,3,0,medium,High Cognitive Load,High Cognitive Load
L0309,309,F,World,13.668012763650278,1,factual_recall,hard,long_delay,1.0,0.5822995729272447,32.56652813926353,0.0,0.8883842227049878,4,0,1,medium,High Cognitive Load,High Cognitive Load
L0309,309,F,Cooking,14.767249085677353,2,factual_recall,medium,long_delay,1.0,0.605911613038628,42.646801882716346,0.0,0.8883842227049878,3,3,1,medium,High Cognitive Load,High Cognitive Load
L0309,309,F,News,15.694254261804485,3,comprehension,easy,short_delay,0.0,0.23916795656049664,32.22821481530224,0.0,0.8883842227049878,1,2,1,medium,High Cognitive Load,High Cognitive Load
L0309,309,F,Sports,7.388417337625961,4,factual_recall,hard,immediate,0.0,0.18867629245432455,36.94840880665276,1.0,0.8883842227049878,1,2,2,medium,High Cognitive Load,High Cognitive Load
L0309,309,F,News,17.74562714524513,5,factual_recall,medium,short_delay,1.0,0.589451094579734,36.6001796441172,0.0,0.8883842227049878,2,2,0,medium,High Cognitive Load,High Cognitive Load
L0309,309,F,Sports,18.612983824569834,6,inference,medium,immediate,1.0,0.5942888843959441,28.124487211010134,0.0,0.8883842227049878,2,2,1,medium,High Cognitive Load,High Cognitive Load
L0309,309,F,Entertainment,6.829511027540436,7,factual_recall,medium,long_delay,0.0,0.48079135395636724,29.05610171032806,1.0,0.8883842227049878,4,3,1,medium,High Cognitive Load,High Cognitive Load
L0309,309,F,Cooking,5.71702845380919,8,inference,medium,long_delay,0.0,0.49706592203245575,52.87287101425198,0.0,0.8883842227049878,0,3,2,medium,High Cognitive Load,High Cognitive Load
L0309,309,F,News,11.464252949136352,9,reasoning,medium,long_delay,1.0,0.5571657237699308,27.864913977806026,1.0,0.8883842227049878,4,1,0,medium,High Cognitive Load,High Cognitive Load
L0310,310,F,Entertainment,15.026244180904326,0,reasoning,easy,immediate,1.0,0.6960941594989892,33.25945936122338,1.0,0.8346728664963606,2,1,2,medium,Low-Engagement,High Cognitive Load
L0310,310,F,Entertainment,5.533949333615958,1,reasoning,easy,immediate,1.0,0.5068559003420956,34.26106911259696,0.0,0.8346728664963606,1,2,0,medium,Low-Engagement,High Cognitive Load
L0310,310,F,News,19.810736339715266,2,comprehension,easy,short_delay,1.0,0.5940596025172072,24.99064385552726,1.0,0.8346728664963606,1,2,1,medium,Low-Engagement,High Cognitive Load
L0310,310,F,Sports,5.115308628807192,3,factual_recall,hard,immediate,0.0,0.48275193930733173,46.0848289605658,1.0,0.8346728664963606,3,2,2,medium,Low-Engagement,High Cognitive Load
L0310,310,F,World,7.055311015859733,4,comprehension,medium,long_delay,0.0,0.40762035743859704,32.30199235112379,0.0,0.8346728664963606,3,1,0,medium,Low-Engagement,High Cognitive Load
L0310,310,F,News,9.514372042755147,5,reasoning,easy,immediate,0.0,0.3229035214026769,27.223258028773063,1.0,0.8346728664963606,4,0,2,medium,Low-Engagement,High Cognitive Load
L0310,310,F,News,10.78395884056058,6,factual_recall,hard,long_delay,0.0,0.4789668153597338,39.35728852186792,0.0,0.8346728664963606,2,2,1,medium,Low-Engagement,High Cognitive Load
L0310,310,F,Entertainment,12.663610320047841,7,comprehension,hard,short_delay,0.0,0.13038125544521917,35.88604886232267,0.0,0.8346728664963606,1,0,1,medium,Low-Engagement,High Cognitive Load
L0310,310,F,Entertainment,18.4080922832453,8,inference,medium,long_delay,0.0,0.48269604910694286,32.133321723779275,1.0,0.8346728664963606,0,1,1,medium,Low-Engagement,High Cognitive Load
L0310,310,F,Entertainment,9.352956829706052,9,inference,medium,short_delay,0.0,0.48784780715938364,31.287733075780476,0.0,0.8346728664963606,0,2,1,medium,Low-Engagement,High Cognitive Load
L0311,311,F,Sports,11.90711791912946,0,comprehension,hard,immediate,0.0,0.48871462621865414,45.80725147789653,0.0,0.868087985524872,0,0,0,medium,High Cognitive Load,High Cognitive Load
L0311,311,F,Cooking,5.712185508413398,1,inference,hard,immediate,0.0,0.434736921341186,39.33685832623594,0.0,0.868087985524872,2,3,2,medium,High Cognitive Load,High Cognitive Load
L0311,311,F,News,17.71392875157443,2,comprehension,hard,short_delay,0.0,0.4198267118468545,28.938860738639328,1.0,0.868087985524872,2,2,1,medium,High Cognitive Load,High Cognitive Load
L0311,311,F,Entertainment,13.098473793153225,3,factual_recall,medium,long_delay,1.0,0.5857681111170466,26.87444723853028,0.0,0.868087985524872,3,2,2,medium,High Cognitive Load,High Cognitive Load
L0311,311,F,Cooking,18.830739425736624,4,reasoning,hard,short_delay,0.0,0.47884735794434874,49.959107782770886,0.0,0.868087985524872,2,1,0,medium,High Cognitive Load,High Cognitive Load
L0311,311,F,Sports,10.377727360817433,5,comprehension,easy,long_delay,0.0,0.34533134731191584,26.6706832645121,0.0,0.868087985524872,4,3,1,medium,High Cognitive Load,High Cognitive Load
L0311,311,F,Cooking,6.259333630635899,6,inference,hard,short_delay,0.0,0.338411716416589,30.57384612879008,0.0,0.868087985524872,3,0,1,medium,High Cognitive Load,High Cognitive Load
L0311,311,F,Cooking,10.741025338000815,7,reasoning,hard,immediate,1.0,0.6316153575112714,37.980029108942915,0.0,0.868087985524872,3,0,0,medium,High Cognitive Load,High Cognitive Load
L0311,311,F,Cooking,11.292656487908717,8,comprehension,hard,immediate,0.0,0.3637486065613485,33.24897240738811,0.0,0.868087985524872,1,2,2,medium,High Cognitive Load,High Cognitive Load
L0311,311,F,Cooking,17.40465526897097,9,comprehension,hard,short_delay,0.0,0.4827277280501776,39.590441639164965,0.0,0.868087985524872,1,2,2,medium,High Cognitive Load,High Cognitive Load
L0312,312,F,News,9.024304241761891,0,factual_recall,easy,short_delay,0.0,0.3326829447557494,48.144788685278556,0.0,0.775098758773612,0,1,1,medium,High Cognitive Load,High Cognitive Load
L0312,312,F,Cooking,13.5016333621066,1,comprehension,hard,long_delay,1.0,0.6167409357873798,27.24617829521065,0.0,0.775098758773612,0,1,0,medium,High Cognitive Load,High Cognitive Load
L0312,312,F,Sports,18.61618028579929,2,inference,medium,immediate,0.0,0.34361660441815534,40.7672376995254,0.0,0.775098758773612,3,0,1,medium,High Cognitive Load,High Cognitive Load
L0312,312,F,World,7.219113418796537,3,inference,hard,long_delay,0.0,0.4168622329477968,43.0368869444764,0.0,0.775098758773612,4,0,0,medium,High Cognitive Load,High Cognitive Load
L0312,312,F,Entertainment,19.659453947973113,4,comprehension,hard,immediate,0.0,0.44531062731406,37.479182417922594,0.0,0.775098758773612,2,2,0,medium,High Cognitive Load,High Cognitive Load
L0312,312,F,Sports,14.010117696960707,5,inference,hard,immediate,1.0,0.5347536402037554,34.05975342251861,0.0,0.775098758773612,3,2,0,medium,High Cognitive Load,High Cognitive Load
L0312,312,F,World,14.915249518999495,6,factual_recall,medium,immediate,0.0,0.3477803590564346,52.00563228065734,0.0,0.775098758773612,1,3,1,medium,High Cognitive Load,High Cognitive Load
L0312,312,F,Entertainment,5.143207655510814,7,factual_recall,hard,short_delay,1.0,0.5673681625800328,34.88923684464515,0.0,0.775098758773612,2,3,0,medium,High Cognitive Load,High Cognitive Load
L0312,312,F,Cooking,10.616434094019825,8,comprehension,hard,immediate,0.0,0.3804400366136066,36.63262000026242,0.0,0.775098758773612,2,1,0,medium,High Cognitive Load,High Cognitive Load
L0312,312,F,Entertainment,14.688817332520578,9,factual_recall,easy,short_delay,0.0,0.43057233968923014,32.30778580897977,0.0,0.775098758773612,3,1,2,medium,High Cognitive Load,High Cognitive Load
L0313,313,F,Entertainment,11.010599566435152,0,reasoning,medium,immediate,0.0,0.3366302869906722,32.35495974562133,1.0,0.8139605908410514,0,0,2,medium,Low-Engagement,High Cognitive Load
L0313,313,F,Entertainment,6.627133865174207,1,comprehension,easy,short_delay,1.0,0.543618543193541,39.001389379543475,1.0,0.8139605908410514,2,0,1,medium,Low-Engagement,High Cognitive Load
L0313,313,F,News,5.404392715671519,2,factual_recall,easy,long_delay,1.0,0.5757161852526175,20.748591090105272,0.0,0.8139605908410514,4,3,1,medium,Low-Engagement,High Cognitive Load
L0313,313,F,Cooking,17.612604793889197,3,inference,medium,short_delay,1.0,0.5785494912297521,27.592143793933204,1.0,0.8139605908410514,0,0,1,medium,Low-Engagement,High Cognitive Load
L0313,313,F,World,17.983065530147773,4,reasoning,medium,short_delay,0.0,0.4084263742451235,19.754566834748964,0.0,0.8139605908410514,3,1,1,medium,Low-Engagement,High Cognitive Load
L0313,313,F,World,8.764490048997073,5,inference,medium,long_delay,0.0,0.31378271856439066,43.16951595040922,0.0,0.8139605908410514,1,3,2,medium,Low-Engagement,High Cognitive Load
L0313,313,F,News,15.859074258120213,6,comprehension,easy,short_delay,0.0,0.35224892197600577,33.718362080999846,0.0,0.8139605908410514,0,3,2,medium,Low-Engagement,High Cognitive Load
L0313,313,F,World,16.90547150635894,7,reasoning,easy,short_delay,0.0,0.484513281981768,39.57043962748989,0.0,0.8139605908410514,2,2,2,medium,Low-Engagement,High Cognitive Load
L0313,313,F,Sports,18.184540902261816,8,factual_recall,medium,long_delay,0.0,0.2524962629950572,35.507309458640606,0.0,0.8139605908410514,1,1,2,medium,Low-Engagement,High Cognitive Load
L0313,313,F,News,9.838458490190064,9,reasoning,hard,long_delay,1.0,0.6172259387356844,38.747800431298884,1.0,0.8139605908410514,2,2,0,medium,Low-Engagement,High Cognitive Load
L0314,314,F,News,5.437651354260378,0,inference,easy,long_delay,1.0,0.5775164392352254,28.903098479384475,0.0,0.7853641002991355,2,1,1,medium,High Cognitive Load,High Cognitive Load
L0314,314,F,Sports,8.604656555603219,1,comprehension,hard,long_delay,0.0,0.44779023349916264,32.04142248827888,0.0,0.7853641002991355,4,3,0,medium,High Cognitive Load,High Cognitive Load
L0314,314,F,Entertainment,11.730476934771277,2,reasoning,hard,short_delay,0.0,0.4167336668518707,26.883498529657608,0.0,0.7853641002991355,1,0,1,medium,High Cognitive Load,High Cognitive Load
L0314,314,F,World,19.00969849332607,3,comprehension,medium,short_delay,1.0,0.6135829069348041,50.69568514358424,0.0,0.7853641002991355,4,1,2,medium,High Cognitive Load,High Cognitive Load
L0314,314,F,Sports,17.285752249096404,4,factual_recall,medium,short_delay,0.0,0.29368132570353955,31.15095223450223,0.0,0.7853641002991355,4,2,1,medium,High Cognitive Load,High Cognitive Load
L0314,314,F,Sports,15.682771395816529,5,factual_recall,easy,immediate,1.0,0.6221065415557308,44.271578035439546,1.0,0.7853641002991355,1,0,1,medium,High Cognitive Load,High Cognitive Load
L0314,314,F,Cooking,8.593675057409511,6,reasoning,hard,immediate,0.0,0.3732772805344893,43.21738366861051,1.0,0.7853641002991355,3,3,2,medium,High Cognitive Load,High Cognitive Load
L0314,314,F,Cooking,10.660889885180747,7,reasoning,hard,short_delay,0.0,0.4694843832379212,37.903437911654905,0.0,0.7853641002991355,4,3,0,medium,High Cognitive Load,High Cognitive Load
L0314,314,F,World,9.58419375098619,8,factual_recall,medium,short_delay,0.0,0.4706184234510697,33.91456772746975,1.0,0.7853641002991355,0,2,2,medium,High Cognitive Load,High Cognitive Load
L0314,314,F,News,12.703512658635422,9,factual_recall,easy,long_delay,0.0,0.39874562117250056,36.550254776643044,0.0,0.7853641002991355,2,2,0,medium,High Cognitive Load,High Cognitive Load
L0315,315,F,Sports,19.161730258000674,0,comprehension,medium,short_delay,0.0,0.38481781595483433,34.37052322309852,0.0,0.8756673215972696,0,1,1,medium,Low-Engagement,High Cognitive Load
L0315,315,F,Cooking,8.646387777640507,1,factual_recall,medium,long_delay,0.0,0.4025889529609126,40.74289723956439,0.0,0.8756673215972696,1,1,1,medium,Low-Engagement,High Cognitive Load
L0315,315,F,Cooking,10.227612779757028,2,inference,easy,immediate,0.0,0.26948771036925856,36.50257319295481,0.0,0.8756673215972696,0,1,0,medium,Low-Engagement,High Cognitive Load
L0315,315,F,Entertainment,16.806225809857914,3,inference,hard,short_delay,0.0,0.44655834358785174,31.480330692488387,1.0,0.8756673215972696,4,1,2,medium,Low-Engagement,High Cognitive Load
L0315,315,F,News,14.401885762239937,4,inference,medium,immediate,0.0,0.4914324557712665,37.77174709420536,0.0,0.8756673215972696,1,2,0,medium,Low-Engagement,High Cognitive Load
L0315,315,F,News,6.2798938012677805,5,factual_recall,easy,immediate,0.0,0.21294081378636692,43.29578640398245,1.0,0.8756673215972696,1,1,2,medium,Low-Engagement,High Cognitive Load
L0315,315,F,World,5.04722601793998,6,reasoning,hard,long_delay,0.0,0.3215699542088266,34.13910711556649,1.0,0.8756673215972696,0,2,0,medium,Low-Engagement,High Cognitive Load
L0315,315,F,Sports,8.784314382920552,7,reasoning,easy,long_delay,0.0,0.27939267174079474,17.088502136528252,1.0,0.8756673215972696,4,3,0,medium,Low-Engagement,High Cognitive Load
L0315,315,F,News,8.964670373637787,8,inference,easy,long_delay,1.0,0.5446022684440491,44.181862337165256,0.0,0.8756673215972696,4,0,1,medium,Low-Engagement,High Cognitive Load
L0315,315,F,Cooking,10.538217995073884,9,reasoning,medium,long_delay,0.0,0.22051784718639406,38.20211724048247,1.0,0.8756673215972696,4,0,2,medium,Low-Engagement,High Cognitive Load
L0316,316,F,Sports,17.52070933099648,0,inference,easy,long_delay,0.0,0.37260007342111634,42.21362054509269,0.0,0.816956706812404,1,1,0,medium,High Cognitive Load,High Cognitive Load
L0316,316,F,Cooking,8.481829564054213,1,factual_recall,medium,short_delay,0.0,0.3845198784492635,36.57565398657037,0.0,0.816956706812404,1,0,2,medium,High Cognitive Load,High Cognitive Load
L0316,316,F,Cooking,10.79134426265457,2,factual_recall,easy,short_delay,1.0,0.6083187086875914,36.1427355402558,0.0,0.816956706812404,4,1,0,medium,High Cognitive Load,High Cognitive Load
L0316,316,F,News,8.527759228294633,3,inference,easy,short_delay,1.0,0.5024851371780418,43.20636918516736,1.0,0.816956706812404,1,1,2,medium,High Cognitive Load,High Cognitive Load
L0316,316,F,Entertainment,11.857088055137975,4,factual_recall,easy,long_delay,0.0,0.38349725435257587,41.74686974351831,0.0,0.816956706812404,3,3,2,medium,High Cognitive Load,High Cognitive Load
L0316,316,F,News,11.906759844622123,5,reasoning,hard,short_delay,0.0,0.33888047131734583,23.76385685942753,1.0,0.816956706812404,1,2,1,medium,High Cognitive Load,High Cognitive Load
L0316,316,F,News,16.64093562033543,6,inference,easy,long_delay,0.0,0.35902675216638297,26.327890833532507,0.0,0.816956706812404,1,3,2,medium,High Cognitive Load,High Cognitive Load
L0316,316,F,News,15.489110259740434,7,comprehension,hard,long_delay,0.0,0.43033737335581007,33.163868010596836,0.0,0.816956706812404,1,3,0,medium,High Cognitive Load,High Cognitive Load
L0316,316,F,Sports,16.121043068123992,8,comprehension,easy,long_delay,1.0,0.559580386476871,37.84778258424948,1.0,0.816956706812404,0,3,2,medium,High Cognitive Load,High Cognitive Load
L0316,316,F,Sports,14.32616091852379,9,factual_recall,easy,long_delay,0.0,0.34679025966915245,45.916605241786606,0.0,0.816956706812404,4,1,1,medium,High Cognitive Load,High Cognitive Load
L0317,317,F,Sports,17.754717778879936,0,comprehension,medium,long_delay,1.0,0.5308637719646312,31.266651443543232,0.0,0.7257560197436242,3,2,2,medium,Low-Engagement,High Cognitive Load
L0317,317,F,Entertainment,16.70181705301383,1,comprehension,hard,long_delay,0.0,0.4027943911692628,44.67237574884658,1.0,0.7257560197436242,2,2,2,medium,Low-Engagement,High Cognitive Load
L0317,317,F,News,8.89254900779542,2,factual_recall,easy,immediate,0.0,0.3912248270957381,27.669189095038266,0.0,0.7257560197436242,1,1,2,medium,Low-Engagement,High Cognitive Load
L0317,317,F,News,5.949146279528426,3,inference,medium,short_delay,1.0,0.5851805821491518,29.06014469297595,0.0,0.7257560197436242,4,2,0,medium,Low-Engagement,High Cognitive Load
L0317,317,F,Sports,17.451172400998324,4,reasoning,medium,short_delay,0.0,0.4114115798143678,33.97759411350321,1.0,0.7257560197436242,3,3,0,medium,Low-Engagement,High Cognitive Load
L0317,317,F,Cooking,14.058969692713838,5,comprehension,easy,immediate,0.0,0.46330231224877566,43.37440361767032,0.0,0.7257560197436242,1,3,1,medium,Low-Engagement,High Cognitive Load
L0317,317,F,World,7.824897721120763,6,comprehension,medium,short_delay,0.0,0.42616605516372963,25.63878864445116,1.0,0.7257560197436242,4,2,1,medium,Low-Engagement,High Cognitive Load
L0317,317,F,Cooking,15.780981991114912,7,factual_recall,hard,long_delay,1.0,0.5108870903211772,42.13187315310923,1.0,0.7257560197436242,0,1,2,medium,Low-Engagement,High Cognitive Load
L0317,317,F,Sports,9.06602479010783,8,inference,medium,short_delay,1.0,0.5751533906715115,34.56202324145618,0.0,0.7257560197436242,0,1,2,medium,Low-Engagement,High Cognitive Load
L0317,317,F,World,10.742284873094231,9,inference,medium,long_delay,1.0,0.550276254826956,31.530131811310927,0.0,0.7257560197436242,4,1,1,medium,Low-Engagement,High Cognitive Load
L0318,318,F,Sports,7.297389481520663,0,comprehension,medium,long_delay,0.0,0.3295947887784078,24.76764209325311,0.0,0.7797550535719375,3,0,1,medium,High Cognitive Load,High Cognitive Load
L0318,318,F,News,14.384078016945342,1,reasoning,hard,immediate,0.0,0.4348436195317407,24.830843831205428,0.0,0.7797550535719375,0,2,0,medium,High Cognitive Load,High Cognitive Load
L0318,318,F,News,18.943777996017808,2,inference,medium,short_delay,0.0,0.4533060869027386,35.97646851564469,0.0,0.7797550535719375,3,3,1,medium,High Cognitive Load,High Cognitive Load
L0318,318,F,Sports,15.54850911101017,3,inference,medium,short_delay,0.0,0.4395715084205583,33.147059315425196,0.0,0.7797550535719375,4,2,2,medium,High Cognitive Load,High Cognitive Load
L0318,318,F,World,7.2418283142370665,4,reasoning,medium,long_delay,1.0,0.6486187131644945,28.52780174749558,0.0,0.7797550535719375,4,0,0,medium,High Cognitive Load,High Cognitive Load
L0318,318,F,Entertainment,12.13871366205706,5,comprehension,easy,short_delay,0.0,0.43484287783466025,35.97481387219986,0.0,0.7797550535719375,3,3,1,medium,High Cognitive Load,High Cognitive Load
L0318,318,F,Entertainment,8.129478936660565,6,inference,hard,immediate,0.0,0.4396884870674757,36.67280075339983,1.0,0.7797550535719375,1,0,1,medium,High Cognitive Load,High Cognitive Load
L0318,318,F,Sports,14.783665526230926,7,reasoning,medium,short_delay,1.0,0.5478354574173047,29.320824982627872,0.0,0.7797550535719375,0,3,2,medium,High Cognitive Load,High Cognitive Load
L0318,318,F,Entertainment,10.326805145499854,8,comprehension,easy,long_delay,0.0,0.4294721005284959,30.849633404765903,0.0,0.7797550535719375,2,2,2,medium,High Cognitive Load,High Cognitive Load
L0318,318,F,Sports,19.555201694655622,9,inference,medium,short_delay,1.0,0.5147206882477041,36.73293239554313,0.0,0.7797550535719375,0,0,0,medium,High Cognitive Load,High Cognitive Load
L0319,319,F,Entertainment,9.001693993601561,0,comprehension,hard,short_delay,0.0,0.49887977569039244,26.533419769138106,0.0,0.8835888997637251,2,0,1,medium,High Cognitive Load,High Cognitive Load
L0319,319,F,Cooking,7.935879128192295,1,factual_recall,hard,short_delay,0.0,0.42249745065860705,28.048956373009037,0.0,0.8835888997637251,3,2,1,medium,High Cognitive Load,High Cognitive Load
L0319,319,F,Sports,9.653510253933655,2,reasoning,medium,long_delay,1.0,0.772684872350322,32.794656986954564,0.0,0.8835888997637251,2,2,0,medium,High Cognitive Load,High Cognitive Load
L0319,319,F,Cooking,6.701493333239815,3,factual_recall,easy,short_delay,0.0,0.3390510257289677,42.65906253983363,1.0,0.8835888997637251,1,1,2,medium,High Cognitive Load,High Cognitive Load
L0319,319,F,Cooking,19.892904152449393,4,inference,hard,short_delay,1.0,0.5428141560564904,36.86477390953027,0.0,0.8835888997637251,3,1,2,medium,High Cognitive Load,High Cognitive Load
L0319,319,F,Entertainment,9.81840464637523,5,inference,medium,long_delay,0.0,0.4791928446816829,33.34612090648088,0.0,0.8835888997637251,3,0,0,medium,High Cognitive Load,High Cognitive Load
L0319,319,F,World,10.342859557835986,6,reasoning,hard,short_delay,1.0,0.6914775539608127,45.977598408922674,0.0,0.8835888997637251,0,1,2,medium,High Cognitive Load,High Cognitive Load
L0319,319,F,Sports,7.242623236592205,7,factual_recall,hard,long_delay,0.0,0.4964099779097651,19.140561913503152,0.0,0.8835888997637251,4,3,2,medium,High Cognitive Load,High Cognitive Load
L0319,319,F,Cooking,7.059338347641939,8,inference,easy,immediate,1.0,0.5221386293994076,24.633438958711686,1.0,0.8835888997637251,1,1,1,medium,High Cognitive Load,High Cognitive Load
L0319,319,F,Cooking,15.992347886901042,9,inference,easy,immediate,1.0,0.510686037787711,15.027201639495594,0.0,0.8835888997637251,4,3,0,medium,High Cognitive Load,High Cognitive Load
L0320,320,F,News,10.248047241172095,0,factual_recall,medium,immediate,0.0,0.46133912397486143,36.50057262158239,1.0,0.8127213801850746,3,0,1,medium,High Cognitive Load,High Cognitive Load
L0320,320,F,Cooking,12.411540741943162,1,inference,hard,immediate,0.0,0.32217712155643546,21.941405600428,1.0,0.8127213801850746,0,1,1,medium,High Cognitive Load,High Cognitive Load
L0320,320,F,Entertainment,5.343442854656838,2,factual_recall,hard,immediate,0.0,0.3636549598138928,36.212626461238315,0.0,0.8127213801850746,1,1,0,medium,High Cognitive Load,High Cognitive Load
L0320,320,F,Cooking,8.501841289856886,3,comprehension,easy,long_delay,0.0,0.321051673634044,32.770157769707964,0.0,0.8127213801850746,1,3,2,medium,High Cognitive Load,High Cognitive Load
L0320,320,F,Cooking,7.71126161752499,4,inference,hard,short_delay,0.0,0.4656987035875861,36.44771271137992,0.0,0.8127213801850746,3,3,0,medium,High Cognitive Load,High Cognitive Load
L0320,320,F,News,6.930145103117697,5,reasoning,easy,immediate,0.0,0.4091065256730169,21.781866613936657,0.0,0.8127213801850746,0,1,2,medium,High Cognitive Load,High Cognitive Load
L0320,320,F,Sports,13.106781155435147,6,inference,medium,short_delay,0.0,0.4947360307995201,40.237725391484005,1.0,0.8127213801850746,3,3,2,medium,High Cognitive Load,High Cognitive Load
L0320,320,F,News,7.097809851470613,7,reasoning,easy,short_delay,0.0,0.342971899511098,32.61005685925141,0.0,0.8127213801850746,4,3,2,medium,High Cognitive Load,High Cognitive Load
L0320,320,F,Cooking,15.912011933163116,8,factual_recall,hard,immediate,0.0,0.4298932140281026,36.73690172289487,0.0,0.8127213801850746,3,1,1,medium,High Cognitive Load,High Cognitive Load
L0320,320,F,World,18.75148264221649,9,reasoning,medium,immediate,0.0,0.33557565299494596,20.039405911382303,0.0,0.8127213801850746,0,1,2,medium,High Cognitive Load,High Cognitive Load
L0321,321,F,World,16.68006246908769,0,inference,medium,long_delay,0.0,0.4272281206065116,44.19818072094803,0.0,0.9300747453226852,0,0,2,medium,High Cognitive Load,High Cognitive Load
L0321,321,F,World,19.496410048734393,1,reasoning,hard,short_delay,0.0,0.3842307044554304,47.474239098357536,0.0,0.9300747453226852,4,2,1,medium,High Cognitive Load,High Cognitive Load
L0321,321,F,Sports,7.3155268400725175,2,reasoning,medium,immediate,0.0,0.19912865454544265,49.17140210495029,1.0,0.9300747453226852,2,0,0,medium,High Cognitive Load,High Cognitive Load
L0321,321,F,Entertainment,10.048619982654367,3,comprehension,easy,immediate,0.0,0.340635361735677,52.716572399237734,0.0,0.9300747453226852,0,0,1,medium,High Cognitive Load,High Cognitive Load
L0321,321,F,News,11.119672884768649,4,inference,hard,long_delay,1.0,0.5133461932071125,32.58457711674118,0.0,0.9300747453226852,2,3,1,medium,High Cognitive Load,High Cognitive Load
L0321,321,F,Entertainment,15.845096500018755,5,factual_recall,medium,short_delay,1.0,0.5128650889909605,27.973856298079973,0.0,0.9300747453226852,4,2,0,medium,High Cognitive Load,High Cognitive Load
L0321,321,F,News,11.226170933181944,6,inference,hard,immediate,0.0,0.3718556121055726,49.6679182651059,0.0,0.9300747453226852,0,2,2,medium,High Cognitive Load,High Cognitive Load
L0321,321,F,World,17.953986791676346,7,factual_recall,hard,short_delay,0.0,0.37852129204402973,27.285647856466788,1.0,0.9300747453226852,3,0,1,medium,High Cognitive Load,High Cognitive Load
L0321,321,F,Sports,8.143485142277152,8,inference,medium,immediate,1.0,0.6731845281677596,26.771231246230137,0.0,0.9300747453226852,0,1,1,medium,High Cognitive Load,High Cognitive Load
L0321,321,F,Cooking,15.199840774487472,9,comprehension,hard,immediate,1.0,0.7735655715066173,26.954922525908145,1.0,0.9300747453226852,0,2,2,medium,High Cognitive Load,High Cognitive Load
L0322,322,F,Sports,17.687793842258152,0,comprehension,hard,short_delay,0.0,0.2698961281036031,37.42190380817584,1.0,0.8489884602687784,3,1,0,medium,Delayed Recall Weakness,High Cognitive Load
L0322,322,F,Entertainment,7.048141774522684,1,comprehension,hard,short_delay,0.0,0.4659382071745695,36.26228890709677,0.0,0.8489884602687784,4,1,1,medium,Delayed Recall Weakness,High Cognitive Load
L0322,322,F,News,11.571424517306422,2,inference,medium,long_delay,0.0,0.41554753734824673,37.063412726250284,0.0,0.8489884602687784,3,3,0,medium,Delayed Recall Weakness,High Cognitive Load
L0322,322,F,News,18.68978866899131,3,factual_recall,hard,immediate,1.0,0.5310822463013315,30.719117549308148,1.0,0.8489884602687784,1,0,2,medium,Delayed Recall Weakness,High Cognitive Load
L0322,322,F,Entertainment,5.455896288619464,4,comprehension,hard,immediate,1.0,0.5342103642437596,46.49789945049621,0.0,0.8489884602687784,3,1,0,medium,Delayed Recall Weakness,High Cognitive Load
L0322,322,F,News,7.40009274667106,5,reasoning,hard,long_delay,1.0,0.620039816675199,23.218529421440913,0.0,0.8489884602687784,2,2,2,medium,Delayed Recall Weakness,High Cognitive Load
L0322,322,F,Entertainment,6.327825396361664,6,comprehension,medium,long_delay,1.0,0.6105083200977987,30.276278546791538,1.0,0.8489884602687784,2,1,1,medium,Delayed Recall Weakness,High Cognitive Load
L0322,322,F,Cooking,19.881935381833603,7,inference,easy,immediate,0.0,0.4420434085451963,26.383143130953066,0.0,0.8489884602687784,2,3,1,medium,Delayed Recall Weakness,High Cognitive Load
L0322,322,F,Sports,15.746481545219062,8,comprehension,hard,short_delay,0.0,0.3366736628997137,33.3282144825868,0.0,0.8489884602687784,1,0,2,medium,Delayed Recall Weakness,High Cognitive Load
L0322,322,F,Cooking,11.9100177140227,9,factual_recall,medium,short_delay,0.0,0.35074723804527846,44.972531275183655,0.0,0.8489884602687784,4,1,2,medium,Delayed Recall Weakness,High Cognitive Load
L0323,323,F,News,10.601235210497249,0,inference,easy,long_delay,0.0,0.38260588495188474,35.655120349945975,0.0,0.7891073564348512,0,2,1,medium,High Cognitive Load,High Cognitive Load
L0323,323,F,Sports,17.114466026712986,1,reasoning,hard,long_delay,0.0,0.366163363154291,30.703392564536866,1.0,0.7891073564348512,3,1,2,medium,High Cognitive Load,High Cognitive Load
L0323,323,F,Cooking,18.706100849716826,2,reasoning,easy,long_delay,1.0,0.6776218163571005,47.99969311281538,0.0,0.7891073564348512,1,3,0,medium,High Cognitive Load,High Cognitive Load
L0323,323,F,World,15.952004594154209,3,inference,medium,long_delay,0.0,0.37287762908010774,29.904420386638716,0.0,0.7891073564348512,2,0,1,medium,High Cognitive Load,High Cognitive Load
L0323,323,F,News,9.871848166754113,4,factual_recall,hard,long_delay,1.0,0.6056205878934007,16.85820980100489,0.0,0.7891073564348512,1,2,1,medium,High Cognitive Load,High Cognitive Load
L0323,323,F,Sports,7.208418773079136,5,reasoning,easy,long_delay,0.0,0.32623349998061996,20.131476347935408,0.0,0.7891073564348512,3,3,1,medium,High Cognitive Load,High Cognitive Load
L0323,323,F,Sports,9.946070445680324,6,comprehension,hard,short_delay,1.0,0.5107948586632075,22.079509207091462,0.0,0.7891073564348512,1,0,2,medium,High Cognitive Load,High Cognitive Load
L0323,323,F,Sports,15.573911423432785,7,factual_recall,hard,immediate,0.0,0.4815011278356562,39.76556436159956,0.0,0.7891073564348512,4,0,0,medium,High Cognitive Load,High Cognitive Load
L0323,323,F,News,6.15566788971253,8,reasoning,medium,short_delay,1.0,0.5980042149906386,52.715740813156174,0.0,0.7891073564348512,3,0,0,medium,High Cognitive Load,High Cognitive Load
L0323,323,F,Sports,13.804700670664277,9,comprehension,medium,short_delay,1.0,0.5806054589508558,18.680314625984042,0.0,0.7891073564348512,2,2,1,medium,High Cognitive Load,High Cognitive Load
L0324,324,F,Sports,10.950639369416821,0,factual_recall,easy,immediate,1.0,0.5337213006764198,20.03796232611799,0.0,0.8147968724150503,0,0,2,medium,Low-Engagement,High Cognitive Load
L0324,324,F,News,5.368849244570393,1,comprehension,easy,short_delay,1.0,0.5740224522715778,33.49635209420438,0.0,0.8147968724150503,3,1,0,medium,Low-Engagement,High Cognitive Load
L0324,324,F,News,13.471821065567482,2,reasoning,medium,long_delay,0.0,0.3649501880808669,42.77027886967811,0.0,0.8147968724150503,1,2,0,medium,Low-Engagement,High Cognitive Load
L0324,324,F,World,9.134408936323672,3,comprehension,easy,long_delay,1.0,0.5633398511492426,38.59757953118194,1.0,0.8147968724150503,0,0,0,medium,Low-Engagement,High Cognitive Load
L0324,324,F,Sports,13.550724414526218,4,inference,medium,long_delay,0.0,0.38739194076844613,36.9362640590403,0.0,0.8147968724150503,3,3,1,medium,Low-Engagement,High Cognitive Load
L0324,324,F,World,11.11423814548123,5,factual_recall,hard,immediate,0.0,0.4519825924471895,34.94378754826813,0.0,0.8147968724150503,2,3,0,medium,Low-Engagement,High Cognitive Load
L0324,324,F,Sports,18.73621011181803,6,factual_recall,medium,long_delay,1.0,0.5304923691368829,37.47281474777349,1.0,0.8147968724150503,2,1,2,medium,Low-Engagement,High Cognitive Load
L0324,324,F,World,11.96273742190978,7,inference,hard,long_delay,1.0,0.55141636126536,27.04727058436865,0.0,0.8147968724150503,1,0,0,medium,Low-Engagement,High Cognitive Load
L0324,324,F,Cooking,18.12745447203977,8,reasoning,easy,long_delay,0.0,0.48819778876856695,41.24161455332225,1.0,0.8147968724150503,3,1,0,medium,Low-Engagement,High Cognitive Load
L0324,324,F,News,6.066240935369077,9,comprehension,hard,short_delay,0.0,0.3203333607560161,41.770451667377195,1.0,0.8147968724150503,2,1,1,medium,Low-Engagement,High Cognitive Load
L0325,325,F,Sports,7.222708998657834,0,factual_recall,medium,immediate,0.0,0.33389174859572157,38.60490019633379,0.0,0.7990117021431604,3,1,2,medium,High Cognitive Load,High Cognitive Load
L0325,325,F,Sports,9.585370922253285,1,reasoning,medium,immediate,1.0,0.5110006942102637,40.92399609142828,1.0,0.7990117021431604,1,0,1,medium,High Cognitive Load,High Cognitive Load
L0325,325,F,News,9.47003546673476,2,comprehension,hard,immediate,0.0,0.3597413075305307,19.737403385546983,0.0,0.7990117021431604,1,0,2,medium,High Cognitive Load,High Cognitive Load
L0325,325,F,Entertainment,8.76946994978462,3,comprehension,easy,immediate,0.0,0.2955920505142974,25.982213029200047,1.0,0.7990117021431604,4,1,1,medium,High Cognitive Load,High Cognitive Load
L0325,325,F,News,16.268117834890372,4,comprehension,medium,short_delay,0.0,0.3167069492497367,39.43909378363508,0.0,0.7990117021431604,1,3,2,medium,High Cognitive Load,High Cognitive Load
L0325,325,F,World,15.414730429186948,5,comprehension,easy,immediate,0.0,0.38146939668908425,36.69129873570583,0.0,0.7990117021431604,2,2,0,medium,High Cognitive Load,High Cognitive Load
L0325,325,F,Entertainment,18.751753354196346,6,factual_recall,medium,immediate,0.0,0.3923639017323871,42.81546362843616,1.0,0.7990117021431604,3,3,0,medium,High Cognitive Load,High Cognitive Load
L0325,325,F,Cooking,7.268742798372699,7,reasoning,hard,short_delay,0.0,0.48017431746642,22.647858971852905,0.0,0.7990117021431604,2,3,1,medium,High Cognitive Load,High Cognitive Load
L0325,325,F,World,7.210573635479982,8,reasoning,hard,immediate,0.0,0.4306052053568234,31.1987634160444,0.0,0.7990117021431604,4,2,1,medium,High Cognitive Load,High Cognitive Load
L0325,325,F,World,15.416880666653354,9,inference,hard,immediate,0.0,0.4944372952509246,32.62896050852502,0.0,0.7990117021431604,4,2,0,medium,High Cognitive Load,High Cognitive Load
L0326,326,F,Sports,12.75289842325665,0,inference,medium,short_delay,1.0,0.507447703594041,50.70338835176821,1.0,0.7190565020027365,1,0,2,medium,High Cognitive Load,High Cognitive Load
L0326,326,F,Cooking,12.829645512160972,1,factual_recall,medium,short_delay,0.0,0.3426913514052581,43.517806935075654,0.0,0.7190565020027365,0,0,1,medium,High Cognitive Load,High Cognitive Load
L0326,326,F,News,13.939639868698546,2,reasoning,easy,short_delay,0.0,0.37231012198590024,50.086973342083766,0.0,0.7190565020027365,4,1,0,medium,High Cognitive Load,High Cognitive Load
L0326,326,F,Cooking,10.926467289508516,3,factual_recall,hard,short_delay,1.0,0.5908451437369703,29.46934460265961,1.0,0.7190565020027365,3,0,0,medium,High Cognitive Load,High Cognitive Load
L0326,326,F,Cooking,15.17484659210688,4,reasoning,medium,long_delay,0.0,0.18801637854561618,22.359327468323897,0.0,0.7190565020027365,4,0,1,medium,High Cognitive Load,High Cognitive Load
L0326,326,F,Cooking,9.615963176201442,5,reasoning,hard,long_delay,0.0,0.4887002432600343,34.579027932216334,1.0,0.7190565020027365,0,2,2,medium,High Cognitive Load,High Cognitive Load
L0326,326,F,News,17.643943605873382,6,factual_recall,easy,long_delay,0.0,0.4882474356080981,41.43886908884538,0.0,0.7190565020027365,1,1,0,medium,High Cognitive Load,High Cognitive Load
L0326,326,F,Entertainment,15.6494140769089,7,comprehension,hard,immediate,0.0,0.3517458027779092,20.1619991510647,0.0,0.7190565020027365,2,0,0,medium,High Cognitive Load,High Cognitive Load
L0326,326,F,News,5.852560168608079,8,inference,medium,long_delay,0.0,0.3963594814900774,27.58834520538826,0.0,0.7190565020027365,0,1,1,medium,High Cognitive Load,High Cognitive Load
L0326,326,F,Cooking,19.259922556156795,9,reasoning,hard,short_delay,1.0,0.5965256162581541,28.476839255897005,0.0,0.7190565020027365,2,3,0,medium,High Cognitive Load,High Cognitive Load
L0327,327,F,Cooking,9.938089101153741,0,comprehension,easy,short_delay,0.0,0.38373776297303536,21.129430952163396,0.0,0.7332514598028422,4,0,1,medium,High Cognitive Load,High Cognitive Load
L0327,327,F,Entertainment,9.131073789123695,1,reasoning,hard,long_delay,1.0,0.6337957752066844,41.67168422224456,1.0,0.7332514598028422,3,1,1,medium,High Cognitive Load,High Cognitive Load
L0327,327,F,Entertainment,6.127017824251584,2,inference,medium,immediate,0.0,0.4291955341558735,20.70518985857713,1.0,0.7332514598028422,3,2,2,medium,High Cognitive Load,High Cognitive Load
L0327,327,F,Entertainment,17.735836289873202,3,inference,medium,immediate,1.0,0.5587040471380297,28.39100605136031,0.0,0.7332514598028422,3,0,0,medium,High Cognitive Load,High Cognitive Load
L0327,327,F,Cooking,8.698751376008108,4,comprehension,easy,long_delay,1.0,0.5521265145270213,35.650354980588325,0.0,0.7332514598028422,1,2,2,medium,High Cognitive Load,High Cognitive Load
L0327,327,F,Cooking,16.150020349163892,5,factual_recall,easy,long_delay,0.0,0.3962083378538117,55.163352639218616,0.0,0.7332514598028422,0,2,0,medium,High Cognitive Load,High Cognitive Load
L0327,327,F,News,11.801755470482188,6,comprehension,medium,immediate,0.0,0.29598930286080183,41.52800862682827,1.0,0.7332514598028422,0,3,2,medium,High Cognitive Load,High Cognitive Load
L0327,327,F,World,18.874090208200016,7,factual_recall,easy,immediate,0.0,0.31178180051316445,31.140882123066778,0.0,0.7332514598028422,2,2,0,medium,High Cognitive Load,High Cognitive Load
L0327,327,F,Cooking,14.226160557886642,8,comprehension,medium,short_delay,1.0,0.6242000451028897,35.22651436808184,0.0,0.7332514598028422,4,2,1,medium,High Cognitive Load,High Cognitive Load
L0327,327,F,World,5.8930266332642525,9,factual_recall,hard,long_delay,0.0,0.4682084894301855,42.35767373281817,0.0,0.7332514598028422,0,3,2,medium,High Cognitive Load,High Cognitive Load
L0328,328,F,Sports,18.641023107094647,0,comprehension,medium,long_delay,0.0,0.4405110221684597,23.234606828628856,0.0,0.8048397337728715,2,1,1,medium,High Cognitive Load,High Cognitive Load
L0328,328,F,World,9.666623303038971,1,inference,medium,long_delay,1.0,0.5515459623786467,28.44644755205615,0.0,0.8048397337728715,4,0,2,medium,High Cognitive Load,High Cognitive Load
L0328,328,F,News,18.316312201025045,2,inference,hard,short_delay,1.0,0.5011028838703862,39.08321417054568,0.0,0.8048397337728715,1,1,1,medium,High Cognitive Load,High Cognitive Load
L0328,328,F,World,12.52831350627012,3,comprehension,medium,long_delay,0.0,0.33865878413500344,31.239977920756385,0.0,0.8048397337728715,2,3,0,medium,High Cognitive Load,High Cognitive Load
L0328,328,F,Cooking,14.245764888864047,4,comprehension,easy,long_delay,1.0,0.5447450673310646,36.2444618461438,1.0,0.8048397337728715,4,1,1,medium,High Cognitive Load,High Cognitive Load
L0328,328,F,News,11.099531093012198,5,reasoning,hard,long_delay,0.0,0.24857927400778027,46.436397061482225,0.0,0.8048397337728715,0,0,1,medium,High Cognitive Load,High Cognitive Load
L0328,328,F,Sports,11.237494125924158,6,factual_recall,medium,short_delay,0.0,0.4115493781278808,40.23702286130738,0.0,0.8048397337728715,0,3,1,medium,High Cognitive Load,High Cognitive Load
L0328,328,F,Sports,7.026247348311843,7,factual_recall,easy,immediate,0.0,0.31295419474996194,31.250541199541537,0.0,0.8048397337728715,3,1,2,medium,High Cognitive Load,High Cognitive Load
L0328,328,F,Sports,19.646793037059,8,factual_recall,medium,long_delay,0.0,0.3471475866635133,33.93024416479368,0.0,0.8048397337728715,1,1,1,medium,High Cognitive Load,High Cognitive Load
L0328,328,F,Sports,15.00004050678375,9,factual_recall,hard,short_delay,1.0,0.6811903533647479,39.24484807828642,0.0,0.8048397337728715,2,3,1,medium,High Cognitive Load,High Cognitive Load
L0329,329,F,Sports,8.941709985717857,0,comprehension,easy,long_delay,1.0,0.5780411273943243,30.210144015392117,0.0,0.8238752936643187,1,1,1,medium,High Cognitive Load,High Cognitive Load
L0329,329,F,Sports,19.960095673554193,1,factual_recall,easy,short_delay,1.0,0.5348770546250806,33.92615147589297,0.0,0.8238752936643187,3,1,2,medium,High Cognitive Load,High Cognitive Load
L0329,329,F,World,11.627630288616615,2,inference,easy,immediate,1.0,0.6290391996898331,27.67453043860991,0.0,0.8238752936643187,4,3,0,medium,High Cognitive Load,High Cognitive Load
L0329,329,F,World,8.560711285266365,3,comprehension,medium,immediate,0.0,0.3690581454324512,35.278318787643435,0.0,0.8238752936643187,2,1,0,medium,High Cognitive Load,High Cognitive Load
L0329,329,F,News,18.83149956660864,4,inference,easy,immediate,1.0,0.5520971264848026,37.15739056350472,0.0,0.8238752936643187,0,3,0,medium,High Cognitive Load,High Cognitive Load
L0329,329,F,World,15.917381660054843,5,reasoning,hard,immediate,0.0,0.3176840857785434,35.20828050105916,0.0,0.8238752936643187,1,2,2,medium,High Cognitive Load,High Cognitive Load
L0329,329,F,Cooking,12.170212254729027,6,comprehension,hard,short_delay,1.0,0.5351110374873475,31.20688842155267,0.0,0.8238752936643187,4,0,1,medium,High Cognitive Load,High Cognitive Load
L0329,329,F,Entertainment,12.127684457481077,7,factual_recall,medium,short_delay,1.0,0.6473024734788525,31.074273914349078,0.0,0.8238752936643187,2,3,0,medium,High Cognitive Load,High Cognitive Load
L0329,329,F,World,7.710266402332582,8,comprehension,easy,long_delay,1.0,0.5098057803734538,37.761364735866984,0.0,0.8238752936643187,1,3,0,medium,High Cognitive Load,High Cognitive Load
L0329,329,F,Cooking,14.891826970593435,9,inference,medium,long_delay,1.0,0.6494173940332489,33.72570455719868,0.0,0.8238752936643187,1,0,0,medium,High Cognitive Load,High Cognitive Load
L0330,330,F,Sports,18.177249186255445,0,reasoning,medium,long_delay,1.0,0.6165314505934264,51.525935980001194,0.0,0.8682610178561474,3,1,1,medium,High Cognitive Load,High Cognitive Load
L0330,330,F,Sports,19.810173681385823,1,inference,medium,short_delay,0.0,0.3686950959195673,34.57419665701557,0.0,0.8682610178561474,3,3,0,medium,High Cognitive Load,High Cognitive Load
L0330,330,F,Sports,9.416804525055346,2,comprehension,easy,long_delay,1.0,0.7385380102402931,28.164051027310173,0.0,0.8682610178561474,1,3,1,medium,High Cognitive Load,High Cognitive Load
L0330,330,F,News,15.712951508385395,3,inference,hard,immediate,0.0,0.3644864513789299,30.58632562510637,1.0,0.8682610178561474,4,0,1,medium,High Cognitive Load,High Cognitive Load
L0330,330,F,News,19.344259244342975,4,reasoning,easy,immediate,0.0,0.3653534185617856,38.77059505383618,0.0,0.8682610178561474,1,1,1,medium,High Cognitive Load,High Cognitive Load
L0330,330,F,Sports,12.98803190918591,5,inference,easy,short_delay,1.0,0.5147988997792575,38.88761349324343,0.0,0.8682610178561474,2,3,2,medium,High Cognitive Load,High Cognitive Load
L0330,330,F,World,19.48021375492039,6,factual_recall,medium,long_delay,1.0,0.502987488527369,36.65180825534216,0.0,0.8682610178561474,4,3,1,medium,High Cognitive Load,High Cognitive Load
L0330,330,F,Entertainment,18.210168017625403,7,comprehension,medium,short_delay,0.0,0.4586178270612017,28.203971423433128,0.0,0.8682610178561474,1,1,2,medium,High Cognitive Load,High Cognitive Load
L0330,330,F,News,18.616221116189763,8,factual_recall,easy,short_delay,1.0,0.5481901305572624,43.86918495955239,1.0,0.8682610178561474,0,1,2,medium,High Cognitive Load,High Cognitive Load
L0330,330,F,Entertainment,14.516681860300187,9,inference,medium,immediate,0.0,0.4803156051003955,50.49592525350622,0.0,0.8682610178561474,4,3,1,medium,High Cognitive Load,High Cognitive Load
L0331,331,F,World,5.366783276091099,0,comprehension,medium,short_delay,0.0,0.21595803715287526,38.020028690811124,0.0,0.8797600156117936,0,1,2,medium,Low-Engagement,High Cognitive Load
L0331,331,F,Entertainment,14.447388194876135,1,factual_recall,medium,immediate,1.0,0.5074322084097909,40.82835178738218,1.0,0.8797600156117936,0,3,0,medium,Low-Engagement,High Cognitive Load
L0331,331,F,World,9.990576112336345,2,reasoning,medium,long_delay,0.0,0.39278964161984786,36.751380967456505,0.0,0.8797600156117936,3,0,1,medium,Low-Engagement,High Cognitive Load
L0331,331,F,Sports,17.485984291017616,3,inference,hard,long_delay,0.0,0.22137450434031164,39.01953188165379,1.0,0.8797600156117936,2,2,1,medium,Low-Engagement,High Cognitive Load
L0331,331,F,Entertainment,17.12057643625937,4,comprehension,hard,short_delay,0.0,0.3330468693057102,19.539833548215483,1.0,0.8797600156117936,2,1,1,medium,Low-Engagement,High Cognitive Load
L0331,331,F,Sports,11.656564776006531,5,reasoning,hard,short_delay,0.0,0.44567446928425575,27.078280084673565,0.0,0.8797600156117936,0,2,1,medium,Low-Engagement,High Cognitive Load
L0331,331,F,Sports,16.583794176610144,6,comprehension,hard,immediate,0.0,0.46217750750044695,45.92837601905694,1.0,0.8797600156117936,2,3,1,medium,Low-Engagement,High Cognitive Load
L0331,331,F,Cooking,11.858955896504636,7,inference,medium,short_delay,1.0,0.5388005346616135,32.7623334228685,0.0,0.8797600156117936,2,2,1,medium,Low-Engagement,High Cognitive Load
L0331,331,F,Sports,7.934191020551836,8,reasoning,hard,short_delay,1.0,0.5469621881453935,52.78483131788667,0.0,0.8797600156117936,1,3,2,medium,Low-Engagement,High Cognitive Load
L0331,331,F,Sports,17.319021721969555,9,reasoning,hard,short_delay,0.0,0.2643942044127335,24.77262070734666,1.0,0.8797600156117936,3,2,0,medium,Low-Engagement,High Cognitive Load
L0332,332,F,News,7.686781316151361,0,reasoning,medium,short_delay,1.0,0.5241090789674403,35.72150909863924,0.0,0.7719936947825411,0,0,2,medium,High Cognitive Load,High Cognitive Load
L0332,332,F,Sports,15.091925818714351,1,factual_recall,hard,immediate,1.0,0.6372483359002359,45.25801809611802,0.0,0.7719936947825411,3,2,0,medium,High Cognitive Load,High Cognitive Load
L0332,332,F,World,16.945474262197106,2,reasoning,medium,immediate,0.0,0.40718305911323355,26.119509902779203,0.0,0.7719936947825411,1,2,0,medium,High Cognitive Load,High Cognitive Load
L0332,332,F,Cooking,18.266127911911294,3,inference,medium,immediate,0.0,0.3633181428020447,31.473240587717157,1.0,0.7719936947825411,4,2,1,medium,High Cognitive Load,High Cognitive Load
L0332,332,F,World,7.9279183613014075,4,factual_recall,easy,short_delay,0.0,0.2719795913829022,48.686784642938235,1.0,0.7719936947825411,0,1,2,medium,High Cognitive Load,High Cognitive Load
L0332,332,F,News,11.55910633151443,5,inference,easy,short_delay,0.0,0.479363000207222,26.403155815268097,0.0,0.7719936947825411,4,2,2,medium,High Cognitive Load,High Cognitive Load
L0332,332,F,Entertainment,11.799980475442842,6,factual_recall,easy,immediate,1.0,0.5975120977219823,34.7243349376178,0.0,0.7719936947825411,0,1,2,medium,High Cognitive Load,High Cognitive Load
L0332,332,F,Sports,13.278329909587704,7,comprehension,hard,long_delay,1.0,0.6035192787263786,40.05064484566179,0.0,0.7719936947825411,0,0,0,medium,High Cognitive Load,High Cognitive Load
L0332,332,F,Sports,11.913982239845552,8,comprehension,medium,immediate,1.0,0.6154126488308275,35.66158844259857,0.0,0.7719936947825411,2,1,0,medium,High Cognitive Load,High Cognitive Load
L0332,332,F,News,6.616496283418348,9,comprehension,hard,short_delay,0.0,0.4998487935594118,44.19534005295776,0.0,0.7719936947825411,4,0,0,medium,High Cognitive Load,High Cognitive Load
L0333,333,F,World,6.901872431535109,0,reasoning,easy,short_delay,0.0,0.44068900527024285,29.288723350429272,0.0,0.8007853901308091,2,0,1,medium,High Cognitive Load,High Cognitive Load
L0333,333,F,Sports,18.342832973201897,1,reasoning,medium,long_delay,1.0,0.5243707604637152,31.601262972564623,0.0,0.8007853901308091,4,2,1,medium,High Cognitive Load,High Cognitive Load
L0333,333,F,Sports,16.38373545181344,2,comprehension,hard,short_delay,0.0,0.462776798194311,31.7974340418061,0.0,0.8007853901308091,4,3,1,medium,High Cognitive Load,High Cognitive Load
L0333,333,F,Sports,17.332211338821413,3,factual_recall,medium,short_delay,1.0,0.5237672825262443,33.040652204601365,0.0,0.8007853901308091,4,1,0,medium,High Cognitive Load,High Cognitive Load
L0333,333,F,Cooking,6.6977848855360875,4,factual_recall,hard,long_delay,0.0,0.40177909649277005,49.07166496505658,0.0,0.8007853901308091,3,0,0,medium,High Cognitive Load,High Cognitive Load
L0333,333,F,Cooking,14.839631845880838,5,inference,medium,long_delay,0.0,0.4949067148728298,51.72203551185913,0.0,0.8007853901308091,3,3,2,medium,High Cognitive Load,High Cognitive Load
L0333,333,F,Sports,16.6019421650808,6,comprehension,hard,short_delay,0.0,0.45947602061738796,13.191690533241786,0.0,0.8007853901308091,0,2,1,medium,High Cognitive Load,High Cognitive Load
L0333,333,F,Sports,11.346373885648434,7,reasoning,hard,short_delay,0.0,0.2834003910677081,38.90539517459098,1.0,0.8007853901308091,4,0,2,medium,High Cognitive Load,High Cognitive Load
L0333,333,F,Entertainment,6.183655772897649,8,factual_recall,easy,short_delay,1.0,0.5079612250429281,42.63961094807352,0.0,0.8007853901308091,1,0,0,medium,High Cognitive Load,High Cognitive Load
L0333,333,F,Entertainment,7.4205671378886615,9,inference,hard,long_delay,0.0,0.46152664421835427,33.27138577590027,0.0,0.8007853901308091,0,1,0,medium,High Cognitive Load,High Cognitive Load
L0334,334,F,Cooking,11.120334293769808,0,reasoning,easy,short_delay,0.0,0.4052095513471686,39.968380178523624,0.0,0.8269284035219414,3,3,2,medium,High Cognitive Load,High Cognitive Load
L0334,334,F,World,12.536158743721089,1,factual_recall,hard,immediate,1.0,0.6134669097281411,26.847421557184187,0.0,0.8269284035219414,0,1,1,medium,High Cognitive Load,High Cognitive Load
L0334,334,F,Entertainment,9.873231952018816,2,reasoning,medium,long_delay,0.0,0.4318397196588328,20.137288992785383,0.0,0.8269284035219414,0,3,0,medium,High Cognitive Load,High Cognitive Load
L0334,334,F,World,14.528253964345971,3,factual_recall,medium,short_delay,0.0,0.386466129966031,37.425838404491905,0.0,0.8269284035219414,3,3,0,medium,High Cognitive Load,High Cognitive Load
L0334,334,F,Cooking,5.431689738374753,4,inference,easy,long_delay,1.0,0.584886740151236,29.92838966268566,0.0,0.8269284035219414,2,2,2,medium,High Cognitive Load,High Cognitive Load
L0334,334,F,News,7.20496771899673,5,inference,medium,long_delay,0.0,0.40138887716666344,34.86986465699016,1.0,0.8269284035219414,1,0,2,medium,High Cognitive Load,High Cognitive Load
L0334,334,F,Entertainment,11.256199416335248,6,comprehension,easy,immediate,0.0,0.3804608135252769,45.25932780612985,0.0,0.8269284035219414,3,0,1,medium,High Cognitive Load,High Cognitive Load
L0334,334,F,Sports,17.899806448489908,7,inference,hard,immediate,0.0,0.3147415077319415,35.57235796926932,0.0,0.8269284035219414,4,0,1,medium,High Cognitive Load,High Cognitive Load
L0334,334,F,World,5.39476304274337,8,comprehension,medium,short_delay,0.0,0.35157887743051897,47.07696892338273,0.0,0.8269284035219414,2,0,0,medium,High Cognitive Load,High Cognitive Load
L0334,334,F,News,14.070622104540144,9,comprehension,easy,short_delay,0.0,0.36187327913008027,34.454825031743944,0.0,0.8269284035219414,2,3,1,medium,High Cognitive Load,High Cognitive Load
L0335,335,F,Cooking,18.77861661075479,0,inference,easy,immediate,1.0,0.7057982908907952,45.58814347344013,0.0,0.8031666357095478,4,2,1,medium,High Cognitive Load,High Cognitive Load
L0335,335,F,Entertainment,18.31245886323676,1,factual_recall,medium,short_delay,1.0,0.5783888495532127,29.218652115560644,0.0,0.8031666357095478,0,3,0,medium,High Cognitive Load,High Cognitive Load
L0335,335,F,News,6.5109274224359535,2,comprehension,easy,immediate,0.0,0.32521897457485727,38.910636369837604,0.0,0.8031666357095478,4,0,2,medium,High Cognitive Load,High Cognitive Load
L0335,335,F,World,10.430278166229447,3,comprehension,medium,short_delay,0.0,0.436872987041277,29.877738988658745,0.0,0.8031666357095478,3,0,0,medium,High Cognitive Load,High Cognitive Load
L0335,335,F,Entertainment,17.336345083234786,4,factual_recall,hard,short_delay,1.0,0.7783583448005182,32.09375753160439,0.0,0.8031666357095478,2,1,2,medium,High Cognitive Load,High Cognitive Load
L0335,335,F,Sports,11.34746316935488,5,comprehension,medium,long_delay,1.0,0.6874580143849476,39.977573088863636,0.0,0.8031666357095478,1,3,1,medium,High Cognitive Load,High Cognitive Load
L0335,335,F,News,5.367556856361042,6,reasoning,medium,immediate,1.0,0.5607555756341036,24.448812613297182,0.0,0.8031666357095478,3,2,0,medium,High Cognitive Load,High Cognitive Load
L0335,335,F,News,15.562904630453554,7,reasoning,hard,immediate,0.0,0.22835422356553456,53.97934427263657,0.0,0.8031666357095478,3,1,0,medium,High Cognitive Load,High Cognitive Load
L0335,335,F,Sports,14.760751941057057,8,reasoning,medium,long_delay,1.0,0.609858032637607,26.78222826230368,0.0,0.8031666357095478,2,3,0,medium,High Cognitive Load,High Cognitive Load
L0335,335,F,Cooking,8.74302249705517,9,factual_recall,medium,long_delay,0.0,0.3737777804678072,26.334798191554235,0.0,0.8031666357095478,4,3,1,medium,High Cognitive Load,High Cognitive Load
L0336,336,G,World,5.688276335278669,0,factual_recall,hard,immediate,0.0,0.45357543626943564,4.03277258128831,0.0,0.700563441830442,2,3,0,medium,Fast but Inaccurate,Fast but Inaccurate
L0336,336,G,Cooking,8.995645547426042,1,comprehension,medium,long_delay,0.0,0.31725173556910663,4.242589921243072,0.0,0.700563441830442,2,1,1,medium,Fast but Inaccurate,Fast but Inaccurate
L0336,336,G,News,10.811044401063043,2,reasoning,hard,short_delay,0.0,0.434512604924715,3.4663192409070027,0.0,0.700563441830442,4,2,1,medium,Fast but Inaccurate,Fast but Inaccurate
L0336,336,G,World,10.884142138308336,3,factual_recall,hard,immediate,1.0,0.6353128255802941,3.992469050188801,0.0,0.700563441830442,4,1,1,medium,Fast but Inaccurate,Fast but Inaccurate
L0336,336,G,News,14.065568331480241,4,comprehension,easy,long_delay,1.0,0.5794257346109292,3.850556612833156,0.0,0.700563441830442,2,0,2,medium,Fast but Inaccurate,Fast but Inaccurate
L0336,336,G,News,15.142256448765615,5,inference,hard,long_delay,0.0,0.4662008161691943,3.296797332348784,0.0,0.700563441830442,0,1,1,medium,Fast but Inaccurate,Fast but Inaccurate
L0336,336,G,Sports,19.473146644539206,6,comprehension,hard,long_delay,0.0,0.12681202600064323,5.846337662020007,0.0,0.700563441830442,2,1,2,medium,Fast but Inaccurate,Fast but Inaccurate
L0336,336,G,World,13.064934858445527,7,inference,hard,immediate,0.0,0.3713048837475281,3.523541444068904,0.0,0.700563441830442,1,0,0,medium,Fast but Inaccurate,Fast but Inaccurate
L0336,336,G,Entertainment,8.064158648596065,8,reasoning,medium,long_delay,0.0,0.4622887157839326,1.745790787288311,0.0,0.700563441830442,3,2,0,medium,Fast but Inaccurate,Fast but Inaccurate
L0336,336,G,Sports,16.603608413536247,9,inference,medium,immediate,0.0,0.4240903896381816,5.7832658600859865,1.0,0.700563441830442,2,3,0,medium,Fast but Inaccurate,Fast but Inaccurate
L0337,337,G,Cooking,16.112156720019232,0,inference,easy,short_delay,0.0,0.4719745416426248,4.299235023892012,0.0,0.9498256778506845,3,3,1,medium,Fast but Inaccurate,Fast but Inaccurate
L0337,337,G,Cooking,11.487726310175102,1,reasoning,easy,long_delay,0.0,0.4542861710331783,4.061350863488362,0.0,0.9498256778506845,3,0,2,medium,Fast but Inaccurate,Fast but Inaccurate
L0337,337,G,Entertainment,11.062194135504326,2,factual_recall,medium,short_delay,0.0,0.43989987952873827,4.228633555984921,1.0,0.9498256778506845,4,3,2,medium,Fast but Inaccurate,Fast but Inaccurate
L0337,337,G,Entertainment,12.367676689877383,3,reasoning,medium,long_delay,1.0,0.5073853994002709,2.971678449478294,1.0,0.9498256778506845,1,3,2,medium,Fast but Inaccurate,Fast but Inaccurate
L0337,337,G,Cooking,17.944693883293404,4,comprehension,medium,immediate,0.0,0.2567515362112604,3.5184564939944067,0.0,0.9498256778506845,2,3,1,medium,Fast but Inaccurate,Fast but Inaccurate
L0337,337,G,Cooking,16.001456836610885,5,reasoning,hard,long_delay,1.0,0.6541301167461823,5.1460579129001776,1.0,0.9498256778506845,3,3,2,medium,Fast but Inaccurate,Fast but Inaccurate
L0337,337,G,World,9.100015449871908,6,comprehension,hard,immediate,1.0,0.5677424345164822,3.466208641002432,0.0,0.9498256778506845,4,2,0,medium,Fast but Inaccurate,Fast but Inaccurate
L0337,337,G,Entertainment,9.455502262604229,7,inference,hard,long_delay,0.0,0.3726580954203584,1.356505465150856,0.0,0.9498256778506845,1,2,1,medium,Fast but Inaccurate,Fast but Inaccurate
L0337,337,G,Entertainment,16.168845640295864,8,reasoning,easy,immediate,0.0,0.4537856676144838,3.8493696148180034,0.0,0.9498256778506845,0,3,2,medium,Fast but Inaccurate,Fast but Inaccurate
L0337,337,G,Entertainment,13.798975696928268,9,reasoning,easy,short_delay,0.0,0.38311821602018753,6.411491110461899,0.0,0.9498256778506845,3,3,2,medium,Fast but Inaccurate,Fast but Inaccurate
L0338,338,G,Cooking,11.534551487342949,0,inference,medium,long_delay,0.0,0.490988607582021,3.4564660122714033,0.0,0.7531369755504291,2,2,2,medium,Fast but Inaccurate,Fast but Inaccurate
L0338,338,G,Entertainment,18.777633266111764,1,comprehension,medium,long_delay,1.0,0.5811224799673775,2.8075168690410677,1.0,0.7531369755504291,0,3,0,medium,Fast but Inaccurate,Fast but Inaccurate
L0338,338,G,Entertainment,17.43817470269576,2,comprehension,hard,short_delay,1.0,0.5825071596894532,4.754400132166804,0.0,0.7531369755504291,4,0,0,medium,Fast but Inaccurate,Fast but Inaccurate
L0338,338,G,News,18.372544069027274,3,inference,medium,immediate,0.0,0.23800707454127737,5.359533558550767,0.0,0.7531369755504291,0,2,2,medium,Fast but Inaccurate,Fast but Inaccurate
L0338,338,G,World,12.166530654815128,4,factual_recall,easy,short_delay,1.0,0.552659687953643,1.9713422384534263,0.0,0.7531369755504291,0,2,0,medium,Fast but Inaccurate,Fast but Inaccurate
L0338,338,G,Sports,19.998652455407466,5,reasoning,hard,short_delay,1.0,0.5096567302307596,5.086294730399866,0.0,0.7531369755504291,3,1,2,medium,Fast but Inaccurate,Fast but Inaccurate
L0338,338,G,News,5.161724667162112,6,inference,hard,immediate,0.0,0.4543070639104627,3.7451344626479868,1.0,0.7531369755504291,2,3,1,medium,Fast but Inaccurate,Fast but Inaccurate
L0338,338,G,Sports,15.277498479375517,7,factual_recall,medium,short_delay,1.0,0.6555061108170862,2.1909971655855727,1.0,0.7531369755504291,1,3,0,medium,Fast but Inaccurate,Fast but Inaccurate
L0338,338,G,World,7.564728721068425,8,inference,medium,immediate,1.0,0.6603320182030722,4.469396155229969,0.0,0.7531369755504291,4,1,2,medium,Fast but Inaccurate,Fast but Inaccurate
L0338,338,G,News,14.622677796371306,9,inference,hard,long_delay,1.0,0.5585515523866956,4.90938665347386,0.0,0.7531369755504291,3,0,1,medium,Fast but Inaccurate,Fast but Inaccurate
L0339,339,G,Cooking,17.44122951155868,0,comprehension,medium,short_delay,1.0,0.5217177504157368,2.787789064984948,0.0,0.7587347448816937,3,3,0,medium,Fast but Inaccurate,Fast but Inaccurate
L0339,339,G,World,19.416246394020952,1,reasoning,hard,immediate,1.0,0.6385153422664785,5.375425868938303,0.0,0.7587347448816937,2,3,0,medium,Fast but Inaccurate,Fast but Inaccurate
L0339,339,G,Entertainment,14.797070470833516,2,reasoning,hard,short_delay,0.0,0.23562511352106108,4.2066460924601925,0.0,0.7587347448816937,3,1,1,medium,Fast but Inaccurate,Fast but Inaccurate
L0339,339,G,News,16.565174339605708,3,comprehension,easy,immediate,0.0,0.31943280936232504,3.3599359710329675,1.0,0.7587347448816937,1,0,1,medium,Fast but Inaccurate,Fast but Inaccurate
L0339,339,G,World,18.396958436345795,4,factual_recall,hard,short_delay,0.0,0.46729641622507534,2.7618586197000123,0.0,0.7587347448816937,0,3,2,medium,Fast but Inaccurate,Fast but Inaccurate
L0339,339,G,Sports,6.9838600518261815,5,reasoning,hard,long_delay,0.0,0.2557933960230451,4.389149693530249,0.0,0.7587347448816937,0,1,2,medium,Fast but Inaccurate,Fast but Inaccurate
L0339,339,G,News,9.243917890189477,6,inference,easy,long_delay,0.0,0.47066545810215654,5.357935502102416,0.0,0.7587347448816937,2,1,1,medium,Fast but Inaccurate,Fast but Inaccurate
L0339,339,G,Sports,11.467150000705226,7,inference,medium,long_delay,1.0,0.5247603054084559,3.2284960907981413,0.0,0.7587347448816937,4,2,0,medium,Fast but Inaccurate,Fast but Inaccurate
L0339,339,G,Entertainment,10.023051547410876,8,factual_recall,hard,immediate,0.0,0.29624547312563293,3.5603553339280882,0.0,0.7587347448816937,0,2,0,medium,Fast but Inaccurate,Fast but Inaccurate
L0339,339,G,Entertainment,15.760790475791525,9,comprehension,hard,immediate,0.0,0.46591024440581663,3.24785929929181,0.0,0.7587347448816937,0,1,1,medium,Fast but Inaccurate,Fast but Inaccurate
L0340,340,G,News,9.14815026367793,0,factual_recall,medium,long_delay,0.0,0.38264509823607384,4.97626359458133,1.0,0.6415206081106886,4,2,0,medium,Fast but Inaccurate,Fast but Inaccurate
L0340,340,G,Entertainment,15.126146385742631,1,factual_recall,hard,short_delay,0.0,0.47286277970866364,4.210566825973884,0.0,0.6415206081106886,4,2,0,medium,Fast but Inaccurate,Fast but Inaccurate
L0340,340,G,News,17.196213950293732,2,reasoning,hard,immediate,1.0,0.602195142556176,4.964003811444497,1.0,0.6415206081106886,2,2,2,medium,Fast but Inaccurate,Fast but Inaccurate
L0340,340,G,Entertainment,7.876140103374062,3,reasoning,medium,immediate,1.0,0.5355758767916573,3.1476275619855283,0.0,0.6415206081106886,3,0,0,medium,Fast but Inaccurate,Fast but Inaccurate
L0340,340,G,News,17.2710420746497,4,comprehension,hard,long_delay,1.0,0.644282082073866,5.28478380410777,0.0,0.6415206081106886,3,2,0,medium,Fast but Inaccurate,Fast but Inaccurate
L0340,340,G,Cooking,6.584776176159924,5,inference,hard,immediate,0.0,0.49149514809453876,4.6703588772129,0.0,0.6415206081106886,1,1,2,medium,Fast but Inaccurate,Fast but Inaccurate
L0340,340,G,Cooking,6.214037567612333,6,inference,hard,short_delay,0.0,0.4255656623906363,3.968879618484352,0.0,0.6415206081106886,4,3,1,medium,Fast but Inaccurate,Fast but Inaccurate
L0340,340,G,World,14.200293188237298,7,factual_recall,easy,short_delay,1.0,0.5526667833806634,4.207347916792077,0.0,0.6415206081106886,3,1,1,medium,Fast but Inaccurate,Fast but Inaccurate
L0340,340,G,Entertainment,8.986142797156273,8,factual_recall,medium,long_delay,0.0,0.2859406880974303,4.3469278939366935,0.0,0.6415206081106886,2,2,2,medium,Fast but Inaccurate,Fast but Inaccurate
L0340,340,G,Sports,8.828331109162916,9,reasoning,easy,immediate,0.0,0.24481379709068513,3.1432678301702093,0.0,0.6415206081106886,2,1,0,medium,Fast but Inaccurate,Fast but Inaccurate
L0341,341,G,Entertainment,15.890215240431758,0,factual_recall,easy,short_delay,1.0,0.5670921736859369,3.2258805556606625,0.0,0.7819250322257867,3,0,0,medium,Fast but Inaccurate,Fast but Inaccurate
L0341,341,G,News,18.226156545004617,1,comprehension,easy,short_delay,0.0,0.3424839261287062,1.0989175676811769,0.0,0.7819250322257867,1,3,0,medium,Fast but Inaccurate,Fast but Inaccurate
L0341,341,G,World,12.280304881196775,2,comprehension,hard,immediate,0.0,0.4599817733363566,3.32434498794017,0.0,0.7819250322257867,1,2,2,medium,Fast but Inaccurate,Fast but Inaccurate
L0341,341,G,Sports,16.827001501100373,3,inference,medium,long_delay,1.0,0.5106583337550407,4.716740701338141,1.0,0.7819250322257867,1,3,2,medium,Fast but Inaccurate,Fast but Inaccurate
L0341,341,G,World,6.800664485241457,4,inference,hard,long_delay,1.0,0.6051203514944719,4.07539973918813,0.0,0.7819250322257867,3,2,0,medium,Fast but Inaccurate,Fast but Inaccurate
L0341,341,G,Entertainment,5.467786257449175,5,inference,easy,immediate,1.0,0.7707691319400685,3.7413753996961097,0.0,0.7819250322257867,1,3,0,medium,Fast but Inaccurate,Fast but Inaccurate
L0341,341,G,Sports,18.086310512437837,6,reasoning,easy,short_delay,0.0,0.4989022346450901,2.378047349261272,1.0,0.7819250322257867,2,1,2,medium,Fast but Inaccurate,Fast but Inaccurate
L0341,341,G,Sports,11.324048154452464,7,comprehension,hard,long_delay,0.0,0.37066791118172987,5.050409979585298,0.0,0.7819250322257867,4,3,1,medium,Fast but Inaccurate,Fast but Inaccurate
L0341,341,G,Entertainment,7.92598206615492,8,reasoning,easy,long_delay,0.0,0.3065228295958638,4.511813290920396,0.0,0.7819250322257867,1,1,2,medium,Fast but Inaccurate,Fast but Inaccurate
L0341,341,G,Sports,11.447846673245277,9,inference,easy,long_delay,0.0,0.34142223196567584,3.9870683553965454,0.0,0.7819250322257867,1,1,2,medium,Fast but Inaccurate,Fast but Inaccurate
L0342,342,G,Sports,10.344696041110147,0,factual_recall,medium,immediate,1.0,0.5412744651902228,3.331276591736198,1.0,0.8185366944798615,3,1,1,medium,Fast but Inaccurate,Fast but Inaccurate
L0342,342,G,Entertainment,18.769354928937524,1,comprehension,medium,immediate,0.0,0.3584998700440419,3.4935266658852346,1.0,0.8185366944798615,3,1,0,medium,Fast but Inaccurate,Fast but Inaccurate
L0342,342,G,World,17.533062521823755,2,inference,medium,short_delay,0.0,0.3741937558561245,4.827524148714746,0.0,0.8185366944798615,1,1,2,medium,Fast but Inaccurate,Fast but Inaccurate
L0342,342,G,News,7.619534844742209,3,comprehension,easy,immediate,1.0,0.5307618991551158,3.7480822779488348,0.0,0.8185366944798615,3,2,2,medium,Fast but Inaccurate,Fast but Inaccurate
L0342,342,G,News,18.82394034525636,4,comprehension,hard,long_delay,1.0,0.6079104654231285,4.312245838724398,0.0,0.8185366944798615,4,2,1,medium,Fast but Inaccurate,Fast but Inaccurate
L0342,342,G,World,18.23701462478939,5,comprehension,easy,short_delay,0.0,0.4417440552633876,4.121842953174763,0.0,0.8185366944798615,4,2,1,medium,Fast but Inaccurate,Fast but Inaccurate
L0342,342,G,News,8.001346346797082,6,comprehension,hard,long_delay,1.0,0.5165086098524191,4.001737125890682,0.0,0.8185366944798615,1,3,1,medium,Fast but Inaccurate,Fast but Inaccurate
L0342,342,G,Cooking,13.59702097785039,7,comprehension,easy,long_delay,1.0,0.5548119679857587,4.107396574386365,0.0,0.8185366944798615,4,1,0,medium,Fast but Inaccurate,Fast but Inaccurate
L0342,342,G,World,13.793307264927721,8,factual_recall,hard,immediate,1.0,0.7083603878215845,5.029900714928761,0.0,0.8185366944798615,1,3,0,medium,Fast but Inaccurate,Fast but Inaccurate
L0342,342,G,World,12.012101599066893,9,comprehension,hard,immediate,0.0,0.3113140822559442,3.0294143510609413,0.0,0.8185366944798615,4,0,0,medium,Fast but Inaccurate,Fast but Inaccurate
L0343,343,G,Sports,5.004312841797514,0,comprehension,medium,short_delay,1.0,0.5767157312356866,4.77851932673702,0.0,0.6979266709808345,3,3,1,medium,Fast but Inaccurate,Fast but Inaccurate
L0343,343,G,Entertainment,19.909105071357423,1,comprehension,hard,immediate,1.0,0.5055648853239563,4.50880936605015,0.0,0.6979266709808345,1,3,2,medium,Fast but Inaccurate,Fast but Inaccurate
L0343,343,G,Entertainment,14.61495515522002,2,inference,easy,short_delay,0.0,0.24623858715251584,5.020957354692794,0.0,0.6979266709808345,2,2,0,medium,Fast but Inaccurate,Fast but Inaccurate
L0343,343,G,News,8.976687607465871,3,factual_recall,easy,long_delay,1.0,0.5201376984563882,3.1135926549597546,0.0,0.6979266709808345,2,1,2,medium,Fast but Inaccurate,Fast but Inaccurate
L0343,343,G,News,6.064769153183288,4,comprehension,hard,long_delay,0.0,0.3579351763886003,4.198536630112683,0.0,0.6979266709808345,1,3,0,medium,Fast but Inaccurate,Fast but Inaccurate
L0343,343,G,Cooking,10.648498577287,5,inference,medium,long_delay,0.0,0.24888817024661317,3.8592640969278027,0.0,0.6979266709808345,3,0,2,medium,Fast but Inaccurate,Fast but Inaccurate
L0343,343,G,News,18.533875040406713,6,comprehension,medium,short_delay,0.0,0.4939863930679971,4.653683383838771,0.0,0.6979266709808345,3,2,2,medium,Fast but Inaccurate,Fast but Inaccurate
L0343,343,G,News,18.775170399548635,7,factual_recall,medium,short_delay,0.0,0.44216031562830466,4.255813076764164,0.0,0.6979266709808345,1,0,1,medium,Fast but Inaccurate,Fast but Inaccurate
L0343,343,G,News,7.444586397591861,8,reasoning,hard,immediate,1.0,0.6184576285237089,3.3859621340141675,0.0,0.6979266709808345,3,1,2,medium,Fast but Inaccurate,Fast but Inaccurate
L0343,343,G,Cooking,15.001409281192904,9,factual_recall,hard,long_delay,0.0,0.47180629452485856,3.6620664600814843,0.0,0.6979266709808345,2,0,0,medium,Fast but Inaccurate,Fast but Inaccurate
L0344,344,G,Entertainment,11.376346535707807,0,reasoning,easy,long_delay,0.0,0.34356058239817394,3.5784465362519766,1.0,0.8373238193564053,0,3,2,medium,Fast but Inaccurate,Fast but Inaccurate
L0344,344,G,Sports,13.779912137246214,1,factual_recall,hard,immediate,0.0,0.2493636682626179,5.702861192205623,0.0,0.8373238193564053,1,1,2,medium,Fast but Inaccurate,Fast but Inaccurate
L0344,344,G,World,6.665343948573455,2,reasoning,medium,immediate,0.0,0.3927589429794689,5.136878462935213,0.0,0.8373238193564053,3,0,1,medium,Fast but Inaccurate,Fast but Inaccurate
L0344,344,G,Entertainment,15.124079379490166,3,reasoning,hard,short_delay,1.0,0.6032693012823619,3.6137069240858946,0.0,0.8373238193564053,3,3,1,medium,Fast but Inaccurate,Fast but Inaccurate
L0344,344,G,Sports,18.169183650802196,4,inference,medium,short_delay,0.0,0.3706681041378668,5.765736478491304,0.0,0.8373238193564053,0,3,2,medium,Fast but Inaccurate,Fast but Inaccurate
L0344,344,G,World,12.326965916288922,5,reasoning,easy,immediate,1.0,0.5058732705190944,4.343711409291861,0.0,0.8373238193564053,1,2,2,medium,Fast but Inaccurate,Fast but Inaccurate
L0344,344,G,World,16.62066318430969,6,factual_recall,medium,long_delay,1.0,0.5187956763258581,2.328363468557855,0.0,0.8373238193564053,4,0,0,medium,Fast but Inaccurate,Fast but Inaccurate
L0344,344,G,World,12.77213011637461,7,reasoning,hard,long_delay,0.0,0.4793118164930299,3.9216947171936334,0.0,0.8373238193564053,1,0,0,medium,Fast but Inaccurate,Fast but Inaccurate
L0344,344,G,Entertainment,10.220883196367858,8,reasoning,hard,immediate,0.0,0.29668411737978706,5.635277927962272,0.0,0.8373238193564053,1,1,1,medium,Fast but Inaccurate,Fast but Inaccurate
L0344,344,G,Entertainment,18.52959416129325,9,inference,easy,long_delay,0.0,0.49112468953346183,3.1801614971847365,0.0,0.8373238193564053,0,1,1,medium,Fast but Inaccurate,Fast but Inaccurate
L0345,345,G,Cooking,9.05690077728915,0,reasoning,easy,short_delay,0.0,0.2921433264014265,1.8814380135278959,0.0,0.691788260858295,1,2,2,medium,Fast but Inaccurate,Fast but Inaccurate
L0345,345,G,News,18.113936027533033,1,reasoning,easy,long_delay,0.0,0.3444310595751725,4.5505518199245225,0.0,0.691788260858295,4,2,0,medium,Fast but Inaccurate,Fast but Inaccurate
L0345,345,G,Entertainment,13.420923838077561,2,factual_recall,medium,short_delay,0.0,0.47422302753836926,3.0273599909279865,0.0,0.691788260858295,2,3,0,medium,Fast but Inaccurate,Fast but Inaccurate
L0345,345,G,News,7.236904595575206,3,reasoning,easy,immediate,1.0,0.5982027552723385,2.7838092228064344,0.0,0.691788260858295,2,3,2,medium,Fast but Inaccurate,Fast but Inaccurate
L0345,345,G,Sports,16.691100237910817,4,comprehension,hard,short_delay,0.0,0.26268060132795606,4.067487695091747,0.0,0.691788260858295,0,3,0,medium,Fast but Inaccurate,Fast but Inaccurate
L0345,345,G,Sports,19.768969223651396,5,reasoning,medium,short_delay,0.0,0.3831350378038886,4.627146304497568,0.0,0.691788260858295,4,3,1,medium,Fast but Inaccurate,Fast but Inaccurate
L0345,345,G,News,17.051130275938363,6,reasoning,hard,short_delay,0.0,0.2401146848468844,3.8995452648670406,0.0,0.691788260858295,3,1,1,medium,Fast but Inaccurate,Fast but Inaccurate
L0345,345,G,Cooking,18.07868890819528,7,inference,hard,long_delay,0.0,0.3773505569167078,2.9068693554279,0.0,0.691788260858295,0,0,2,medium,Fast but Inaccurate,Fast but Inaccurate
L0345,345,G,Cooking,6.243027420708767,8,reasoning,easy,immediate,0.0,0.4586270482359537,3.899018998857139,0.0,0.691788260858295,2,0,0,medium,Fast but Inaccurate,Fast but Inaccurate
L0345,345,G,Entertainment,8.863471019087049,9,factual_recall,easy,short_delay,1.0,0.5420493080583079,3.274821466500269,0.0,0.691788260858295,1,1,2,medium,Fast but Inaccurate,Fast but Inaccurate
L0346,346,G,Cooking,9.791595079517045,0,inference,easy,immediate,0.0,0.29448289075603745,4.243787193732727,0.0,0.8493322733640527,4,3,1,medium,Fast but Inaccurate,Fast but Inaccurate
L0346,346,G,News,7.360334709501746,1,comprehension,medium,long_delay,0.0,0.45944809718570623,3.5659130245878905,0.0,0.8493322733640527,3,1,1,medium,Fast but Inaccurate,Fast but Inaccurate
L0346,346,G,News,11.304425541323488,2,reasoning,hard,short_delay,1.0,0.5199173156230811,4.212901663629906,1.0,0.8493322733640527,4,2,1,medium,Fast but Inaccurate,Fast but Inaccurate
L0346,346,G,World,9.81876596763338,3,reasoning,hard,immediate,0.0,0.4643820381882189,3.494508861844109,0.0,0.8493322733640527,3,1,2,medium,Fast but Inaccurate,Fast but Inaccurate
L0346,346,G,News,5.220477474630162,4,factual_recall,medium,short_delay,1.0,0.7544924570600301,2.103803742175687,0.0,0.8493322733640527,2,2,0,medium,Fast but Inaccurate,Fast but Inaccurate
L0346,346,G,Entertainment,9.219478688587206,5,comprehension,easy,immediate,1.0,0.5380576093286333,5.140200610762703,0.0,0.8493322733640527,0,2,0,medium,Fast but Inaccurate,Fast but Inaccurate
L0346,346,G,Sports,8.668053727913405,6,comprehension,easy,immediate,0.0,0.4257179855103584,3.434552172565393,0.0,0.8493322733640527,2,1,1,medium,Fast but Inaccurate,Fast but Inaccurate
L0346,346,G,World,12.67071835167643,7,inference,medium,immediate,1.0,0.5223195485517516,4.141387037332795,0.0,0.8493322733640527,3,2,1,medium,Fast but Inaccurate,Fast but Inaccurate
L0346,346,G,Sports,13.210845667253286,8,comprehension,medium,immediate,0.0,0.4751933554328828,3.239577603487204,0.0,0.8493322733640527,0,2,1,medium,Fast but Inaccurate,Fast but Inaccurate
L0346,346,G,News,12.238247857151592,9,comprehension,easy,short_delay,0.0,0.4553243295126325,3.2697638378180587,0.0,0.8493322733640527,1,1,2,medium,Fast but Inaccurate,Fast but Inaccurate
L0347,347,G,Cooking,8.144425726638996,0,factual_recall,hard,long_delay,0.0,0.32262286198633505,3.1927152250371673,1.0,0.8551966874052745,1,1,2,medium,Low-Engagement,Fast but Inaccurate
L0347,347,G,News,8.600667724265616,1,factual_recall,medium,short_delay,0.0,0.49785332932380294,4.051190592782718,0.0,0.8551966874052745,1,1,1,medium,Low-Engagement,Fast but Inaccurate
L0347,347,G,Entertainment,5.687470656532785,2,inference,medium,short_delay,0.0,0.34258862979139865,4.688128819915257,1.0,0.8551966874052745,4,1,0,medium,Low-Engagement,Fast but Inaccurate
L0347,347,G,Sports,11.628188043348949,3,reasoning,medium,immediate,0.0,0.4797200374186734,4.21020019004024,0.0,0.8551966874052745,2,2,2,medium,Low-Engagement,Fast but Inaccurate
L0347,347,G,World,11.900113263585176,4,comprehension,medium,long_delay,1.0,0.627267054030587,2.2112526713377765,1.0,0.8551966874052745,1,1,1,medium,Low-Engagement,Fast but Inaccurate
L0347,347,G,Entertainment,13.856732976423956,5,comprehension,medium,short_delay,0.0,0.2788298722044875,6.822598256218947,0.0,0.8551966874052745,0,3,1,medium,Low-Engagement,Fast but Inaccurate
L0347,347,G,Entertainment,5.085268622255043,6,factual_recall,hard,immediate,0.0,0.2857198605944978,4.212324481902515,0.0,0.8551966874052745,4,0,0,medium,Low-Engagement,Fast but Inaccurate
L0347,347,G,Cooking,5.227219266785337,7,reasoning,hard,immediate,1.0,0.5646569611845078,2.6595829144634826,1.0,0.8551966874052745,4,2,2,medium,Low-Engagement,Fast but Inaccurate
L0347,347,G,World,12.427112831295775,8,comprehension,easy,long_delay,0.0,0.4483052670084659,4.314199892540242,0.0,0.8551966874052745,2,2,1,medium,Low-Engagement,Fast but Inaccurate
L0347,347,G,Sports,17.509278259180668,9,factual_recall,medium,immediate,1.0,0.5905515871383061,4.429145043439498,0.0,0.8551966874052745,3,3,2,medium,Low-Engagement,Fast but Inaccurate
L0348,348,G,World,8.054121833147299,0,inference,easy,immediate,1.0,0.7362055677919491,3.104094599071437,0.0,0.8078056657805084,4,2,2,medium,Needs Review,Fast but Inaccurate
L0348,348,G,Sports,18.970953412283528,1,comprehension,hard,immediate,0.0,0.4103822638733216,3.8375501952733915,0.0,0.8078056657805084,2,0,1,medium,Needs Review,Fast but Inaccurate
L0348,348,G,News,18.070537943193987,2,inference,medium,short_delay,0.0,0.40836803722745135,5.406504474565208,0.0,0.8078056657805084,3,3,1,medium,Needs Review,Fast but Inaccurate
L0348,348,G,Cooking,5.616614917494892,3,inference,medium,short_delay,0.0,0.3666192961111129,2.5804688588175813,0.0,0.8078056657805084,3,3,2,medium,Needs Review,Fast but Inaccurate
L0348,348,G,Cooking,11.608057950455652,4,comprehension,easy,short_delay,0.0,0.3297860076961176,5.931667253936609,1.0,0.8078056657805084,2,3,0,medium,Needs Review,Fast but Inaccurate
L0348,348,G,Entertainment,8.468694006798104,5,reasoning,hard,short_delay,0.0,0.410421081451769,3.3259764270289986,1.0,0.8078056657805084,3,2,2,medium,Needs Review,Fast but Inaccurate
L0348,348,G,Entertainment,6.9389372373823965,6,inference,hard,long_delay,0.0,0.3834190965169674,4.200904101192534,0.0,0.8078056657805084,0,1,0,medium,Needs Review,Fast but Inaccurate
L0348,348,G,World,7.805107078812886,7,comprehension,hard,immediate,0.0,0.2999691643041328,5.2791631656965246,0.0,0.8078056657805084,1,2,0,medium,Needs Review,Fast but Inaccurate
L0348,348,G,News,9.553029806555225,8,inference,hard,immediate,0.0,0.42474226701864354,5.584340214389502,0.0,0.8078056657805084,1,3,2,medium,Needs Review,Fast but Inaccurate
L0348,348,G,Cooking,13.64678641308827,9,factual_recall,hard,short_delay,1.0,0.5039743883318092,4.469820703613522,0.0,0.8078056657805084,2,2,0,medium,Needs Review,Fast but Inaccurate
L0349,349,G,News,11.51145676762598,0,comprehension,easy,short_delay,1.0,0.5193158749441085,3.9256106699974045,1.0,0.6410736165031979,4,0,1,medium,Fast but Inaccurate,Fast but Inaccurate
L0349,349,G,Cooking,13.619974839934242,1,reasoning,easy,long_delay,0.0,0.12299447504935386,2.883998485382862,0.0,0.6410736165031979,4,1,0,medium,Fast but Inaccurate,Fast but Inaccurate
L0349,349,G,News,12.372734699913389,2,inference,hard,immediate,1.0,0.5489054826760269,3.7883120505207146,0.0,0.6410736165031979,2,0,1,medium,Fast but Inaccurate,Fast but Inaccurate
L0349,349,G,Entertainment,16.316756228782197,3,factual_recall,hard,short_delay,0.0,0.31780730151539194,3.70930435171025,0.0,0.6410736165031979,2,2,0,medium,Fast but Inaccurate,Fast but Inaccurate
L0349,349,G,News,18.06845706595127,4,inference,easy,short_delay,1.0,0.5180963536795778,3.211781506163917,0.0,0.6410736165031979,1,3,1,medium,Fast but Inaccurate,Fast but Inaccurate
L0349,349,G,Entertainment,12.90467476501709,5,reasoning,medium,short_delay,1.0,0.5405986401564771,2.2588067819081417,0.0,0.6410736165031979,0,0,0,medium,Fast but Inaccurate,Fast but Inaccurate
L0349,349,G,Sports,19.549206342556964,6,factual_recall,easy,short_delay,1.0,0.5844166175467544,2.7230638823957514,0.0,0.6410736165031979,3,0,1,medium,Fast but Inaccurate,Fast but Inaccurate
L0349,349,G,News,12.010470475500341,7,inference,medium,immediate,1.0,0.5568258420081212,1.0,0.0,0.6410736165031979,0,0,0,medium,Fast but Inaccurate,Fast but Inaccurate
L0349,349,G,Sports,7.191972726797856,8,factual_recall,easy,short_delay,0.0,0.45670739909419317,3.692120808107149,0.0,0.6410736165031979,1,2,1,medium,Fast but Inaccurate,Fast but Inaccurate
L0349,349,G,News,11.641297472894859,9,comprehension,easy,long_delay,0.0,0.404342818661226,4.360498648299699,0.0,0.6410736165031979,1,2,2,medium,Fast but Inaccurate,Fast but Inaccurate
L0350,350,G,News,10.965571814601823,0,comprehension,hard,short_delay,0.0,0.39788235865158955,4.696660641279161,0.0,0.7568270657612107,0,3,1,medium,Fast but Inaccurate,Fast but Inaccurate
L0350,350,G,World,12.6971250257597,1,comprehension,medium,long_delay,0.0,0.47895914940079337,6.208401698682708,0.0,0.7568270657612107,0,3,1,medium,Fast but Inaccurate,Fast but Inaccurate
L0350,350,G,Entertainment,16.115380386584537,2,inference,easy,short_delay,1.0,0.6608816970252359,3.7522997219175647,0.0,0.7568270657612107,2,3,0,medium,Fast but Inaccurate,Fast but Inaccurate
L0350,350,G,News,19.364363315229532,3,factual_recall,hard,immediate,1.0,0.723712077109558,2.8929316909737337,0.0,0.7568270657612107,0,2,2,medium,Fast but Inaccurate,Fast but Inaccurate
L0350,350,G,Cooking,14.593959040321566,4,comprehension,easy,immediate,0.0,0.42898285512908696,5.859451751687052,1.0,0.7568270657612107,3,0,0,medium,Fast but Inaccurate,Fast but Inaccurate
L0350,350,G,Entertainment,11.510611601487568,5,factual_recall,easy,short_delay,0.0,0.3960644053186481,4.903306444641465,0.0,0.7568270657612107,4,3,0,medium,Fast but Inaccurate,Fast but Inaccurate
L0350,350,G,Sports,14.140409789744144,6,factual_recall,easy,immediate,0.0,0.3529482687087117,4.456283102321251,0.0,0.7568270657612107,0,3,1,medium,Fast but Inaccurate,Fast but Inaccurate
L0350,350,G,Cooking,8.080349585365369,7,reasoning,medium,immediate,1.0,0.7723362727646775,5.535192626413937,0.0,0.7568270657612107,3,0,0,medium,Fast but Inaccurate,Fast but Inaccurate
L0350,350,G,Entertainment,13.044953764362129,8,reasoning,easy,long_delay,0.0,0.4654601877956185,4.513330485548265,0.0,0.7568270657612107,0,1,2,medium,Fast but Inaccurate,Fast but Inaccurate
L0350,350,G,Cooking,8.318426438088954,9,reasoning,easy,long_delay,1.0,0.5838051083484626,5.56990069063971,0.0,0.7568270657612107,3,3,1,medium,Fast but Inaccurate,Fast but Inaccurate
L0351,351,G,Sports,11.627182319148899,0,reasoning,hard,long_delay,0.0,0.4350816200064311,3.319823366179707,0.0,0.8076343787757869,1,1,2,medium,Fast but Inaccurate,Fast but Inaccurate
L0351,351,G,World,8.006113045630292,1,reasoning,hard,immediate,0.0,0.4623924456516726,3.8201258087071155,1.0,0.8076343787757869,2,3,1,medium,Fast but Inaccurate,Fast but Inaccurate
L0351,351,G,Cooking,5.363157642755601,2,factual_recall,medium,immediate,0.0,0.4342350441534962,3.0249935364215483,0.0,0.8076343787757869,3,1,2,medium,Fast but Inaccurate,Fast but Inaccurate
L0351,351,G,News,5.509416566546802,3,factual_recall,medium,immediate,0.0,0.3476464454110165,1.8847303726500946,0.0,0.8076343787757869,1,0,0,medium,Fast but Inaccurate,Fast but Inaccurate
L0351,351,G,Sports,17.39399703441242,4,comprehension,medium,immediate,0.0,0.19263662664532022,2.454855375025253,0.0,0.8076343787757869,4,2,0,medium,Fast but Inaccurate,Fast but Inaccurate
L0351,351,G,News,5.609480172697373,5,factual_recall,medium,long_delay,0.0,0.3667433336679581,5.374741358161484,0.0,0.8076343787757869,1,1,1,medium,Fast but Inaccurate,Fast but Inaccurate
L0351,351,G,World,9.6471607417429,6,factual_recall,medium,immediate,0.0,0.47389987877596634,5.8572849054384895,0.0,0.8076343787757869,1,3,0,medium,Fast but Inaccurate,Fast but Inaccurate
L0351,351,G,News,16.976791061178634,7,inference,medium,short_delay,1.0,0.5802701855068468,4.753940973931393,0.0,0.8076343787757869,1,1,0,medium,Fast but Inaccurate,Fast but Inaccurate
L0351,351,G,News,13.866195916958038,8,reasoning,hard,long_delay,1.0,0.5455187986137967,3.9418473747498814,0.0,0.8076343787757869,4,1,2,medium,Fast but Inaccurate,Fast but Inaccurate
L0351,351,G,World,8.077202784491826,9,inference,easy,short_delay,0.0,0.4164464286014114,2.6070196273499597,0.0,0.8076343787757869,2,3,2,medium,Fast but Inaccurate,Fast but Inaccurate
L0352,352,G,Entertainment,10.9965291215,0,comprehension,hard,long_delay,0.0,0.3484016956142061,3.5980033371156837,0.0,0.81935547615135,3,3,0,medium,Fast but Inaccurate,Fast but Inaccurate
L0352,352,G,Sports,7.588592275486088,1,reasoning,easy,short_delay,0.0,0.3116055278005084,4.743043948022393,0.0,0.81935547615135,0,0,2,medium,Fast but Inaccurate,Fast but Inaccurate
L0352,352,G,Entertainment,9.374322155143618,2,reasoning,medium,long_delay,0.0,0.34652477330105685,5.290560685855885,0.0,0.81935547615135,2,3,1,medium,Fast but Inaccurate,Fast but Inaccurate
L0352,352,G,Sports,18.520514660846008,3,comprehension,medium,long_delay,0.0,0.12934825389015225,3.5924813575289885,0.0,0.81935547615135,1,2,2,medium,Fast but Inaccurate,Fast but Inaccurate
L0352,352,G,Sports,19.939152789109187,4,comprehension,hard,short_delay,0.0,0.410857212705516,4.761031770894957,0.0,0.81935547615135,0,3,0,medium,Fast but Inaccurate,Fast but Inaccurate
L0352,352,G,News,10.836668968144211,5,inference,hard,long_delay,0.0,0.47635155069035623,4.77202745782807,0.0,0.81935547615135,4,2,2,medium,Fast but Inaccurate,Fast but Inaccurate
L0352,352,G,World,14.26427037370819,6,reasoning,hard,short_delay,0.0,0.3036795843248267,4.417870609841526,0.0,0.81935547615135,1,1,2,medium,Fast but Inaccurate,Fast but Inaccurate
L0352,352,G,Cooking,15.725794211920359,7,factual_recall,medium,short_delay,1.0,0.5666459499070113,5.677054194106512,0.0,0.81935547615135,1,0,2,medium,Fast but Inaccurate,Fast but Inaccurate
L0352,352,G,Entertainment,10.443179337094591,8,inference,medium,long_delay,0.0,0.46230806167864363,3.2735103272993546,0.0,0.81935547615135,0,3,0,medium,Fast but Inaccurate,Fast but Inaccurate
L0352,352,G,Sports,15.57960691680858,9,reasoning,hard,long_delay,0.0,0.4812021297784141,3.578451684963049,0.0,0.81935547615135,3,3,0,medium,Fast but Inaccurate,Fast but Inaccurate
L0353,353,G,News,8.046215592794896,0,factual_recall,medium,short_delay,0.0,0.4365512987241701,2.5495981196844713,0.0,0.8323086027466835,0,3,2,medium,Fast but Inaccurate,Fast but Inaccurate
L0353,353,G,Cooking,17.125209137534966,1,inference,easy,immediate,1.0,0.6774124377895082,5.010220177866692,0.0,0.8323086027466835,1,1,2,medium,Fast but Inaccurate,Fast but Inaccurate
L0353,353,G,Cooking,15.851749760333771,2,inference,hard,short_delay,0.0,0.38122802021529684,3.429018639677156,0.0,0.8323086027466835,3,1,0,medium,Fast but Inaccurate,Fast but Inaccurate
L0353,353,G,Cooking,5.761399378190847,3,factual_recall,easy,long_delay,0.0,0.3334858605095248,4.397095357110188,0.0,0.8323086027466835,2,0,0,medium,Fast but Inaccurate,Fast but Inaccurate
L0353,353,G,Entertainment,7.28372043013073,4,comprehension,easy,short_delay,0.0,0.2990836350779295,5.076921722320625,1.0,0.8323086027466835,3,3,1,medium,Fast but Inaccurate,Fast but Inaccurate
L0353,353,G,World,7.475876149690913,5,factual_recall,easy,long_delay,1.0,0.5367301269237159,4.476256189687424,0.0,0.8323086027466835,4,0,0,medium,Fast but Inaccurate,Fast but Inaccurate
L0353,353,G,Cooking,6.282176880231987,6,factual_recall,medium,short_delay,1.0,0.5881783266996078,3.704743937210972,0.0,0.8323086027466835,4,1,0,medium,Fast but Inaccurate,Fast but Inaccurate
L0353,353,G,Entertainment,12.790598448026039,7,factual_recall,easy,immediate,0.0,0.37867261244895356,5.39609726121412,0.0,0.8323086027466835,2,3,1,medium,Fast but Inaccurate,Fast but Inaccurate
L0353,353,G,Entertainment,12.205435916441658,8,inference,hard,immediate,0.0,0.3223220757447728,4.289101384929648,1.0,0.8323086027466835,2,2,0,medium,Fast but Inaccurate,Fast but Inaccurate
L0353,353,G,Sports,18.19348433789983,9,reasoning,hard,long_delay,1.0,0.6336331466472997,7.68250950598221,1.0,0.8323086027466835,0,3,1,medium,Fast but Inaccurate,Fast but Inaccurate
L0354,354,G,Sports,15.715537457868022,0,inference,hard,short_delay,0.0,0.2628281786751947,4.640385900586699,0.0,0.7510224348023788,2,0,2,medium,Fast but Inaccurate,Fast but Inaccurate
L0354,354,G,World,15.384180507959751,1,inference,medium,immediate,0.0,0.34121183354224827,1.8743858757307388,0.0,0.7510224348023788,0,3,2,medium,Fast but Inaccurate,Fast but Inaccurate
L0354,354,G,News,13.145137732673366,2,inference,medium,long_delay,1.0,0.5845545053450018,5.243776392627807,0.0,0.7510224348023788,4,1,1,medium,Fast but Inaccurate,Fast but Inaccurate
L0354,354,G,World,14.4539310268179,3,factual_recall,hard,immediate,0.0,0.389335580177178,3.4998805567995257,1.0,0.7510224348023788,4,1,2,medium,Fast but Inaccurate,Fast but Inaccurate
L0354,354,G,World,18.00852093079927,4,reasoning,medium,short_delay,1.0,0.5868502853723909,3.913715840797925,0.0,0.7510224348023788,2,0,1,medium,Fast but Inaccurate,Fast but Inaccurate
L0354,354,G,Entertainment,12.495464711314622,5,factual_recall,medium,long_delay,1.0,0.5491645122576622,3.922337460455128,0.0,0.7510224348023788,2,0,0,medium,Fast but Inaccurate,Fast but Inaccurate
L0354,354,G,World,16.34681901923759,6,comprehension,easy,immediate,1.0,0.5555046132441118,3.960167419904145,1.0,0.7510224348023788,3,2,0,medium,Fast but Inaccurate,Fast but Inaccurate
L0354,354,G,Cooking,8.320977394599934,7,reasoning,easy,long_delay,0.0,0.48994972677558196,2.6863583159418134,0.0,0.7510224348023788,1,3,2,medium,Fast but Inaccurate,Fast but Inaccurate
L0354,354,G,News,10.801332220606684,8,inference,easy,immediate,0.0,0.3976790120094596,4.15172503367896,0.0,0.7510224348023788,2,2,1,medium,Fast but Inaccurate,Fast but Inaccurate
L0354,354,G,Cooking,12.384729471943011,9,factual_recall,medium,immediate,0.0,0.4318617527817473,4.594364632001001,0.0,0.7510224348023788,3,3,0,medium,Fast but Inaccurate,Fast but Inaccurate
L0355,355,G,News,12.814561428730563,0,reasoning,easy,long_delay,1.0,0.5138730234392419,3.095357285152472,0.0,0.6865782515250305,3,2,2,medium,Fast but Inaccurate,Fast but Inaccurate
L0355,355,G,Cooking,16.45770216213624,1,inference,hard,long_delay,0.0,0.32717708408092333,4.039029206029293,0.0,0.6865782515250305,0,1,1,medium,Fast but Inaccurate,Fast but Inaccurate
L0355,355,G,Cooking,9.621732518778632,2,comprehension,easy,long_delay,0.0,0.4093734492016625,4.044678232205685,0.0,0.6865782515250305,1,3,2,medium,Fast but Inaccurate,Fast but Inaccurate
L0355,355,G,World,12.47356885197185,3,comprehension,easy,short_delay,0.0,0.4109517967431321,4.741766735233498,0.0,0.6865782515250305,0,0,0,medium,Fast but Inaccurate,Fast but Inaccurate
L0355,355,G,Sports,12.898412384085725,4,reasoning,hard,short_delay,0.0,0.28616886518748685,4.067018990333338,0.0,0.6865782515250305,3,0,0,medium,Fast but Inaccurate,Fast but Inaccurate
L0355,355,G,News,7.594847137277696,5,inference,hard,long_delay,1.0,0.5290166427738641,6.093917695554559,1.0,0.6865782515250305,1,0,0,medium,Fast but Inaccurate,Fast but Inaccurate
L0355,355,G,World,8.712746021602552,6,reasoning,medium,short_delay,0.0,0.4225994351483053,4.456217264120752,0.0,0.6865782515250305,3,3,1,medium,Fast but Inaccurate,Fast but Inaccurate
L0355,355,G,Sports,7.622890954784919,7,comprehension,easy,immediate,1.0,0.6058611972113268,3.0131630154439213,0.0,0.6865782515250305,0,0,2,medium,Fast but Inaccurate,Fast but Inaccurate
L0355,355,G,News,11.950414915850205,8,factual_recall,medium,short_delay,0.0,0.4206416396552079,2.928523657034381,0.0,0.6865782515250305,3,1,2,medium,Fast but Inaccurate,Fast but Inaccurate
L0355,355,G,Cooking,9.79753426315244,9,inference,hard,short_delay,0.0,0.4012085789371005,4.534797468845714,0.0,0.6865782515250305,3,3,0,medium,Fast but Inaccurate,Fast but Inaccurate
L0356,356,G,News,16.00877456099173,0,inference,easy,short_delay,0.0,0.20053882816597143,5.769582088318915,0.0,0.6234450857654479,0,3,2,medium,Fast but Inaccurate,Fast but Inaccurate
L0356,356,G,News,18.99150935621824,1,inference,hard,immediate,0.0,0.34359319076823663,3.1099856215045394,0.0,0.6234450857654479,3,3,0,medium,Fast but Inaccurate,Fast but Inaccurate
L0356,356,G,Sports,8.804422815591957,2,reasoning,medium,immediate,1.0,0.5474624937477963,4.491125013228095,1.0,0.6234450857654479,0,2,1,medium,Fast but Inaccurate,Fast but Inaccurate
L0356,356,G,World,15.224453728562597,3,reasoning,medium,short_delay,0.0,0.47022723024264934,4.227082660316561,0.0,0.6234450857654479,4,1,2,medium,Fast but Inaccurate,Fast but Inaccurate
L0356,356,G,Sports,10.961984733378403,4,factual_recall,hard,long_delay,0.0,0.31460115533560873,4.879681572998987,0.0,0.6234450857654479,2,1,2,medium,Fast but Inaccurate,Fast but Inaccurate
L0356,356,G,News,14.282520568866966,5,reasoning,hard,long_delay,0.0,0.3627486557526139,4.254548504814026,0.0,0.6234450857654479,1,1,2,medium,Fast but Inaccurate,Fast but Inaccurate
L0356,356,G,Sports,13.742788135655152,6,inference,easy,immediate,0.0,0.30102197994108565,4.985083393272472,0.0,0.6234450857654479,1,0,2,medium,Fast but Inaccurate,Fast but Inaccurate
L0356,356,G,Entertainment,17.207088201963334,7,comprehension,medium,short_delay,0.0,0.30101899081233074,4.554197612509795,0.0,0.6234450857654479,0,1,0,medium,Fast but Inaccurate,Fast but Inaccurate
L0356,356,G,News,14.416336005768061,8,comprehension,hard,short_delay,1.0,0.6361269329701541,2.9087281100849554,0.0,0.6234450857654479,3,0,2,medium,Fast but Inaccurate,Fast but Inaccurate
L0356,356,G,Cooking,18.042392350366903,9,reasoning,medium,long_delay,0.0,0.4327878037499622,4.73271476442739,0.0,0.6234450857654479,0,2,1,medium,Fast but Inaccurate,Fast but Inaccurate
L0357,357,G,Cooking,18.019656207422695,0,reasoning,medium,short_delay,0.0,0.2666602568212769,3.463181712157429,0.0,0.720761505422438,0,3,1,medium,Fast but Inaccurate,Fast but Inaccurate
L0357,357,G,World,14.254066995209836,1,reasoning,medium,immediate,1.0,0.5546398659953566,4.425096528931003,0.0,0.720761505422438,0,1,1,medium,Fast but Inaccurate,Fast but Inaccurate
L0357,357,G,News,14.684103358631125,2,reasoning,easy,immediate,0.0,0.49670522906505354,3.9969860620397353,0.0,0.720761505422438,2,3,2,medium,Fast but Inaccurate,Fast but Inaccurate
L0357,357,G,World,8.140440806188696,3,inference,medium,short_delay,1.0,0.549677527923038,3.2941260838101254,1.0,0.720761505422438,4,0,1,medium,Fast but Inaccurate,Fast but Inaccurate
L0357,357,G,Cooking,12.677998712056041,4,inference,hard,immediate,0.0,0.41435387061085555,4.139950155090177,0.0,0.720761505422438,0,1,1,medium,Fast but Inaccurate,Fast but Inaccurate
L0357,357,G,Cooking,8.805671988659508,5,comprehension,hard,long_delay,0.0,0.32914513624771746,3.61330785405525,0.0,0.720761505422438,3,1,1,medium,Fast but Inaccurate,Fast but Inaccurate
L0357,357,G,Cooking,10.575516778825905,6,reasoning,easy,short_delay,0.0,0.4279652036277334,4.6171644678785295,1.0,0.720761505422438,1,2,2,medium,Fast but Inaccurate,Fast but Inaccurate
L0357,357,G,Sports,17.272351616031404,7,comprehension,hard,short_delay,1.0,0.5165813983661465,4.873156911232277,0.0,0.720761505422438,2,1,2,medium,Fast but Inaccurate,Fast but Inaccurate
L0357,357,G,Entertainment,7.879092771384927,8,inference,easy,immediate,0.0,0.4413207671907946,4.501537791552041,0.0,0.720761505422438,4,0,0,medium,Fast but Inaccurate,Fast but Inaccurate
L0357,357,G,Cooking,9.967211953821437,9,factual_recall,medium,long_delay,0.0,0.4965546207938598,2.3650125884592175,0.0,0.720761505422438,2,3,0,medium,Fast but Inaccurate,Fast but Inaccurate
L0358,358,G,News,13.364034889204067,0,factual_recall,hard,immediate,0.0,0.4639051139241473,4.254895075673836,0.0,0.7854441952321114,1,2,2,medium,Fast but Inaccurate,Fast but Inaccurate
L0358,358,G,Cooking,11.206571037304375,1,comprehension,hard,long_delay,1.0,0.6215023538501817,3.683389089373554,0.0,0.7854441952321114,0,1,1,medium,Fast but Inaccurate,Fast but Inaccurate
L0358,358,G,News,8.09404662986994,2,inference,easy,long_delay,0.0,0.2945224787195892,4.130487693964511,0.0,0.7854441952321114,1,1,2,medium,Fast but Inaccurate,Fast but Inaccurate
L0358,358,G,News,6.396493814265195,3,comprehension,easy,long_delay,0.0,0.4211698999220197,4.27624896159388,0.0,0.7854441952321114,4,2,2,medium,Fast but Inaccurate,Fast but Inaccurate
L0358,358,G,News,6.772854738324528,4,factual_recall,medium,short_delay,0.0,0.24746734799533238,2.035240662022445,1.0,0.7854441952321114,3,1,1,medium,Fast but Inaccurate,Fast but Inaccurate
L0358,358,G,Sports,6.1404850047750354,5,factual_recall,medium,immediate,1.0,0.5245498572244673,4.196913590506998,0.0,0.7854441952321114,1,3,2,medium,Fast but Inaccurate,Fast but Inaccurate
L0358,358,G,World,5.197006346635589,6,reasoning,hard,immediate,1.0,0.5165543336928341,4.101009568374741,0.0,0.7854441952321114,4,2,1,medium,Fast but Inaccurate,Fast but Inaccurate
L0358,358,G,Entertainment,7.405285766558996,7,factual_recall,hard,short_delay,1.0,0.851832403885951,5.754013276726153,1.0,0.7854441952321114,3,2,0,medium,Fast but Inaccurate,Fast but Inaccurate
L0358,358,G,World,19.60494251357953,8,reasoning,easy,short_delay,1.0,0.5731631590062999,3.868328240197515,1.0,0.7854441952321114,2,0,2,medium,Fast but Inaccurate,Fast but Inaccurate
L0358,358,G,Cooking,8.08327599287299,9,reasoning,hard,short_delay,0.0,0.4897638169384026,3.2344546461704757,0.0,0.7854441952321114,3,2,2,medium,Fast but Inaccurate,Fast but Inaccurate
L0359,359,G,World,12.00895757832712,0,comprehension,medium,long_delay,0.0,0.44537590800461097,3.5602876105630203,0.0,0.7894738426557965,3,0,2,medium,Fast but Inaccurate,Fast but Inaccurate
L0359,359,G,Cooking,9.139246659591693,1,inference,medium,short_delay,0.0,0.4883246438925921,3.560416130810855,0.0,0.7894738426557965,4,0,0,medium,Fast but Inaccurate,Fast but Inaccurate
L0359,359,G,News,17.574438080833655,2,inference,easy,immediate,0.0,0.4569383817340527,4.28774942310219,0.0,0.7894738426557965,2,3,2,medium,Fast but Inaccurate,Fast but Inaccurate
L0359,359,G,World,19.310315985178075,3,reasoning,medium,short_delay,0.0,0.37534060767266036,5.057481395366404,0.0,0.7894738426557965,0,3,0,medium,Fast but Inaccurate,Fast but Inaccurate
L0359,359,G,World,14.019694537465424,4,reasoning,medium,short_delay,0.0,0.30862718805053685,6.262809234965241,0.0,0.7894738426557965,4,2,1,medium,Fast but Inaccurate,Fast but Inaccurate
L0359,359,G,Entertainment,7.7063245773428,5,reasoning,hard,long_delay,0.0,0.43916239808425045,3.170152479480664,0.0,0.7894738426557965,0,0,0,medium,Fast but Inaccurate,Fast but Inaccurate
L0359,359,G,Cooking,7.755983269830706,6,inference,medium,immediate,1.0,0.6065407204072323,4.651180346914108,0.0,0.7894738426557965,3,3,1,medium,Fast but Inaccurate,Fast but Inaccurate
L0359,359,G,World,17.19139007110302,7,inference,easy,short_delay,1.0,0.5729256877112551,4.542334403006054,0.0,0.7894738426557965,1,0,0,medium,Fast but Inaccurate,Fast but Inaccurate
L0359,359,G,News,19.556697643152543,8,comprehension,medium,immediate,0.0,0.40856012453966745,3.6702535805229557,0.0,0.7894738426557965,1,2,1,medium,Fast but Inaccurate,Fast but Inaccurate
L0359,359,G,News,13.157095782742337,9,inference,easy,long_delay,0.0,0.4060674673643636,2.9739907509471397,0.0,0.7894738426557965,0,1,0,medium,Fast but Inaccurate,Fast but Inaccurate
L0360,360,G,World,5.620974606483841,0,reasoning,hard,short_delay,0.0,0.4287889794777804,1.0,0.0,0.791553151860628,2,2,1,medium,Needs Review,Fast but Inaccurate
L0360,360,G,World,14.576090349357385,1,inference,easy,immediate,1.0,0.5724662002888921,4.533240139241123,0.0,0.791553151860628,4,0,0,medium,Needs Review,Fast but Inaccurate
L0360,360,G,News,8.960427891616,2,factual_recall,hard,long_delay,0.0,0.3659082434495143,4.662504872563525,0.0,0.791553151860628,4,3,1,medium,Needs Review,Fast but Inaccurate
L0360,360,G,News,13.165429282506604,3,reasoning,medium,short_delay,0.0,0.24805723943045097,4.516811334863636,0.0,0.791553151860628,1,1,1,medium,Needs Review,Fast but Inaccurate
L0360,360,G,Cooking,9.389166182519645,4,factual_recall,hard,immediate,1.0,0.5285909744904179,4.470853490897213,1.0,0.791553151860628,3,3,0,medium,Needs Review,Fast but Inaccurate
L0360,360,G,Entertainment,8.756822532125112,5,comprehension,hard,long_delay,0.0,0.32758337609631444,3.8186108278540263,0.0,0.791553151860628,4,0,2,medium,Needs Review,Fast but Inaccurate
L0360,360,G,Entertainment,8.527497334901554,6,factual_recall,easy,immediate,0.0,0.3156908806820347,3.58953085623241,0.0,0.791553151860628,3,3,2,medium,Needs Review,Fast but Inaccurate
L0360,360,G,World,16.114061261058012,7,inference,medium,short_delay,1.0,0.6017915921376485,2.893838130387013,0.0,0.791553151860628,1,3,2,medium,Needs Review,Fast but Inaccurate
L0360,360,G,Entertainment,12.864164153441639,8,comprehension,hard,long_delay,1.0,0.565953546142941,3.3026033243132042,0.0,0.791553151860628,2,3,0,medium,Needs Review,Fast but Inaccurate
L0360,360,G,Cooking,16.17708775223629,9,reasoning,easy,long_delay,0.0,0.4088999122985644,4.321484659941839,1.0,0.791553151860628,1,0,0,medium,Needs Review,Fast but Inaccurate
L0361,361,G,World,17.78306130482879,0,factual_recall,easy,short_delay,0.0,0.2924464595898551,3.3041548871337683,0.0,0.6211328460139641,2,2,2,medium,Fast but Inaccurate,Fast but Inaccurate
L0361,361,G,Sports,13.811225857740716,1,reasoning,easy,short_delay,0.0,0.41028519003539216,4.480959767433503,0.0,0.6211328460139641,2,1,2,medium,Fast but Inaccurate,Fast but Inaccurate
L0361,361,G,Entertainment,18.531456189101025,2,comprehension,medium,short_delay,1.0,0.5128911783085439,4.734088949885244,0.0,0.6211328460139641,4,2,2,medium,Fast but Inaccurate,Fast but Inaccurate
L0361,361,G,Cooking,15.983872528293055,3,inference,medium,short_delay,0.0,0.45374309483722997,4.300983458280898,0.0,0.6211328460139641,0,0,2,medium,Fast but Inaccurate,Fast but Inaccurate
L0361,361,G,News,12.081085232772983,4,factual_recall,hard,long_delay,0.0,0.4199718443209633,4.15691246226939,0.0,0.6211328460139641,4,1,2,medium,Fast but Inaccurate,Fast but Inaccurate
L0361,361,G,Entertainment,11.16838112794385,5,reasoning,hard,long_delay,1.0,0.5841627982237865,5.482230962657886,0.0,0.6211328460139641,1,1,2,medium,Fast but Inaccurate,Fast but Inaccurate
L0361,361,G,Cooking,19.71231163466758,6,inference,easy,long_delay,0.0,0.4502382985273388,5.357247212275629,0.0,0.6211328460139641,0,2,1,medium,Fast but Inaccurate,Fast but Inaccurate
L0361,361,G,Cooking,6.586014319238019,7,comprehension,medium,short_delay,0.0,0.48357416043526863,3.882898847888029,0.0,0.6211328460139641,2,1,0,medium,Fast but Inaccurate,Fast but Inaccurate
L0361,361,G,World,7.234136571444231,8,factual_recall,easy,short_delay,1.0,0.8233232786204685,3.3565054381101382,0.0,0.6211328460139641,0,1,2,medium,Fast but Inaccurate,Fast but Inaccurate
L0361,361,G,World,8.483666607113895,9,comprehension,easy,immediate,0.0,0.4490353792000749,4.4292028431462365,0.0,0.6211328460139641,2,2,1,medium,Fast but Inaccurate,Fast but Inaccurate
L0362,362,G,Entertainment,8.678436750602234,0,inference,hard,short_delay,0.0,0.2971971749095004,2.4403592983592493,0.0,0.77511117121612,3,0,2,medium,Fast but Inaccurate,Fast but Inaccurate
L0362,362,G,News,14.3831035481081,1,factual_recall,medium,long_delay,1.0,0.6044619253492842,3.5203345157542416,0.0,0.77511117121612,1,2,1,medium,Fast but Inaccurate,Fast but Inaccurate
L0362,362,G,Cooking,10.996123760778724,2,inference,hard,immediate,0.0,0.299646824282311,6.89050879973298,0.0,0.77511117121612,2,1,1,medium,Fast but Inaccurate,Fast but Inaccurate
L0362,362,G,Cooking,19.902303573078473,3,inference,easy,short_delay,0.0,0.4894112430477443,4.833915607367056,0.0,0.77511117121612,1,2,1,medium,Fast but Inaccurate,Fast but Inaccurate
L0362,362,G,World,6.626329157932243,4,inference,easy,long_delay,0.0,0.3384910724766141,4.553893013736568,1.0,0.77511117121612,1,2,0,medium,Fast but Inaccurate,Fast but Inaccurate
L0362,362,G,Sports,16.606304885135586,5,factual_recall,medium,long_delay,0.0,0.28710786607707645,4.586939210155911,0.0,0.77511117121612,0,2,0,medium,Fast but Inaccurate,Fast but Inaccurate
L0362,362,G,News,9.845441040323449,6,reasoning,easy,long_delay,1.0,0.5654582627452472,3.515156558338263,1.0,0.77511117121612,1,2,2,medium,Fast but Inaccurate,Fast but Inaccurate
L0362,362,G,World,12.661937601204665,7,reasoning,medium,long_delay,0.0,0.41882676438647287,6.729350273698566,0.0,0.77511117121612,0,1,2,medium,Fast but Inaccurate,Fast but Inaccurate
L0362,362,G,Sports,9.521968683135322,8,comprehension,easy,long_delay,1.0,0.6570806465472304,4.458085423919847,0.0,0.77511117121612,0,3,0,medium,Fast but Inaccurate,Fast but Inaccurate
L0362,362,G,News,14.114265259161959,9,factual_recall,easy,immediate,0.0,0.32784796943850636,4.364316283585299,0.0,0.77511117121612,3,3,2,medium,Fast but Inaccurate,Fast but Inaccurate
L0363,363,G,World,19.915066393040004,0,comprehension,medium,short_delay,0.0,0.1835559185905585,2.456465255982174,1.0,0.6884769837127525,1,0,2,medium,Fast but Inaccurate,Fast but Inaccurate
L0363,363,G,News,6.857809042120614,1,inference,hard,immediate,1.0,0.6441366168572953,4.733189872375553,0.0,0.6884769837127525,4,3,1,medium,Fast but Inaccurate,Fast but Inaccurate
L0363,363,G,News,17.489623159139736,2,factual_recall,easy,short_delay,0.0,0.2798740027488164,4.4223438766432865,0.0,0.6884769837127525,4,2,1,medium,Fast but Inaccurate,Fast but Inaccurate
L0363,363,G,World,7.588043751275078,3,inference,easy,short_delay,0.0,0.2889715508320981,5.171553347453786,0.0,0.6884769837127525,3,3,2,medium,Fast but Inaccurate,Fast but Inaccurate
L0363,363,G,Cooking,9.536222227749816,4,comprehension,hard,long_delay,1.0,0.6195808070486454,2.750901136524515,0.0,0.6884769837127525,2,1,1,medium,Fast but Inaccurate,Fast but Inaccurate
L0363,363,G,World,17.557320483448557,5,comprehension,medium,short_delay,0.0,0.4965077590583687,3.2706581024143278,0.0,0.6884769837127525,3,0,1,medium,Fast but Inaccurate,Fast but Inaccurate
L0363,363,G,World,11.38387795653224,6,comprehension,easy,short_delay,0.0,0.46448841449520967,4.392088884714185,0.0,0.6884769837127525,4,3,1,medium,Fast but Inaccurate,Fast but Inaccurate
L0363,363,G,World,5.864532050263954,7,reasoning,hard,short_delay,0.0,0.4908322170470464,3.0554884334580676,0.0,0.6884769837127525,3,1,0,medium,Fast but Inaccurate,Fast but Inaccurate
L0363,363,G,Cooking,18.321356834287165,8,reasoning,easy,short_delay,1.0,0.56446804479134,1.647157497094235,0.0,0.6884769837127525,1,2,1,medium,Fast but Inaccurate,Fast but Inaccurate
L0363,363,G,Cooking,13.847901504166604,9,comprehension,medium,long_delay,0.0,0.46198503800923696,4.197330578736869,0.0,0.6884769837127525,2,3,2,medium,Fast but Inaccurate,Fast but Inaccurate
L0364,364,G,World,17.95711248727953,0,inference,hard,immediate,1.0,0.5027743224175083,3.517723569238118,0.0,0.7693093122200908,1,0,2,medium,Fast but Inaccurate,Fast but Inaccurate
L0364,364,G,World,7.5394546567542555,1,comprehension,hard,long_delay,0.0,0.3170995719080388,3.9566486492788098,0.0,0.7693093122200908,1,0,1,medium,Fast but Inaccurate,Fast but Inaccurate
L0364,364,G,Cooking,13.062970598003178,2,comprehension,hard,immediate,1.0,0.5388092535411493,3.3997720124907382,0.0,0.7693093122200908,0,1,0,medium,Fast but Inaccurate,Fast but Inaccurate
L0364,364,G,World,8.7885912488694,3,reasoning,medium,long_delay,1.0,0.6465871176451367,4.231683713845107,0.0,0.7693093122200908,1,1,1,medium,Fast but Inaccurate,Fast but Inaccurate
L0364,364,G,World,15.223453655376206,4,reasoning,medium,long_delay,1.0,0.554389100227946,5.382350016022165,0.0,0.7693093122200908,2,3,1,medium,Fast but Inaccurate,Fast but Inaccurate
L0364,364,G,World,8.619528569489477,5,inference,easy,immediate,0.0,0.2925584909977591,4.114855452777092,0.0,0.7693093122200908,0,0,2,medium,Fast but Inaccurate,Fast but Inaccurate
L0364,364,G,News,17.00249803278702,6,comprehension,hard,long_delay,0.0,0.39430297766503036,3.780986745217645,1.0,0.7693093122200908,0,0,1,medium,Fast but Inaccurate,Fast but Inaccurate
L0364,364,G,Sports,12.860970537051958,7,reasoning,medium,immediate,0.0,0.4630188133313818,2.926089553754115,0.0,0.7693093122200908,2,1,0,medium,Fast but Inaccurate,Fast but Inaccurate
L0364,364,G,Entertainment,15.223839615689045,8,inference,hard,immediate,0.0,0.3807404189022618,5.2088363683673755,0.0,0.7693093122200908,1,0,1,medium,Fast but Inaccurate,Fast but Inaccurate
L0364,364,G,Entertainment,5.2378643048078395,9,factual_recall,hard,immediate,1.0,0.7539589023912964,3.856306061919513,0.0,0.7693093122200908,2,1,2,medium,Fast but Inaccurate,Fast but Inaccurate
L0365,365,G,Entertainment,6.5361090390743275,0,comprehension,medium,long_delay,1.0,0.5354489798326225,2.885743457437367,1.0,0.6454903245000156,4,2,1,medium,Fast but Inaccurate,Fast but Inaccurate
L0365,365,G,Sports,17.503181652999412,1,factual_recall,easy,long_delay,0.0,0.38288869319996716,4.814807578897663,0.0,0.6454903245000156,0,1,0,medium,Fast but Inaccurate,Fast but Inaccurate
L0365,365,G,News,11.133435645531259,2,inference,medium,short_delay,0.0,0.3405274322629219,3.5789232411729346,0.0,0.6454903245000156,2,0,1,medium,Fast but Inaccurate,Fast but Inaccurate
L0365,365,G,Entertainment,17.024978433801742,3,factual_recall,medium,long_delay,0.0,0.3133440439733154,3.725991982406049,1.0,0.6454903245000156,1,2,1,medium,Fast but Inaccurate,Fast but Inaccurate
L0365,365,G,Sports,7.224397678220429,4,reasoning,easy,short_delay,0.0,0.3038494264084457,5.197310853855259,0.0,0.6454903245000156,0,2,0,medium,Fast but Inaccurate,Fast but Inaccurate
L0365,365,G,Entertainment,9.38464247159753,5,factual_recall,easy,short_delay,0.0,0.39222344014497756,4.617729510768392,0.0,0.6454903245000156,3,1,2,medium,Fast but Inaccurate,Fast but Inaccurate
L0365,365,G,World,11.63539650134069,6,reasoning,medium,immediate,1.0,0.6298353233688129,2.753622949660345,1.0,0.6454903245000156,4,1,2,medium,Fast but Inaccurate,Fast but Inaccurate
L0365,365,G,World,6.705467431097626,7,comprehension,medium,short_delay,0.0,0.37280125717849627,2.900741411543901,0.0,0.6454903245000156,0,2,0,medium,Fast but Inaccurate,Fast but Inaccurate
L0365,365,G,World,13.50741897539001,8,inference,hard,immediate,0.0,0.1848994581118377,2.21647005973436,0.0,0.6454903245000156,3,1,0,medium,Fast but Inaccurate,Fast but Inaccurate
L0365,365,G,News,10.602941915770858,9,comprehension,hard,short_delay,0.0,0.49385595438664187,6.603220962521389,0.0,0.6454903245000156,1,2,1,medium,Fast but Inaccurate,Fast but Inaccurate
L0366,366,G,Sports,18.649264633134663,0,reasoning,easy,long_delay,1.0,0.553313035161821,2.7197378089535524,0.0,0.6446909714898298,4,2,0,medium,Fast but Inaccurate,Fast but Inaccurate
L0366,366,G,Cooking,9.056610747154087,1,reasoning,medium,immediate,0.0,0.4362957161877771,5.844149971922759,0.0,0.6446909714898298,2,0,0,medium,Fast but Inaccurate,Fast but Inaccurate
L0366,366,G,Sports,11.578599355355884,2,inference,hard,immediate,0.0,0.31545450075867876,3.961232116163719,0.0,0.6446909714898298,3,2,0,medium,Fast but Inaccurate,Fast but Inaccurate
L0366,366,G,Cooking,9.70595064923414,3,factual_recall,easy,short_delay,1.0,0.7196506491454875,4.050584926891425,0.0,0.6446909714898298,0,1,1,medium,Fast but Inaccurate,Fast but Inaccurate
L0366,366,G,World,5.604937832125538,4,reasoning,medium,long_delay,1.0,0.736224044701896,3.189481780644313,0.0,0.6446909714898298,4,3,1,medium,Fast but Inaccurate,Fast but Inaccurate
L0366,366,G,Cooking,17.58350607085123,5,reasoning,medium,immediate,0.0,0.4250556075086645,4.189970202273058,1.0,0.6446909714898298,0,2,1,medium,Fast but Inaccurate,Fast but Inaccurate
L0366,366,G,Cooking,11.78546912698153,6,reasoning,hard,long_delay,1.0,0.5033670417650707,2.496205828150864,1.0,0.6446909714898298,0,1,1,medium,Fast but Inaccurate,Fast but Inaccurate
L0366,366,G,Sports,6.928273195004852,7,reasoning,hard,long_delay,0.0,0.3934576484991669,3.2262614375219547,1.0,0.6446909714898298,0,2,2,medium,Fast but Inaccurate,Fast but Inaccurate
L0366,366,G,Entertainment,16.289890372624225,8,comprehension,hard,immediate,0.0,0.41276461889226224,2.800225288016123,0.0,0.6446909714898298,1,0,2,medium,Fast but Inaccurate,Fast but Inaccurate
L0366,366,G,News,7.017727495518135,9,inference,easy,short_delay,0.0,0.31410009762581736,5.292884118722522,0.0,0.6446909714898298,0,1,1,medium,Fast but Inaccurate,Fast but Inaccurate
L0367,367,G,Entertainment,19.594257785176026,0,comprehension,easy,immediate,0.0,0.40787806145257566,4.940241113867358,0.0,0.7174147268314595,0,3,0,medium,Fast but Inaccurate,Fast but Inaccurate
L0367,367,G,Cooking,9.519634023318329,1,comprehension,medium,long_delay,1.0,0.5901156282377618,3.209265352242567,0.0,0.7174147268314595,1,3,2,medium,Fast but Inaccurate,Fast but Inaccurate
L0367,367,G,Entertainment,8.853572796930136,2,factual_recall,easy,short_delay,0.0,0.3332174719713321,4.484804491229616,1.0,0.7174147268314595,2,1,1,medium,Fast but Inaccurate,Fast but Inaccurate
L0367,367,G,World,18.385670551715823,3,inference,medium,immediate,1.0,0.5098062002055298,6.724206860699118,0.0,0.7174147268314595,4,1,1,medium,Fast but Inaccurate,Fast but Inaccurate
L0367,367,G,Cooking,5.71478455792263,4,comprehension,hard,long_delay,1.0,0.5639428832785175,4.104664406306465,0.0,0.7174147268314595,2,1,2,medium,Fast but Inaccurate,Fast but Inaccurate
L0367,367,G,World,11.88102784832816,5,reasoning,easy,immediate,1.0,0.5900276638765974,4.923498804914873,0.0,0.7174147268314595,2,3,1,medium,Fast but Inaccurate,Fast but Inaccurate
L0367,367,G,Sports,17.57051418057791,6,reasoning,easy,short_delay,1.0,0.7111824022610714,5.5767373855999285,0.0,0.7174147268314595,3,1,1,medium,Fast but Inaccurate,Fast but Inaccurate
L0367,367,G,Entertainment,9.794201553804532,7,inference,hard,immediate,0.0,0.37294317138262056,6.503746149603854,0.0,0.7174147268314595,1,1,1,medium,Fast but Inaccurate,Fast but Inaccurate
L0367,367,G,Sports,6.517749139198488,8,reasoning,medium,short_delay,0.0,0.3458477000045842,4.245699631295676,0.0,0.7174147268314595,2,1,1,medium,Fast but Inaccurate,Fast but Inaccurate
L0367,367,G,Entertainment,13.09855369867531,9,comprehension,easy,short_delay,1.0,0.548065854169101,5.253033545850553,0.0,0.7174147268314595,1,2,2,medium,Fast but Inaccurate,Fast but Inaccurate
L0368,368,G,Entertainment,6.109310767108015,0,reasoning,medium,immediate,0.0,0.3766118760842905,5.825188845920261,0.0,0.7521405647711085,3,3,2,medium,Fast but Inaccurate,Fast but Inaccurate
L0368,368,G,Entertainment,14.857688857965234,1,comprehension,hard,immediate,0.0,0.39623459374946096,4.629780007809504,0.0,0.7521405647711085,2,1,0,medium,Fast but Inaccurate,Fast but Inaccurate
L0368,368,G,News,7.434084070598837,2,factual_recall,easy,short_delay,0.0,0.4372998183669312,4.4543365030451945,1.0,0.7521405647711085,3,1,0,medium,Fast but Inaccurate,Fast but Inaccurate
L0368,368,G,News,5.832943427903501,3,factual_recall,medium,immediate,0.0,0.31996379027605054,3.3357467427669896,0.0,0.7521405647711085,2,2,0,medium,Fast but Inaccurate,Fast but Inaccurate
L0368,368,G,Entertainment,10.643456331221296,4,comprehension,easy,long_delay,0.0,0.37639589266162515,4.2872825540392325,0.0,0.7521405647711085,0,3,1,medium,Fast but Inaccurate,Fast but Inaccurate
L0368,368,G,Entertainment,11.380352180126819,5,factual_recall,medium,short_delay,0.0,0.3132194845917809,3.9854900816119425,1.0,0.7521405647711085,1,1,0,medium,Fast but Inaccurate,Fast but Inaccurate
L0368,368,G,Cooking,17.902250617310717,6,comprehension,medium,short_delay,0.0,0.49127523139619617,3.2032536420355084,0.0,0.7521405647711085,4,0,2,medium,Fast but Inaccurate,Fast but Inaccurate
L0368,368,G,Cooking,8.874858538654474,7,factual_recall,medium,short_delay,0.0,0.4924585318953778,3.506210514926607,0.0,0.7521405647711085,3,1,2,medium,Fast but Inaccurate,Fast but Inaccurate
L0368,368,G,Sports,18.444479573157146,8,factual_recall,medium,immediate,0.0,0.23773019678491633,3.5287465812614514,0.0,0.7521405647711085,1,2,1,medium,Fast but Inaccurate,Fast but Inaccurate
L0368,368,G,World,9.627498715961899,9,inference,hard,immediate,0.0,0.37151014281092526,2.5113267389939407,0.0,0.7521405647711085,4,1,1,medium,Fast but Inaccurate,Fast but Inaccurate
L0369,369,G,Cooking,12.687447990657146,0,factual_recall,medium,long_delay,0.0,0.18924703395850612,3.097117118884949,0.0,0.8076582223452945,1,0,1,medium,Fast but Inaccurate,Fast but Inaccurate
L0369,369,G,Entertainment,17.18338738783141,1,inference,medium,long_delay,0.0,0.3796758056747864,2.5604925620672243,0.0,0.8076582223452945,1,0,1,medium,Fast but Inaccurate,Fast but Inaccurate
L0369,369,G,Entertainment,7.3694652291863525,2,inference,hard,immediate,1.0,0.5570797090684327,4.405576542002469,0.0,0.8076582223452945,0,2,0,medium,Fast but Inaccurate,Fast but Inaccurate
L0369,369,G,World,14.781036032286252,3,factual_recall,medium,immediate,0.0,0.3462776312435375,3.0734212575244353,0.0,0.8076582223452945,0,2,1,medium,Fast but Inaccurate,Fast but Inaccurate
L0369,369,G,World,10.424609793377188,4,inference,medium,short_delay,0.0,0.32999291284261595,6.152619302412611,0.0,0.8076582223452945,3,1,0,medium,Fast but Inaccurate,Fast but Inaccurate
L0369,369,G,Sports,11.071381692729389,5,reasoning,hard,immediate,0.0,0.4348478172113606,4.427942804238395,1.0,0.8076582223452945,2,0,1,medium,Fast but Inaccurate,Fast but Inaccurate
L0369,369,G,World,18.10751157107856,6,reasoning,hard,immediate,0.0,0.44792171630680977,4.55997197137249,0.0,0.8076582223452945,0,0,1,medium,Fast but Inaccurate,Fast but Inaccurate
L0369,369,G,Cooking,19.614315171062774,7,factual_recall,hard,short_delay,0.0,0.38583636845130936,4.248687168538813,0.0,0.8076582223452945,3,3,1,medium,Fast but Inaccurate,Fast but Inaccurate
L0369,369,G,News,19.34867093652315,8,reasoning,medium,short_delay,1.0,0.6712288601386388,5.121569435906799,0.0,0.8076582223452945,0,2,1,medium,Fast but Inaccurate,Fast but Inaccurate
L0369,369,G,World,14.86284382221433,9,reasoning,easy,immediate,0.0,0.484378890456347,1.604651305560005,0.0,0.8076582223452945,1,2,0,medium,Fast but Inaccurate,Fast but Inaccurate
L0370,370,G,News,6.043590923063514,0,factual_recall,easy,short_delay,0.0,0.4199087398971019,3.2335222022669603,1.0,0.7187867271279463,4,3,2,medium,Fast but Inaccurate,Fast but Inaccurate
L0370,370,G,World,7.194475531237195,1,comprehension,easy,long_delay,0.0,0.39851098844107846,5.007196913880258,0.0,0.7187867271279463,0,1,2,medium,Fast but Inaccurate,Fast but Inaccurate
L0370,370,G,World,5.968722076574112,2,comprehension,easy,short_delay,1.0,0.5370007015967461,3.048999325412631,0.0,0.7187867271279463,1,3,1,medium,Fast but Inaccurate,Fast but Inaccurate
L0370,370,G,Sports,15.863540642205386,3,reasoning,easy,short_delay,0.0,0.42398070784819675,4.7730242482628915,0.0,0.7187867271279463,3,1,1,medium,Fast but Inaccurate,Fast but Inaccurate
L0370,370,G,Sports,15.748357951714475,4,inference,hard,immediate,0.0,0.46191923527182893,4.695003993466429,0.0,0.7187867271279463,3,1,2,medium,Fast but Inaccurate,Fast but Inaccurate
L0370,370,G,News,8.614953050347115,5,factual_recall,hard,long_delay,0.0,0.39124564808774126,2.988261882648189,0.0,0.7187867271279463,2,0,2,medium,Fast but Inaccurate,Fast but Inaccurate
L0370,370,G,Cooking,18.200867600896643,6,comprehension,hard,long_delay,1.0,0.5777789330208102,3.869397035494437,1.0,0.7187867271279463,4,2,1,medium,Fast but Inaccurate,Fast but Inaccurate
L0370,370,G,News,18.14024118345344,7,inference,hard,immediate,1.0,0.5867081023577762,5.867739446364532,0.0,0.7187867271279463,1,3,2,medium,Fast but Inaccurate,Fast but Inaccurate
L0370,370,G,Cooking,8.073146656442322,8,inference,medium,short_delay,0.0,0.41299899066732587,3.1856984297518816,1.0,0.7187867271279463,3,1,0,medium,Fast but Inaccurate,Fast but Inaccurate
L0370,370,G,Cooking,18.33500423059332,9,comprehension,hard,immediate,1.0,0.7920707079842696,4.401865987117971,0.0,0.7187867271279463,0,1,1,medium,Fast but Inaccurate,Fast but Inaccurate
L0371,371,G,Sports,7.517779929719937,0,comprehension,medium,immediate,0.0,0.4155783306311561,3.9684822056859406,0.0,0.6957401452126458,4,3,2,medium,Fast but Inaccurate,Fast but Inaccurate
L0371,371,G,Entertainment,19.74546488531289,1,comprehension,medium,long_delay,0.0,0.3972403886397007,4.256847743432111,0.0,0.6957401452126458,0,1,1,medium,Fast but Inaccurate,Fast but Inaccurate
L0371,371,G,News,18.52044912140092,2,comprehension,easy,immediate,0.0,0.29885206302565726,4.463052715841387,1.0,0.6957401452126458,1,0,0,medium,Fast but Inaccurate,Fast but Inaccurate
L0371,371,G,Cooking,17.106302375120663,3,reasoning,medium,immediate,0.0,0.44188827028196376,4.4397218614675475,0.0,0.6957401452126458,0,2,2,medium,Fast but Inaccurate,Fast but Inaccurate
L0371,371,G,Entertainment,14.065675822889363,4,comprehension,medium,short_delay,0.0,0.2899518918560843,5.553865552837339,0.0,0.6957401452126458,0,0,0,medium,Fast but Inaccurate,Fast but Inaccurate
L0371,371,G,Cooking,5.092878328503324,5,reasoning,easy,long_delay,1.0,0.5638853815058832,4.060364065651522,0.0,0.6957401452126458,3,0,0,medium,Fast but Inaccurate,Fast but Inaccurate
L0371,371,G,Cooking,15.113961502445733,6,comprehension,hard,long_delay,1.0,0.5785327018679532,2.697518485595971,0.0,0.6957401452126458,0,3,0,medium,Fast but Inaccurate,Fast but Inaccurate
L0371,371,G,World,12.444752303286965,7,inference,medium,long_delay,0.0,0.3296175075919968,2.3908185651602674,0.0,0.6957401452126458,2,0,2,medium,Fast but Inaccurate,Fast but Inaccurate
L0371,371,G,Sports,19.92750178081155,8,reasoning,medium,short_delay,0.0,0.3640027304293877,5.635786874982063,0.0,0.6957401452126458,2,1,1,medium,Fast but Inaccurate,Fast but Inaccurate
L0371,371,G,Entertainment,7.2614944554923895,9,comprehension,hard,short_delay,0.0,0.3992399837839499,4.509655868450016,0.0,0.6957401452126458,1,0,2,medium,Fast but Inaccurate,Fast but Inaccurate
L0372,372,G,News,6.249441546624529,0,comprehension,easy,long_delay,1.0,0.5323557591065868,4.034402720811447,0.0,0.8274602656372607,4,0,1,medium,Low-Engagement,Fast but Inaccurate
L0372,372,G,Entertainment,10.256263463727736,1,factual_recall,hard,immediate,0.0,0.43666485466293675,3.5940420814086855,1.0,0.8274602656372607,0,0,1,medium,Low-Engagement,Fast but Inaccurate
L0372,372,G,Sports,14.385567663589583,2,reasoning,easy,long_delay,1.0,0.5351483067745666,3.359108306672814,1.0,0.8274602656372607,1,0,2,medium,Low-Engagement,Fast but Inaccurate
L0372,372,G,Entertainment,7.276556546734575,3,comprehension,hard,short_delay,1.0,0.5832942664354615,4.305196000164957,1.0,0.8274602656372607,4,1,0,medium,Low-Engagement,Fast but Inaccurate
L0372,372,G,Cooking,16.813112285958688,4,comprehension,medium,long_delay,1.0,0.5228079438460166,2.8745243942155163,1.0,0.8274602656372607,2,2,2,medium,Low-Engagement,Fast but Inaccurate
L0372,372,G,Cooking,16.5360043919174,5,inference,easy,long_delay,0.0,0.47431168149084785,6.15193219851731,0.0,0.8274602656372607,4,0,2,medium,Low-Engagement,Fast but Inaccurate
L0372,372,G,News,17.82324077756259,6,inference,medium,long_delay,1.0,0.53542186131754,2.6478945616789042,0.0,0.8274602656372607,2,0,2,medium,Low-Engagement,Fast but Inaccurate
L0372,372,G,World,8.7290414712735,7,factual_recall,medium,short_delay,0.0,0.3869154605495438,3.048731976747904,0.0,0.8274602656372607,1,0,0,medium,Low-Engagement,Fast but Inaccurate
L0372,372,G,Entertainment,12.582799495484062,8,reasoning,hard,immediate,1.0,0.6316787459803263,2.9543163623701325,1.0,0.8274602656372607,1,1,2,medium,Low-Engagement,Fast but Inaccurate
L0372,372,G,Sports,15.12005582627991,9,inference,medium,immediate,0.0,0.2481807138717389,4.198498116426335,0.0,0.8274602656372607,3,0,2,medium,Low-Engagement,Fast but Inaccurate
L0373,373,G,Entertainment,8.641172474856553,0,comprehension,medium,long_delay,0.0,0.4364324591515708,3.4544722904326264,0.0,0.6145941262832597,3,1,2,medium,Fast but Inaccurate,Fast but Inaccurate
L0373,373,G,World,17.636442886677816,1,comprehension,easy,immediate,1.0,0.622263603150945,3.93394945493535,0.0,0.6145941262832597,0,0,1,medium,Fast but Inaccurate,Fast but Inaccurate
L0373,373,G,Entertainment,12.456286214668388,2,factual_recall,easy,long_delay,1.0,0.5143541305404303,3.745441900768941,0.0,0.6145941262832597,3,2,2,medium,Fast but Inaccurate,Fast but Inaccurate
L0373,373,G,World,6.559067935930896,3,comprehension,medium,immediate,1.0,0.5134937355265902,3.292335018491271,1.0,0.6145941262832597,0,0,0,medium,Fast but Inaccurate,Fast but Inaccurate
L0373,373,G,Sports,18.522695265080273,4,reasoning,easy,short_delay,1.0,0.5532232576210827,3.8593982903326265,0.0,0.6145941262832597,2,1,0,medium,Fast but Inaccurate,Fast but Inaccurate
L0373,373,G,Entertainment,15.55206510736176,5,comprehension,medium,immediate,0.0,0.40236283012710494,4.155266087895326,0.0,0.6145941262832597,1,1,0,medium,Fast but Inaccurate,Fast but Inaccurate
L0373,373,G,Entertainment,10.438840245687471,6,comprehension,medium,immediate,1.0,0.5232898632763134,2.9001357104566656,0.0,0.6145941262832597,4,2,2,medium,Fast but Inaccurate,Fast but Inaccurate
L0373,373,G,World,8.813795911831354,7,reasoning,easy,short_delay,0.0,0.3804392431880499,4.417456410413147,0.0,0.6145941262832597,4,2,1,medium,Fast but Inaccurate,Fast but Inaccurate
L0373,373,G,Cooking,18.337016191103018,8,factual_recall,medium,short_delay,0.0,0.41231820948552994,3.506319881006323,0.0,0.6145941262832597,3,2,1,medium,Fast but Inaccurate,Fast but Inaccurate
L0373,373,G,Sports,19.072523853095266,9,comprehension,hard,long_delay,0.0,0.42721805922074413,4.19820377452415,0.0,0.6145941262832597,0,2,1,medium,Fast but Inaccurate,Fast but Inaccurate
L0374,374,G,News,5.659577245968038,0,comprehension,medium,short_delay,0.0,0.4506156876115501,3.0908441380298766,0.0,0.8427974880588838,3,3,2,medium,Fast but Inaccurate,Fast but Inaccurate
L0374,374,G,World,17.78513828968991,1,inference,hard,short_delay,1.0,0.5217762345168139,3.528770913608798,0.0,0.8427974880588838,2,3,1,medium,Fast but Inaccurate,Fast but Inaccurate
L0374,374,G,Entertainment,5.340612190257064,2,factual_recall,hard,long_delay,0.0,0.3417683115939275,2.4674182616913374,0.0,0.8427974880588838,2,2,0,medium,Fast but Inaccurate,Fast but Inaccurate
L0374,374,G,News,14.535452857628751,3,comprehension,medium,immediate,0.0,0.4917246272175021,2.730414637618862,0.0,0.8427974880588838,3,0,2,medium,Fast but Inaccurate,Fast but Inaccurate
L0374,374,G,Sports,17.217163935743173,4,reasoning,medium,immediate,0.0,0.45045027203887283,3.1134661753421646,0.0,0.8427974880588838,0,1,1,medium,Fast but Inaccurate,Fast but Inaccurate
L0374,374,G,Cooking,17.073969031556132,5,reasoning,hard,short_delay,0.0,0.4792000878082416,3.970875417400142,0.0,0.8427974880588838,0,3,2,medium,Fast but Inaccurate,Fast but Inaccurate
L0374,374,G,Sports,19.31457988768495,6,inference,hard,immediate,1.0,0.6947135884988023,2.774991302687203,0.0,0.8427974880588838,2,0,2,medium,Fast but Inaccurate,Fast but Inaccurate
L0374,374,G,Cooking,18.515049631984326,7,reasoning,easy,immediate,1.0,0.6065507564107172,3.960829813412982,0.0,0.8427974880588838,2,1,2,medium,Fast but Inaccurate,Fast but Inaccurate
L0374,374,G,World,14.423758982102719,8,reasoning,hard,long_delay,1.0,0.545039201415633,3.845970491873572,0.0,0.8427974880588838,2,1,2,medium,Fast but Inaccurate,Fast but Inaccurate
L0374,374,G,Sports,9.241093224172415,9,reasoning,medium,long_delay,1.0,0.5465542969086001,2.8657712128689017,0.0,0.8427974880588838,0,0,0,medium,Fast but Inaccurate,Fast but Inaccurate
L0375,375,G,Cooking,16.424514691488014,0,comprehension,medium,immediate,0.0,0.48481292445219576,5.253087200548664,0.0,0.6720322690666871,3,3,1,medium,Fast but Inaccurate,Fast but Inaccurate
L0375,375,G,Entertainment,17.72885221487528,1,comprehension,hard,long_delay,0.0,0.3779990128151391,3.6181055878238704,0.0,0.6720322690666871,3,0,1,medium,Fast but Inaccurate,Fast but Inaccurate
L0375,375,G,World,11.397901627172413,2,inference,medium,immediate,1.0,0.53568352183858,2.5968990056223293,0.0,0.6720322690666871,1,2,1,medium,Fast but Inaccurate,Fast but Inaccurate
L0375,375,G,News,14.830825986888437,3,inference,hard,immediate,0.0,0.17272183923911474,2.405452723875527,0.0,0.6720322690666871,3,2,0,medium,Fast but Inaccurate,Fast but Inaccurate
L0375,375,G,Cooking,10.345792851132089,4,comprehension,easy,immediate,0.0,0.4152468745929446,4.664195260210103,1.0,0.6720322690666871,0,2,0,medium,Fast but Inaccurate,Fast but Inaccurate
L0375,375,G,Entertainment,14.872075199636626,5,comprehension,medium,immediate,0.0,0.46186525137989526,4.22320699424563,0.0,0.6720322690666871,2,2,0,medium,Fast but Inaccurate,Fast but Inaccurate
L0375,375,G,News,11.290216493563285,6,factual_recall,easy,immediate,1.0,0.6119318460675917,3.7436575308930387,0.0,0.6720322690666871,1,2,0,medium,Fast but Inaccurate,Fast but Inaccurate
L0375,375,G,Sports,7.524955327138244,7,inference,medium,short_delay,0.0,0.4604156446471507,3.413905538418348,0.0,0.6720322690666871,1,0,2,medium,Fast but Inaccurate,Fast but Inaccurate
L0375,375,G,Entertainment,17.792659236186765,8,comprehension,hard,short_delay,0.0,0.47259429020160576,4.180832705037617,0.0,0.6720322690666871,3,0,1,medium,Fast but Inaccurate,Fast but Inaccurate
L0375,375,G,News,19.181607308247923,9,comprehension,medium,short_delay,0.0,0.495058827417944,4.209723226734405,1.0,0.6720322690666871,3,1,2,medium,Fast but Inaccurate,Fast but Inaccurate
L0376,376,G,Cooking,10.062899334294313,0,inference,medium,short_delay,0.0,0.25023232714033333,2.9002092882431016,0.0,0.7184748431239891,2,3,0,medium,Fast but Inaccurate,Fast but Inaccurate
L0376,376,G,Cooking,13.992218840589395,1,inference,hard,short_delay,1.0,0.5272233436458792,2.736805975370781,0.0,0.7184748431239891,1,3,0,medium,Fast but Inaccurate,Fast but Inaccurate
L0376,376,G,News,13.397444043843143,2,inference,easy,long_delay,1.0,0.5163862586332721,5.270173010952802,1.0,0.7184748431239891,4,3,2,medium,Fast but Inaccurate,Fast but Inaccurate
L0376,376,G,Cooking,12.070110107440646,3,factual_recall,medium,long_delay,1.0,0.5672498275191861,3.217040442607783,0.0,0.7184748431239891,0,0,1,medium,Fast but Inaccurate,Fast but Inaccurate
L0376,376,G,Sports,19.831823231122907,4,inference,medium,long_delay,1.0,0.5740123523523245,3.3771378186576975,0.0,0.7184748431239891,0,3,0,medium,Fast but Inaccurate,Fast but Inaccurate
L0376,376,G,News,12.736580861355643,5,reasoning,easy,short_delay,1.0,0.5446735847342098,4.006657266589862,1.0,0.7184748431239891,3,0,2,medium,Fast but Inaccurate,Fast but Inaccurate
L0376,376,G,Entertainment,17.998737151657426,6,inference,hard,short_delay,1.0,0.5497339139961722,2.756320552879138,1.0,0.7184748431239891,2,2,2,medium,Fast but Inaccurate,Fast but Inaccurate
L0376,376,G,Sports,13.30781496334669,7,comprehension,easy,immediate,1.0,0.523208251543252,4.380544779340704,0.0,0.7184748431239891,4,1,1,medium,Fast but Inaccurate,Fast but Inaccurate
L0376,376,G,Sports,18.090008100238876,8,factual_recall,hard,immediate,1.0,0.5416911979221771,1.8696097972906887,0.0,0.7184748431239891,3,2,0,medium,Fast but Inaccurate,Fast but Inaccurate
L0376,376,G,World,19.260988974430138,9,inference,easy,immediate,0.0,0.22896459454273732,2.8225103230759947,0.0,0.7184748431239891,3,2,1,medium,Fast but Inaccurate,Fast but Inaccurate
L0377,377,G,Entertainment,11.292638088447765,0,reasoning,medium,short_delay,0.0,0.2655610286003111,5.3652977661621115,1.0,0.7956031140577963,2,1,0,medium,Fast but Inaccurate,Fast but Inaccurate
L0377,377,G,Sports,9.740770746800665,1,reasoning,medium,immediate,1.0,0.5251332261069045,4.31940625512911,0.0,0.7956031140577963,1,1,1,medium,Fast but Inaccurate,Fast but Inaccurate
L0377,377,G,Cooking,19.942155701918225,2,factual_recall,medium,short_delay,0.0,0.37526409853125675,4.169883346328395,1.0,0.7956031140577963,2,2,1,medium,Fast but Inaccurate,Fast but Inaccurate
L0377,377,G,News,16.40673216221399,3,reasoning,medium,immediate,0.0,0.4486395594342124,4.848209052077246,0.0,0.7956031140577963,4,3,2,medium,Fast but Inaccurate,Fast but Inaccurate
L0377,377,G,Cooking,18.930126678745694,4,comprehension,easy,long_delay,0.0,0.42301544554909576,2.958851384945328,0.0,0.7956031140577963,0,2,1,medium,Fast but Inaccurate,Fast but Inaccurate
L0377,377,G,Cooking,10.321903730627666,5,factual_recall,hard,short_delay,1.0,0.5219720208968385,2.6205617279948203,0.0,0.7956031140577963,0,3,1,medium,Fast but Inaccurate,Fast but Inaccurate
L0377,377,G,Cooking,8.819522491273673,6,comprehension,hard,long_delay,0.0,0.4474751815009562,4.024941466846519,0.0,0.7956031140577963,2,3,1,medium,Fast but Inaccurate,Fast but Inaccurate
L0377,377,G,World,15.731558516832772,7,reasoning,hard,immediate,1.0,0.6228521330747535,3.3936981629537963,0.0,0.7956031140577963,4,1,1,medium,Fast but Inaccurate,Fast but Inaccurate
L0377,377,G,Entertainment,18.020942812626977,8,factual_recall,hard,long_delay,1.0,0.5687314874657298,6.07371857157332,0.0,0.7956031140577963,0,3,1,medium,Fast but Inaccurate,Fast but Inaccurate
L0377,377,G,Cooking,12.917672103299346,9,inference,medium,immediate,0.0,0.3545612763066482,3.2356771857851863,0.0,0.7956031140577963,3,1,1,medium,Fast but Inaccurate,Fast but Inaccurate
L0378,378,G,Cooking,14.520774750502023,0,factual_recall,hard,short_delay,0.0,0.3017044436514173,4.06845665960602,0.0,0.8670492817895035,0,0,0,medium,Fast but Inaccurate,Fast but Inaccurate
L0378,378,G,Cooking,9.222286705640581,1,factual_recall,hard,long_delay,0.0,0.3134114258293311,3.4950913904238963,0.0,0.8670492817895035,3,0,2,medium,Fast but Inaccurate,Fast but Inaccurate
L0378,378,G,Sports,12.013526831794348,2,comprehension,medium,short_delay,0.0,0.4742346374232593,3.6527820838370415,0.0,0.8670492817895035,2,2,0,medium,Fast but Inaccurate,Fast but Inaccurate
L0378,378,G,News,12.371398100911325,3,inference,medium,long_delay,1.0,0.5141638548939961,2.1477956746971465,0.0,0.8670492817895035,1,3,1,medium,Fast but Inaccurate,Fast but Inaccurate
L0378,378,G,Entertainment,10.539581112982695,4,reasoning,hard,long_delay,1.0,0.5433205565514878,4.83013001966058,0.0,0.8670492817895035,1,0,0,medium,Fast but Inaccurate,Fast but Inaccurate
L0378,378,G,Sports,19.03588427237459,5,reasoning,easy,short_delay,1.0,0.5173190802250177,4.297557506988584,0.0,0.8670492817895035,1,0,1,medium,Fast but Inaccurate,Fast but Inaccurate
L0378,378,G,Cooking,14.176599357364815,6,factual_recall,hard,short_delay,0.0,0.3876356382771608,1.6933198506173737,0.0,0.8670492817895035,4,3,1,medium,Fast but Inaccurate,Fast but Inaccurate
L0378,378,G,Sports,12.347192503945173,7,comprehension,hard,short_delay,0.0,0.4630273552183218,4.793160268734295,0.0,0.8670492817895035,0,3,2,medium,Fast but Inaccurate,Fast but Inaccurate
L0378,378,G,Cooking,19.30212434836703,8,inference,hard,immediate,0.0,0.4119995551984307,3.946972191443523,0.0,0.8670492817895035,0,2,2,medium,Fast but Inaccurate,Fast but Inaccurate
L0378,378,G,World,9.705522752978471,9,inference,medium,long_delay,0.0,0.47091108443095825,3.063177883638617,0.0,0.8670492817895035,1,3,0,medium,Fast but Inaccurate,Fast but Inaccurate
L0379,379,G,Cooking,12.375356691927994,0,comprehension,medium,long_delay,1.0,0.5827927845208384,4.37453144577202,0.0,0.8071361889151435,3,1,2,medium,Stable Learner,Fast but Inaccurate
L0379,379,G,World,15.63137662763263,1,comprehension,medium,short_delay,1.0,0.5530239185211597,4.541162264878505,0.0,0.8071361889151435,2,3,1,medium,Stable Learner,Fast but Inaccurate
L0379,379,G,Cooking,8.32907449786559,2,reasoning,easy,short_delay,0.0,0.30528306526432875,4.612669166901463,1.0,0.8071361889151435,1,2,2,medium,Stable Learner,Fast but Inaccurate
L0379,379,G,Sports,9.24985581745051,3,inference,easy,short_delay,0.0,0.4452417468045576,5.29967407693312,0.0,0.8071361889151435,1,3,0,medium,Stable Learner,Fast but Inaccurate
L0379,379,G,Sports,14.580713590456675,4,inference,hard,immediate,1.0,0.6296129146817655,5.429956522045134,0.0,0.8071361889151435,1,3,0,medium,Stable Learner,Fast but Inaccurate
L0379,379,G,Entertainment,7.137093979593625,5,inference,hard,immediate,1.0,0.536440701399433,3.548908880984366,0.0,0.8071361889151435,3,3,1,medium,Stable Learner,Fast but Inaccurate
L0379,379,G,World,17.16314380315384,6,comprehension,medium,immediate,0.0,0.44236924073188444,4.355511085948428,0.0,0.8071361889151435,4,1,2,medium,Stable Learner,Fast but Inaccurate
L0379,379,G,World,17.021611956775168,7,reasoning,medium,immediate,1.0,0.631050936027698,5.2710089185473645,0.0,0.8071361889151435,0,0,0,medium,Stable Learner,Fast but Inaccurate
L0379,379,G,Cooking,15.820487627678894,8,inference,hard,long_delay,0.0,0.4943162289514468,3.868440597987142,0.0,0.8071361889151435,4,0,0,medium,Stable Learner,Fast but Inaccurate
L0379,379,G,World,8.435748339277891,9,inference,easy,immediate,1.0,0.5406695565948774,2.6911038337883815,0.0,0.8071361889151435,4,3,1,medium,Stable Learner,Fast but Inaccurate
L0380,380,G,Cooking,14.517815586377848,0,inference,easy,long_delay,0.0,0.3923937017794155,4.00098889337504,0.0,0.6329030643643329,4,2,2,medium,Fast but Inaccurate,Fast but Inaccurate
L0380,380,G,Sports,18.681012364648844,1,factual_recall,hard,short_delay,0.0,0.4147837867336158,4.499075917457131,1.0,0.6329030643643329,2,1,2,medium,Fast but Inaccurate,Fast but Inaccurate
L0380,380,G,News,5.875767412117571,2,factual_recall,medium,short_delay,0.0,0.455820725160531,3.82278918298825,0.0,0.6329030643643329,0,0,0,medium,Fast but Inaccurate,Fast but Inaccurate
L0380,380,G,Sports,7.3396890093991125,3,factual_recall,medium,short_delay,0.0,0.27482843784756006,3.375274516400605,0.0,0.6329030643643329,4,3,0,medium,Fast but Inaccurate,Fast but Inaccurate
L0380,380,G,News,16.39342926492248,4,reasoning,medium,long_delay,0.0,0.338665057881112,2.5102145766836665,0.0,0.6329030643643329,0,2,2,medium,Fast but Inaccurate,Fast but Inaccurate
L0380,380,G,World,15.438761384149226,5,comprehension,hard,immediate,0.0,0.3976225857496878,3.402082825362919,0.0,0.6329030643643329,2,0,0,medium,Fast but Inaccurate,Fast but Inaccurate
L0380,380,G,News,16.51875475213974,6,reasoning,medium,short_delay,1.0,0.5769942482120902,4.836187256632379,0.0,0.6329030643643329,3,3,2,medium,Fast but Inaccurate,Fast but Inaccurate
L0380,380,G,Entertainment,15.996520216050344,7,reasoning,easy,short_delay,0.0,0.48142443461887213,5.260674142695206,0.0,0.6329030643643329,1,0,1,medium,Fast but Inaccurate,Fast but Inaccurate
L0380,380,G,World,18.684458404784955,8,comprehension,hard,immediate,1.0,0.5725879435171788,3.226843098442669,1.0,0.6329030643643329,1,0,2,medium,Fast but Inaccurate,Fast but Inaccurate
L0380,380,G,Entertainment,7.906085706428329,9,factual_recall,medium,long_delay,0.0,0.43530826357731267,2.2662625166016985,0.0,0.6329030643643329,1,3,0,medium,Fast but Inaccurate,Fast but Inaccurate
L0381,381,G,Cooking,5.141036168045643,0,comprehension,hard,long_delay,0.0,0.3078790216928571,3.9542818853213877,0.0,0.6739242031941397,0,2,1,medium,Fast but Inaccurate,Fast but Inaccurate
L0381,381,G,News,5.402133206409649,1,comprehension,hard,immediate,1.0,0.5713175552837286,3.8528197931608963,0.0,0.6739242031941397,4,2,1,medium,Fast but Inaccurate,Fast but Inaccurate
L0381,381,G,Cooking,15.535348853649195,2,reasoning,medium,immediate,1.0,0.5115888733620856,2.208816849282671,0.0,0.6739242031941397,1,3,1,medium,Fast but Inaccurate,Fast but Inaccurate
L0381,381,G,Sports,7.863631345900578,3,inference,easy,immediate,1.0,0.5119373313845423,3.032395453663603,1.0,0.6739242031941397,0,3,1,medium,Fast but Inaccurate,Fast but Inaccurate
L0381,381,G,Entertainment,12.473095419176804,4,factual_recall,easy,long_delay,1.0,0.6032103707500487,3.977491347186942,0.0,0.6739242031941397,3,0,0,medium,Fast but Inaccurate,Fast but Inaccurate
L0381,381,G,Sports,12.792220737408991,5,comprehension,medium,long_delay,1.0,0.5084006386785224,3.389313289563397,0.0,0.6739242031941397,0,1,2,medium,Fast but Inaccurate,Fast but Inaccurate
L0381,381,G,Sports,6.474308762438506,6,comprehension,easy,immediate,0.0,0.32191115158842326,5.126257848376013,0.0,0.6739242031941397,3,2,0,medium,Fast but Inaccurate,Fast but Inaccurate
L0381,381,G,News,5.115883956736465,7,inference,medium,immediate,1.0,0.535037230075203,5.297485766446168,0.0,0.6739242031941397,1,1,0,medium,Fast but Inaccurate,Fast but Inaccurate
L0381,381,G,Cooking,14.621471219484018,8,factual_recall,hard,immediate,0.0,0.31480575319931203,2.8796140171959728,0.0,0.6739242031941397,3,0,0,medium,Fast but Inaccurate,Fast but Inaccurate
L0381,381,G,Sports,19.850598556432576,9,reasoning,hard,long_delay,0.0,0.3926353581234918,4.05975474708001,0.0,0.6739242031941397,1,0,2,medium,Fast but Inaccurate,Fast but Inaccurate
L0382,382,G,World,14.439833574653955,0,factual_recall,hard,short_delay,0.0,0.357808429561682,4.541035382267932,0.0,0.8261438998547799,1,3,0,medium,Needs Review,Fast but Inaccurate
L0382,382,G,World,15.828259999907042,1,reasoning,hard,long_delay,0.0,0.3456409158669736,2.993190474734198,1.0,0.8261438998547799,2,0,0,medium,Needs Review,Fast but Inaccurate
L0382,382,G,World,5.233330718420141,2,inference,hard,short_delay,1.0,0.7115790768197491,3.210333452704254,0.0,0.8261438998547799,1,1,2,medium,Needs Review,Fast but Inaccurate
L0382,382,G,Entertainment,16.036705457129194,3,inference,medium,immediate,0.0,0.3196953733939719,5.083510229438772,0.0,0.8261438998547799,0,0,0,medium,Needs Review,Fast but Inaccurate
L0382,382,G,Entertainment,19.684645425739284,4,comprehension,medium,immediate,0.0,0.3976673240771528,5.705293068776492,0.0,0.8261438998547799,4,3,1,medium,Needs Review,Fast but Inaccurate
L0382,382,G,News,17.93345516184665,5,inference,medium,long_delay,0.0,0.222239180530143,5.2559168585803775,0.0,0.8261438998547799,4,0,1,medium,Needs Review,Fast but Inaccurate
L0382,382,G,Entertainment,15.962174006963656,6,inference,medium,immediate,0.0,0.3484964254258149,2.353668880585838,1.0,0.8261438998547799,2,3,2,medium,Needs Review,Fast but Inaccurate
L0382,382,G,Entertainment,8.031261778629526,7,reasoning,easy,long_delay,0.0,0.33069173230331217,5.189407142390015,0.0,0.8261438998547799,2,1,2,medium,Needs Review,Fast but Inaccurate
L0382,382,G,Sports,9.530720100650013,8,inference,hard,long_delay,0.0,0.3695651152765595,5.853688856514337,1.0,0.8261438998547799,4,0,0,medium,Needs Review,Fast but Inaccurate
L0382,382,G,Sports,17.59392836250235,9,comprehension,easy,long_delay,0.0,0.48598605352723345,2.3040507125913487,0.0,0.8261438998547799,1,2,0,medium,Needs Review,Fast but Inaccurate
L0383,383,G,Entertainment,9.615248865317982,0,inference,easy,immediate,0.0,0.08430768063066821,4.776544841941126,0.0,0.5811794419623194,2,3,0,medium,Low-Engagement,Fast but Inaccurate
L0383,383,G,Entertainment,19.56466100322236,1,factual_recall,medium,short_delay,0.0,0.47719457049701103,4.5857396653217135,0.0,0.5811794419623194,4,1,0,medium,Low-Engagement,Fast but Inaccurate
L0383,383,G,Cooking,12.451029581993424,2,factual_recall,easy,immediate,0.0,0.3476566478595618,3.8825166860663205,0.0,0.5811794419623194,4,0,1,medium,Low-Engagement,Fast but Inaccurate
L0383,383,G,News,5.912139326923308,3,reasoning,hard,immediate,0.0,0.2532884892270754,4.0588401885786265,0.0,0.5811794419623194,4,2,2,medium,Low-Engagement,Fast but Inaccurate
L0383,383,G,Entertainment,17.459963260515146,4,inference,easy,long_delay,0.0,0.35135888133990467,4.792465856684522,1.0,0.5811794419623194,0,0,2,medium,Low-Engagement,Fast but Inaccurate
L0383,383,G,Sports,17.930991487957044,5,factual_recall,medium,immediate,1.0,0.5609571034433514,3.2505506842883776,0.0,0.5811794419623194,3,1,1,medium,Low-Engagement,Fast but Inaccurate
L0383,383,G,News,9.272522716880859,6,reasoning,medium,long_delay,0.0,0.49293908241884304,5.087882964982075,0.0,0.5811794419623194,4,2,2,medium,Low-Engagement,Fast but Inaccurate
L0383,383,G,Sports,14.255595477859497,7,comprehension,medium,long_delay,1.0,0.5426113443383898,4.565093964648376,0.0,0.5811794419623194,2,3,2,medium,Low-Engagement,Fast but Inaccurate
L0383,383,G,News,19.24910919286624,8,reasoning,medium,short_delay,1.0,0.5043714669238757,4.002257896705599,0.0,0.5811794419623194,3,3,1,medium,Low-Engagement,Fast but Inaccurate
L0383,383,G,World,18.363910427260052,9,comprehension,hard,short_delay,0.0,0.33974016175218275,5.53123640456113,0.0,0.5811794419623194,3,0,1,medium,Low-Engagement,Fast but Inaccurate
L0384,384,G,Entertainment,5.359280007444845,0,reasoning,hard,short_delay,0.0,0.4939726800449429,4.790188743786225,0.0,0.8267119783533808,3,2,1,medium,Fast but Inaccurate,Fast but Inaccurate
L0384,384,G,World,16.102842932801643,1,inference,easy,long_delay,1.0,0.780679209232662,4.096715967973746,0.0,0.8267119783533808,4,1,2,medium,Fast but Inaccurate,Fast but Inaccurate
L0384,384,G,News,19.015143147270734,2,comprehension,easy,long_delay,0.0,0.4384906612201576,4.401871067554928,0.0,0.8267119783533808,0,3,2,medium,Fast but Inaccurate,Fast but Inaccurate
L0384,384,G,Cooking,8.010255366450036,3,factual_recall,hard,short_delay,0.0,0.4862443263700848,5.15113641358281,1.0,0.8267119783533808,2,2,2,medium,Fast but Inaccurate,Fast but Inaccurate
L0384,384,G,Entertainment,10.331052708892956,4,comprehension,easy,long_delay,0.0,0.48906042686148765,3.7726444049485353,0.0,0.8267119783533808,4,2,2,medium,Fast but Inaccurate,Fast but Inaccurate
L0384,384,G,Cooking,15.524158057598413,5,reasoning,hard,short_delay,1.0,0.5280907629618005,2.548148789246751,0.0,0.8267119783533808,2,1,0,medium,Fast but Inaccurate,Fast but Inaccurate
L0384,384,G,World,13.178637507826881,6,factual_recall,medium,long_delay,0.0,0.33397452883264034,3.7336600696390243,0.0,0.8267119783533808,4,2,0,medium,Fast but Inaccurate,Fast but Inaccurate
L0384,384,G,Cooking,5.2805705783189465,7,inference,easy,immediate,0.0,0.4407341696666026,3.1744448189123924,0.0,0.8267119783533808,1,1,1,medium,Fast but Inaccurate,Fast but Inaccurate
L0384,384,G,Sports,19.39931176890739,8,inference,hard,short_delay,1.0,0.5493191302654074,1.874263948478796,0.0,0.8267119783533808,0,2,2,medium,Fast but Inaccurate,Fast but Inaccurate
L0384,384,G,Entertainment,11.454165840801483,9,reasoning,medium,immediate,0.0,0.41006838858966904,3.8933183728274288,0.0,0.8267119783533808,2,3,1,medium,Fast but Inaccurate,Fast but Inaccurate
L0385,385,G,World,12.89465283346425,0,comprehension,medium,immediate,0.0,0.4755140031977705,4.468014146492811,0.0,0.8278323768802622,2,1,0,medium,Fast but Inaccurate,Fast but Inaccurate
L0385,385,G,World,15.746729862163093,1,factual_recall,medium,long_delay,1.0,0.5704919929931265,4.332500186049984,1.0,0.8278323768802622,0,0,2,medium,Fast but Inaccurate,Fast but Inaccurate
L0385,385,G,News,13.024742659262268,2,reasoning,easy,immediate,0.0,0.15920296578026455,4.280151343429321,0.0,0.8278323768802622,4,2,2,medium,Fast but Inaccurate,Fast but Inaccurate
L0385,385,G,Cooking,10.107026626344574,3,comprehension,medium,long_delay,0.0,0.2390219147437459,5.34837098817785,0.0,0.8278323768802622,2,3,2,medium,Fast but Inaccurate,Fast but Inaccurate
L0385,385,G,Cooking,18.17114150463842,4,factual_recall,easy,immediate,1.0,0.6051207149376858,3.9858196733875264,1.0,0.8278323768802622,3,0,1,medium,Fast but Inaccurate,Fast but Inaccurate
L0385,385,G,News,6.778648638915227,5,reasoning,medium,short_delay,0.0,0.36365748227457495,3.9564197474753704,0.0,0.8278323768802622,1,0,0,medium,Fast but Inaccurate,Fast but Inaccurate
L0385,385,G,News,12.638045566109549,6,reasoning,hard,long_delay,0.0,0.2740340697732118,4.80281148946829,0.0,0.8278323768802622,1,1,2,medium,Fast but Inaccurate,Fast but Inaccurate
L0385,385,G,World,7.991789934055606,7,inference,medium,immediate,0.0,0.4256761912136944,4.552659707706454,0.0,0.8278323768802622,1,2,2,medium,Fast but Inaccurate,Fast but Inaccurate
L0385,385,G,World,19.424016312892135,8,comprehension,hard,long_delay,0.0,0.4790814896556866,3.0971417574012063,0.0,0.8278323768802622,3,2,1,medium,Fast but Inaccurate,Fast but Inaccurate
L0385,385,G,Cooking,10.437053538471059,9,inference,easy,short_delay,0.0,0.4310382576691335,3.9078862529145706,0.0,0.8278323768802622,4,0,2,medium,Fast but Inaccurate,Fast but Inaccurate
L0386,386,G,Sports,7.938520600890771,0,reasoning,hard,long_delay,0.0,0.4534422642920268,5.101435028590298,0.0,0.7419963527893175,1,1,0,medium,Fast but Inaccurate,Fast but Inaccurate
L0386,386,G,Entertainment,19.745042303109297,1,reasoning,medium,long_delay,0.0,0.43035239937032504,4.509364737693773,0.0,0.7419963527893175,1,1,0,medium,Fast but Inaccurate,Fast but Inaccurate
L0386,386,G,World,14.810276931744013,2,reasoning,medium,immediate,0.0,0.468336215270097,4.2497421655661185,0.0,0.7419963527893175,1,1,0,medium,Fast but Inaccurate,Fast but Inaccurate
L0386,386,G,Cooking,9.128560121488553,3,factual_recall,easy,immediate,0.0,0.4129049457140068,3.872228751743835,0.0,0.7419963527893175,1,3,2,medium,Fast but Inaccurate,Fast but Inaccurate
L0386,386,G,News,5.2073289909983895,4,reasoning,hard,short_delay,0.0,0.39527550769295466,3.0986504789836173,0.0,0.7419963527893175,3,2,1,medium,Fast but Inaccurate,Fast but Inaccurate
L0386,386,G,Entertainment,11.2084751002794,5,reasoning,medium,immediate,0.0,0.3252274966159664,3.7461686270416337,0.0,0.7419963527893175,3,3,2,medium,Fast but Inaccurate,Fast but Inaccurate
L0386,386,G,World,15.362941517254557,6,factual_recall,hard,immediate,1.0,0.5669353936738097,4.574875644330463,0.0,0.7419963527893175,0,1,1,medium,Fast but Inaccurate,Fast but Inaccurate
L0386,386,G,World,7.410800839173674,7,inference,easy,immediate,0.0,0.30280099847050046,4.389714947814872,0.0,0.7419963527893175,3,3,2,medium,Fast but Inaccurate,Fast but Inaccurate
L0386,386,G,World,18.05737964623222,8,comprehension,hard,immediate,0.0,0.46895364003328954,4.788722493303547,0.0,0.7419963527893175,1,3,2,medium,Fast but Inaccurate,Fast but Inaccurate
L0386,386,G,World,16.6322363801085,9,comprehension,hard,immediate,1.0,0.6675836489605926,5.219671865044563,0.0,0.7419963527893175,4,0,2,medium,Fast but Inaccurate,Fast but Inaccurate
L0387,387,G,Entertainment,17.704867575405974,0,reasoning,medium,long_delay,1.0,0.6465269465990239,3.4844119154142126,0.0,0.6543114962707797,4,0,2,medium,Fast but Inaccurate,Fast but Inaccurate
L0387,387,G,News,8.382616181536036,1,reasoning,hard,immediate,0.0,0.42681283408806014,4.565234792102023,0.0,0.6543114962707797,2,3,2,medium,Fast but Inaccurate,Fast but Inaccurate
L0387,387,G,Sports,13.856646419369609,2,reasoning,easy,short_delay,0.0,0.4458675622363041,4.212145459549778,1.0,0.6543114962707797,0,2,2,medium,Fast but Inaccurate,Fast but Inaccurate
L0387,387,G,Cooking,8.588594018640125,3,factual_recall,medium,long_delay,1.0,0.5961653222618888,5.7271027062280435,0.0,0.6543114962707797,4,1,0,medium,Fast but Inaccurate,Fast but Inaccurate
L0387,387,G,World,19.17093730007003,4,factual_recall,easy,short_delay,1.0,0.692573937808977,6.054711035581001,0.0,0.6543114962707797,0,1,1,medium,Fast but Inaccurate,Fast but Inaccurate
L0387,387,G,News,16.299007843222782,5,inference,hard,long_delay,1.0,0.5007414949968904,3.8634955846743315,0.0,0.6543114962707797,4,0,0,medium,Fast but Inaccurate,Fast but Inaccurate
L0387,387,G,Cooking,10.55401931562992,6,inference,easy,short_delay,1.0,0.5897696383659313,3.3203155898789745,0.0,0.6543114962707797,1,0,0,medium,Fast but Inaccurate,Fast but Inaccurate
L0387,387,G,Sports,14.284372373899698,7,comprehension,medium,long_delay,0.0,0.3395630826401413,5.160035899396306,1.0,0.6543114962707797,4,3,0,medium,Fast but Inaccurate,Fast but Inaccurate
L0387,387,G,News,11.907120067872865,8,inference,medium,immediate,0.0,0.38646380460565277,5.264223639758612,1.0,0.6543114962707797,3,0,0,medium,Fast but Inaccurate,Fast but Inaccurate
L0387,387,G,Entertainment,17.399506231465534,9,factual_recall,easy,short_delay,0.0,0.28770628217352173,4.441248131785914,0.0,0.6543114962707797,2,1,1,medium,Fast but Inaccurate,Fast but Inaccurate
L0388,388,G,Sports,10.450467703591963,0,factual_recall,easy,short_delay,0.0,0.42141192318046483,3.655378977791776,0.0,0.8337615234609616,0,0,1,medium,Fast but Inaccurate,Fast but Inaccurate
L0388,388,G,Entertainment,8.781853206702907,1,inference,medium,immediate,1.0,0.707425010671148,4.498814558381293,0.0,0.8337615234609616,0,1,0,medium,Fast but Inaccurate,Fast but Inaccurate
L0388,388,G,Sports,16.0296002526184,2,comprehension,medium,long_delay,0.0,0.27679223871054476,3.8636521501117636,0.0,0.8337615234609616,2,2,1,medium,Fast but Inaccurate,Fast but Inaccurate
L0388,388,G,Sports,18.34119679381373,3,reasoning,hard,long_delay,0.0,0.36840194298734863,3.8602578168034722,0.0,0.8337615234609616,3,3,1,medium,Fast but Inaccurate,Fast but Inaccurate
L0388,388,G,World,15.841624379318564,4,inference,hard,immediate,0.0,0.46681100376610807,3.8234230688483084,0.0,0.8337615234609616,4,2,0,medium,Fast but Inaccurate,Fast but Inaccurate
L0388,388,G,News,17.14071280235747,5,factual_recall,medium,long_delay,1.0,0.5057249816602367,3.178942246501283,0.0,0.8337615234609616,4,3,0,medium,Fast but Inaccurate,Fast but Inaccurate
L0388,388,G,World,15.860155073920636,6,factual_recall,hard,long_delay,0.0,0.3799316759370215,3.0772565180199702,0.0,0.8337615234609616,0,3,1,medium,Fast but Inaccurate,Fast but Inaccurate
L0388,388,G,Sports,19.73481407989803,7,comprehension,hard,short_delay,0.0,0.3228882000685378,3.4742976803666377,0.0,0.8337615234609616,4,0,1,medium,Fast but Inaccurate,Fast but Inaccurate
L0388,388,G,Cooking,6.140504115512067,8,inference,easy,immediate,1.0,0.5244315438282472,4.0320709730041955,0.0,0.8337615234609616,4,0,2,medium,Fast but Inaccurate,Fast but Inaccurate
L0388,388,G,Cooking,19.470952392667364,9,inference,medium,long_delay,0.0,0.4659888787165258,2.1287264938409556,0.0,0.8337615234609616,2,3,2,medium,Fast but Inaccurate,Fast but Inaccurate
L0389,389,G,News,9.00326876521125,0,factual_recall,hard,immediate,0.0,0.42569907814450625,3.8129179506237056,0.0,0.7521678716726804,4,1,1,medium,Fast but Inaccurate,Fast but Inaccurate
L0389,389,G,Entertainment,12.630889011615722,1,factual_recall,easy,long_delay,0.0,0.4615225540617744,5.514049508749041,0.0,0.7521678716726804,3,0,2,medium,Fast but Inaccurate,Fast but Inaccurate
L0389,389,G,World,12.925993635265142,2,comprehension,hard,short_delay,1.0,0.5401499680938391,4.794962749822714,0.0,0.7521678716726804,1,0,0,medium,Fast but Inaccurate,Fast but Inaccurate
L0389,389,G,World,19.366557537505567,3,comprehension,medium,long_delay,0.0,0.19589848996026824,3.2063864434431397,0.0,0.7521678716726804,1,3,0,medium,Fast but Inaccurate,Fast but Inaccurate
L0389,389,G,World,5.398180353514464,4,factual_recall,hard,short_delay,0.0,0.4078871462727296,1.4985662109163385,0.0,0.7521678716726804,1,0,0,medium,Fast but Inaccurate,Fast but Inaccurate
L0389,389,G,Entertainment,18.933651411950862,5,comprehension,easy,long_delay,1.0,0.5319204857517077,3.5378505758055505,0.0,0.7521678716726804,3,2,2,medium,Fast but Inaccurate,Fast but Inaccurate
L0389,389,G,Entertainment,18.839634524480633,6,comprehension,hard,short_delay,0.0,0.47978727180276637,3.9627576334977817,1.0,0.7521678716726804,0,2,0,medium,Fast but Inaccurate,Fast but Inaccurate
L0389,389,G,Entertainment,9.32163702052377,7,factual_recall,easy,long_delay,0.0,0.31483428127184554,4.450660021577603,0.0,0.7521678716726804,2,2,2,medium,Fast but Inaccurate,Fast but Inaccurate
L0389,389,G,Entertainment,11.451557259470551,8,inference,easy,immediate,0.0,0.16586851553893417,2.8891213933541247,0.0,0.7521678716726804,2,0,1,medium,Fast but Inaccurate,Fast but Inaccurate
L0389,389,G,World,8.464176138179301,9,reasoning,hard,long_delay,1.0,0.6541112000154985,4.17800658305269,0.0,0.7521678716726804,0,2,0,medium,Fast but Inaccurate,Fast but Inaccurate
L0390,390,G,World,17.576283883819972,0,factual_recall,hard,long_delay,0.0,0.4683639275583109,4.738945135935388,1.0,0.6110078554825467,2,0,1,medium,Needs Review,Fast but Inaccurate
L0390,390,G,Cooking,5.581088345271531,1,inference,medium,immediate,1.0,0.5292170621828363,4.374646232015208,0.0,0.6110078554825467,1,0,2,medium,Needs Review,Fast but Inaccurate
L0390,390,G,Entertainment,11.009264221135613,2,factual_recall,easy,long_delay,0.0,0.14104612781856649,3.379275317978406,0.0,0.6110078554825467,0,0,2,medium,Needs Review,Fast but Inaccurate
L0390,390,G,News,6.310722961617862,3,reasoning,medium,immediate,0.0,0.44958772465770885,4.144547235968295,0.0,0.6110078554825467,4,3,0,medium,Needs Review,Fast but Inaccurate
L0390,390,G,Sports,5.564352885255208,4,inference,hard,short_delay,0.0,0.42834122896340343,2.941993427233397,0.0,0.6110078554825467,2,2,1,medium,Needs Review,Fast but Inaccurate
L0390,390,G,World,19.147876706432843,5,inference,medium,short_delay,1.0,0.5392989826211987,6.04963870061402,0.0,0.6110078554825467,2,2,0,medium,Needs Review,Fast but Inaccurate
L0390,390,G,Cooking,18.846677087328267,6,reasoning,medium,short_delay,1.0,0.5014482649584633,4.574357400657041,0.0,0.6110078554825467,2,1,2,medium,Needs Review,Fast but Inaccurate
L0390,390,G,Sports,6.7048554153148405,7,comprehension,hard,immediate,0.0,0.2330133774159595,4.78617697644276,0.0,0.6110078554825467,2,1,2,medium,Needs Review,Fast but Inaccurate
L0390,390,G,News,17.27564845394683,8,reasoning,medium,immediate,0.0,0.32039313101331107,5.376811034385401,0.0,0.6110078554825467,4,0,2,medium,Needs Review,Fast but Inaccurate
L0390,390,G,Sports,7.8685198914790995,9,inference,hard,short_delay,0.0,0.35318523935556106,5.016243193218067,0.0,0.6110078554825467,4,3,1,medium,Needs Review,Fast but Inaccurate
L0391,391,G,News,6.936639438275731,0,reasoning,hard,short_delay,1.0,0.701671840635772,4.789176994906971,0.0,0.7242615016915246,3,1,2,medium,Fast but Inaccurate,Fast but Inaccurate
L0391,391,G,Entertainment,6.3140480275753,1,factual_recall,medium,immediate,1.0,0.6886493599511333,1.592888082031359,0.0,0.7242615016915246,0,0,0,medium,Fast but Inaccurate,Fast but Inaccurate
L0391,391,G,Cooking,6.9640493199585025,2,inference,hard,immediate,0.0,0.4046990441702957,2.1354505166077056,0.0,0.7242615016915246,4,1,0,medium,Fast but Inaccurate,Fast but Inaccurate
L0391,391,G,Sports,18.797280325667625,3,reasoning,hard,immediate,0.0,0.4232616947407086,5.06416330649524,0.0,0.7242615016915246,2,1,0,medium,Fast but Inaccurate,Fast but Inaccurate
L0391,391,G,Sports,12.435029056037912,4,reasoning,easy,short_delay,0.0,0.4091675482308966,5.619373447928821,0.0,0.7242615016915246,4,0,2,medium,Fast but Inaccurate,Fast but Inaccurate
L0391,391,G,News,7.115128830805576,5,reasoning,medium,long_delay,0.0,0.3766401152343245,4.553734624022777,0.0,0.7242615016915246,2,2,2,medium,Fast but Inaccurate,Fast but Inaccurate
L0391,391,G,News,16.568000867153117,6,comprehension,easy,immediate,0.0,0.33950873849274643,3.6944196849497426,0.0,0.7242615016915246,1,0,1,medium,Fast but Inaccurate,Fast but Inaccurate
L0391,391,G,Entertainment,8.219493961668867,7,reasoning,hard,long_delay,1.0,0.510822853403031,5.352301009395992,0.0,0.7242615016915246,4,2,0,medium,Fast but Inaccurate,Fast but Inaccurate
L0391,391,G,News,8.1562041323202,8,comprehension,easy,long_delay,1.0,0.6853729724070674,4.753593771878911,0.0,0.7242615016915246,0,0,1,medium,Fast but Inaccurate,Fast but Inaccurate
L0391,391,G,Entertainment,9.315569404828398,9,reasoning,medium,long_delay,1.0,0.6360098267874377,5.1374452807333615,1.0,0.7242615016915246,0,3,2,medium,Fast but Inaccurate,Fast but Inaccurate
L0392,392,H,News,14.385540207554259,0,factual_recall,easy,short_delay,1.0,0.8843344846237465,30.599529039228212,0.0,0.7911838900129333,3,3,2,low,Stable Learner,Slow but Accurate
L0392,392,H,World,16.27912073037674,1,comprehension,easy,immediate,1.0,0.7186870737178284,22.597957767305754,0.0,0.7911838900129333,2,3,2,low,Stable Learner,Slow but Accurate
L0392,392,H,World,19.963250156822692,2,inference,hard,long_delay,1.0,0.819619910717921,28.524003851568416,0.0,0.7911838900129333,0,2,2,low,Stable Learner,Slow but Accurate
L0392,392,H,News,16.27311249101259,3,comprehension,medium,short_delay,1.0,0.7650948017149314,27.51619699083906,0.0,0.7911838900129333,4,1,0,low,Stable Learner,Slow but Accurate
L0392,392,H,World,12.25821260661264,4,inference,hard,immediate,1.0,0.7821998494042802,25.894809394607513,0.0,0.7911838900129333,3,2,1,low,Stable Learner,Slow but Accurate
L0392,392,H,Entertainment,16.696974751153476,5,comprehension,hard,long_delay,1.0,0.6594412485218587,27.907500845081753,0.0,0.7911838900129333,2,2,0,low,Stable Learner,Slow but Accurate
L0392,392,H,Sports,19.751067415353436,6,inference,easy,long_delay,1.0,0.6891552812650632,32.58227152803748,0.0,0.7911838900129333,1,0,1,low,Stable Learner,Slow but Accurate
L0392,392,H,Entertainment,9.044615553291376,7,reasoning,hard,immediate,1.0,0.6909717268766543,23.68044148910538,0.0,0.7911838900129333,0,3,0,low,Stable Learner,Slow but Accurate
L0392,392,H,Cooking,16.297371664267448,8,comprehension,easy,short_delay,1.0,0.752027794083262,25.92465397800395,0.0,0.7911838900129333,2,2,0,low,Stable Learner,Slow but Accurate
L0392,392,H,Sports,18.19363635267432,9,inference,medium,short_delay,1.0,0.856092446440349,33.89272481735688,0.0,0.7911838900129333,0,3,2,low,Stable Learner,Slow but Accurate
L0393,393,H,Entertainment,16.632750306935627,0,factual_recall,medium,short_delay,1.0,0.8798129614820015,33.527898041977075,0.0,0.871228513943785,1,1,2,low,Stable Learner,Slow but Accurate
L0393,393,H,News,16.81107746720833,1,factual_recall,easy,immediate,1.0,0.7643881704747738,38.22782550518119,0.0,0.871228513943785,1,0,0,low,Stable Learner,Slow but Accurate
L0393,393,H,World,9.318505957326833,2,inference,hard,short_delay,1.0,0.6657653763394074,30.68927290367734,0.0,0.871228513943785,1,2,1,low,Stable Learner,Slow but Accurate
L0393,393,H,World,16.86773790585718,3,inference,medium,short_delay,1.0,0.7228172306365828,20.28454167333629,0.0,0.871228513943785,0,0,0,low,Stable Learner,Slow but Accurate
L0393,393,H,World,11.206483309933168,4,reasoning,hard,short_delay,1.0,0.5713613377971389,27.866650764239736,0.0,0.871228513943785,4,2,0,low,Stable Learner,Slow but Accurate
L0393,393,H,Cooking,15.89100056338947,5,reasoning,easy,long_delay,1.0,0.7452911933333805,38.73655289254238,0.0,0.871228513943785,4,1,2,low,Stable Learner,Slow but Accurate
L0393,393,H,News,10.952031624078778,6,reasoning,medium,long_delay,1.0,0.8818145088752211,26.134595788689133,0.0,0.871228513943785,4,3,1,low,Stable Learner,Slow but Accurate
L0393,393,H,Sports,5.894237431603917,7,inference,hard,immediate,1.0,0.655071762608927,28.84283503105262,0.0,0.871228513943785,3,3,2,low,Stable Learner,Slow but Accurate
L0393,393,H,World,17.280567046157067,8,reasoning,easy,short_delay,1.0,0.6335162503108759,29.44335762399437,1.0,0.871228513943785,4,1,2,low,Stable Learner,Slow but Accurate
L0393,393,H,Entertainment,10.578492138079348,9,reasoning,medium,short_delay,1.0,0.6977391986599603,18.72482224499806,0.0,0.871228513943785,3,1,1,low,Stable Learner,Slow but Accurate
L0394,394,H,News,10.569085218011695,0,reasoning,medium,long_delay,1.0,0.736406075206572,29.521822291486437,0.0,0.9523830548321315,3,2,0,low,Stable Learner,Slow but Accurate
L0394,394,H,World,12.56392669140224,1,factual_recall,easy,long_delay,1.0,0.7681700761183335,32.07443192676452,0.0,0.9523830548321315,2,0,0,low,Stable Learner,Slow but Accurate
L0394,394,H,Entertainment,12.495245768391744,2,comprehension,medium,short_delay,1.0,0.6853849950591784,29.128527499123052,0.0,0.9523830548321315,4,0,2,low,Stable Learner,Slow but Accurate
L0394,394,H,Entertainment,14.665266860688039,3,inference,easy,long_delay,1.0,0.6441019837926825,28.905720373551873,0.0,0.9523830548321315,3,3,0,low,Stable Learner,Slow but Accurate
L0394,394,H,Cooking,14.333702894257257,4,factual_recall,medium,short_delay,1.0,0.7276931193950976,37.617761265648035,0.0,0.9523830548321315,3,2,1,low,Stable Learner,Slow but Accurate
L0394,394,H,Sports,8.194333561568836,5,reasoning,medium,immediate,1.0,0.8542409355468438,28.56948728495276,0.0,0.9523830548321315,1,3,0,low,Stable Learner,Slow but Accurate
L0394,394,H,Cooking,8.021456037252909,6,reasoning,easy,short_delay,1.0,0.6938431551771953,25.17755928754656,0.0,0.9523830548321315,2,2,1,low,Stable Learner,Slow but Accurate
L0394,394,H,Entertainment,17.797489767079597,7,inference,hard,immediate,1.0,0.8790016928016442,21.20218274050213,0.0,0.9523830548321315,4,3,1,low,Stable Learner,Slow but Accurate
L0394,394,H,Sports,16.55543909273893,8,factual_recall,medium,long_delay,1.0,0.7041701294987861,35.64181413658203,0.0,0.9523830548321315,4,3,0,low,Stable Learner,Slow but Accurate
L0394,394,H,World,12.092822339013532,9,comprehension,hard,short_delay,1.0,0.66454182748951,25.445931861434932,0.0,0.9523830548321315,2,2,0,low,Stable Learner,Slow but Accurate
L0395,395,H,News,18.02795315865594,0,reasoning,medium,long_delay,1.0,0.7269677497268372,26.810752276589408,0.0,0.8709220384718961,4,0,1,low,Stable Learner,Slow but Accurate
L0395,395,H,Entertainment,17.266173866798994,1,comprehension,easy,long_delay,1.0,0.9480141908291219,46.66355283437823,0.0,0.8709220384718961,3,0,1,low,Stable Learner,Slow but Accurate
L0395,395,H,World,18.522640990546527,2,comprehension,hard,immediate,1.0,0.6465559065357216,25.283574444743127,0.0,0.8709220384718961,1,3,0,low,Stable Learner,Slow but Accurate
L0395,395,H,Entertainment,8.31363517149272,3,reasoning,hard,long_delay,1.0,0.789493949755431,36.26509099399395,0.0,0.8709220384718961,0,3,0,low,Stable Learner,Slow but Accurate
L0395,395,H,Entertainment,18.337849044244578,4,reasoning,hard,long_delay,1.0,0.833682515710652,31.263549174236324,0.0,0.8709220384718961,0,1,0,low,Stable Learner,Slow but Accurate
L0395,395,H,Cooking,19.724351710622482,5,comprehension,medium,long_delay,1.0,0.7226987807021702,28.65083872686025,1.0,0.8709220384718961,0,1,1,low,Stable Learner,Slow but Accurate
L0395,395,H,News,9.595949973166825,6,reasoning,easy,short_delay,1.0,0.7365186598479339,36.824566566145585,0.0,0.8709220384718961,1,2,1,low,Stable Learner,Slow but Accurate
L0395,395,H,Entertainment,10.273222540950224,7,inference,hard,short_delay,1.0,0.717882669541666,18.399542526059204,0.0,0.8709220384718961,2,3,2,low,Stable Learner,Slow but Accurate
L0395,395,H,Entertainment,11.07140015192573,8,comprehension,medium,short_delay,1.0,0.7500177850291264,30.551070750799507,0.0,0.8709220384718961,4,1,1,low,Stable Learner,Slow but Accurate
L0395,395,H,Entertainment,13.35692778361553,9,factual_recall,medium,long_delay,1.0,0.821959405014977,23.70172037003107,1.0,0.8709220384718961,2,3,2,low,Stable Learner,Slow but Accurate
L0396,396,H,Cooking,8.587980272788535,0,reasoning,easy,long_delay,1.0,0.7915352857630245,22.304205407665805,0.0,0.8066548375383935,0,0,2,low,Stable Learner,Slow but Accurate
L0396,396,H,Cooking,6.738261170646451,1,reasoning,easy,short_delay,1.0,0.7118485033272379,25.392981311861806,0.0,0.8066548375383935,2,3,2,low,Stable Learner,Slow but Accurate
L0396,396,H,Cooking,9.404456532872244,2,factual_recall,medium,immediate,1.0,0.8265768775580167,29.152071953411273,1.0,0.8066548375383935,4,3,2,low,Stable Learner,Slow but Accurate
L0396,396,H,Sports,13.618577833246244,3,inference,easy,short_delay,1.0,0.6451083011573711,31.459423993964997,0.0,0.8066548375383935,0,3,0,low,Stable Learner,Slow but Accurate
L0396,396,H,News,12.961305067752638,4,comprehension,easy,short_delay,1.0,0.7844557560794176,29.823061760679092,0.0,0.8066548375383935,2,3,0,low,Stable Learner,Slow but Accurate
L0396,396,H,News,11.466020176011803,5,comprehension,medium,short_delay,1.0,0.5754355046550373,22.379435208983868,0.0,0.8066548375383935,1,0,0,low,Stable Learner,Slow but Accurate
L0396,396,H,World,5.282418293091657,6,comprehension,hard,short_delay,1.0,0.7992694478704532,39.02607650757616,0.0,0.8066548375383935,4,0,0,low,Stable Learner,Slow but Accurate
L0396,396,H,Sports,11.561143050443093,7,reasoning,medium,short_delay,1.0,0.736015788738263,29.996884437517007,1.0,0.8066548375383935,0,0,1,low,Stable Learner,Slow but Accurate
L0396,396,H,Entertainment,19.842904699466704,8,reasoning,medium,immediate,1.0,0.7819482807317991,24.265812948552387,0.0,0.8066548375383935,1,0,2,low,Stable Learner,Slow but Accurate
L0396,396,H,World,8.990285102507755,9,factual_recall,easy,long_delay,1.0,0.701986998429529,30.545321230998905,0.0,0.8066548375383935,4,0,1,low,Stable Learner,Slow but Accurate
L0397,397,H,News,10.235424006710453,0,inference,easy,immediate,1.0,0.7530004560866022,32.28742679652976,0.0,0.8765881943290662,4,0,2,low,Needs Review,Slow but Accurate
L0397,397,H,News,6.55370041517403,1,factual_recall,easy,short_delay,1.0,0.7613252404468935,33.21115053076346,0.0,0.8765881943290662,4,2,1,low,Needs Review,Slow but Accurate
L0397,397,H,World,13.442206434205769,2,inference,medium,short_delay,1.0,0.747466640231266,32.053088467808486,0.0,0.8765881943290662,0,3,2,low,Needs Review,Slow but Accurate
L0397,397,H,Sports,15.417869626860067,3,inference,hard,long_delay,1.0,0.8613767160425649,24.013193906725093,0.0,0.8765881943290662,4,1,1,low,Needs Review,Slow but Accurate
L0397,397,H,News,12.55789343946645,4,inference,easy,immediate,1.0,0.8495197373143025,24.04555055526791,0.0,0.8765881943290662,3,1,1,low,Needs Review,Slow but Accurate
L0397,397,H,Cooking,8.868327867058424,5,reasoning,easy,short_delay,1.0,0.9214631350856338,39.738784264663195,0.0,0.8765881943290662,0,2,2,low,Needs Review,Slow but Accurate
L0397,397,H,Cooking,18.095657825676216,6,inference,medium,short_delay,1.0,0.749154224045502,23.00804209334751,0.0,0.8765881943290662,2,3,2,low,Needs Review,Slow but Accurate
L0397,397,H,Cooking,11.938170759690607,7,inference,medium,long_delay,1.0,0.7171448432409758,36.499147999749006,0.0,0.8765881943290662,1,2,1,low,Needs Review,Slow but Accurate
L0397,397,H,Cooking,19.619865003046566,8,reasoning,easy,immediate,1.0,0.6725790393448302,30.427456289351547,0.0,0.8765881943290662,4,0,2,low,Needs Review,Slow but Accurate
L0397,397,H,Sports,8.233248690562935,9,factual_recall,hard,short_delay,1.0,0.7084449420278712,23.60440636537715,0.0,0.8765881943290662,2,2,1,low,Needs Review,Slow but Accurate
L0398,398,H,News,13.786552700608073,0,factual_recall,medium,immediate,1.0,0.7426967588433959,35.87042997879171,0.0,1.0,4,3,0,low,Stable Learner,Slow but Accurate
L0398,398,H,Entertainment,8.859311052387543,1,inference,easy,immediate,1.0,0.8118031764380359,24.711285693419658,0.0,1.0,3,0,2,low,Stable Learner,Slow but Accurate
L0398,398,H,Sports,18.1879953551551,2,reasoning,hard,short_delay,1.0,0.7628696048133342,21.77057918346209,0.0,1.0,3,1,1,low,Stable Learner,Slow but Accurate
L0398,398,H,Entertainment,5.758065272415547,3,comprehension,easy,immediate,1.0,0.8051118447972517,44.2031204717586,0.0,1.0,3,0,0,low,Stable Learner,Slow but Accurate
L0398,398,H,Sports,6.335790865825653,4,comprehension,easy,immediate,1.0,0.7614930785952374,27.889299912292735,0.0,1.0,0,1,0,low,Stable Learner,Slow but Accurate
L0398,398,H,Sports,19.074943302501318,5,inference,medium,short_delay,1.0,0.8379693497793476,26.7393648382847,0.0,1.0,3,3,0,low,Stable Learner,Slow but Accurate
L0398,398,H,Cooking,18.480066507306557,6,comprehension,medium,short_delay,1.0,0.6657861187528624,32.48785236586018,0.0,1.0,0,3,2,low,Stable Learner,Slow but Accurate
L0398,398,H,Sports,13.65810309769671,7,inference,medium,long_delay,1.0,0.5542021382105827,32.89278473616526,0.0,1.0,1,2,2,low,Stable Learner,Slow but Accurate
L0398,398,H,Entertainment,12.003311826139019,8,reasoning,easy,immediate,1.0,0.7833922497663202,34.83476011235356,1.0,1.0,0,2,0,low,Stable Learner,Slow but Accurate
L0398,398,H,Entertainment,11.155824610471699,9,reasoning,hard,immediate,1.0,0.6055938131792541,20.002158999743973,0.0,1.0,1,2,2,low,Stable Learner,Slow but Accurate
L0399,399,H,Cooking,15.144094015431937,0,comprehension,hard,long_delay,1.0,0.790517203426726,18.138492166166394,0.0,0.8988917895231147,1,3,1,low,Needs Review,Slow but Accurate
L0399,399,H,Sports,6.866092944670213,1,reasoning,medium,short_delay,1.0,0.6726685575675264,32.57457842587971,0.0,0.8988917895231147,0,0,1,low,Needs Review,Slow but Accurate
L0399,399,H,World,14.665204414216984,2,factual_recall,medium,immediate,1.0,0.7912469368855416,32.799510449671224,0.0,0.8988917895231147,4,0,1,low,Needs Review,Slow but Accurate
L0399,399,H,World,19.173316312924342,3,comprehension,medium,immediate,1.0,0.707239475334964,26.00434261017805,0.0,0.8988917895231147,2,0,1,low,Needs Review,Slow but Accurate
L0399,399,H,Sports,18.455585620363756,4,comprehension,easy,immediate,1.0,0.6357933231340328,27.831246630416835,0.0,0.8988917895231147,0,2,2,low,Needs Review,Slow but Accurate
L0399,399,H,Sports,15.586872999968787,5,reasoning,hard,long_delay,1.0,0.8261565846663883,28.688187827338957,0.0,0.8988917895231147,3,2,1,low,Needs Review,Slow but Accurate
L0399,399,H,Sports,13.969829617209923,6,factual_recall,easy,long_delay,1.0,0.8031691847505213,29.46635115164465,0.0,0.8988917895231147,3,1,0,low,Needs Review,Slow but Accurate
L0399,399,H,Cooking,15.266126976239422,7,inference,easy,immediate,1.0,0.672675003523301,19.91482480337854,0.0,0.8988917895231147,3,0,0,low,Needs Review,Slow but Accurate
L0399,399,H,Sports,10.833696725531098,8,factual_recall,easy,long_delay,1.0,0.7064962018286759,30.930667595340413,1.0,0.8988917895231147,3,0,0,low,Needs Review,Slow but Accurate
L0399,399,H,Cooking,7.5082616326062555,9,reasoning,hard,immediate,1.0,0.7035990065566862,20.946956433709598,0.0,0.8988917895231147,0,1,1,low,Needs Review,Slow but Accurate
L0400,400,H,Entertainment,19.223146050237208,0,factual_recall,medium,immediate,1.0,0.6349519336633332,28.14734577126045,0.0,0.9072211223884145,2,0,2,low,High Cognitive Load,Slow but Accurate
L0400,400,H,News,11.533014275370494,1,reasoning,medium,short_delay,1.0,0.7916391086098531,34.28006928686602,0.0,0.9072211223884145,1,3,1,low,High Cognitive Load,Slow but Accurate
L0400,400,H,News,14.59230912870071,2,factual_recall,hard,short_delay,1.0,0.8301135916878077,28.635381024216464,0.0,0.9072211223884145,4,2,1,low,High Cognitive Load,Slow but Accurate
L0400,400,H,World,15.708822542271045,3,reasoning,hard,long_delay,1.0,0.6558706240644059,25.855244832457476,1.0,0.9072211223884145,4,1,2,low,High Cognitive Load,Slow but Accurate
L0400,400,H,Entertainment,12.938667792770675,4,comprehension,medium,short_delay,1.0,0.6934220529039952,27.8034598193888,0.0,0.9072211223884145,4,0,1,low,High Cognitive Load,Slow but Accurate
L0400,400,H,Cooking,8.192367918775474,5,factual_recall,medium,long_delay,1.0,0.752088568851281,23.196246647152424,0.0,0.9072211223884145,4,0,1,low,High Cognitive Load,Slow but Accurate
L0400,400,H,World,16.497027881308913,6,inference,easy,long_delay,1.0,0.8282136117199017,22.033647575224887,0.0,0.9072211223884145,2,0,0,low,High Cognitive Load,Slow but Accurate
L0400,400,H,World,5.517937472675929,7,inference,hard,short_delay,1.0,0.7067105278364038,35.220508176005225,0.0,0.9072211223884145,0,1,0,low,High Cognitive Load,Slow but Accurate
L0400,400,H,Sports,16.066408512576807,8,reasoning,easy,long_delay,1.0,0.7466327413568601,37.82625765396436,0.0,0.9072211223884145,3,2,2,low,High Cognitive Load,Slow but Accurate
L0400,400,H,Entertainment,9.34659238598135,9,factual_recall,hard,long_delay,1.0,0.6968084977783761,17.250931718129216,0.0,0.9072211223884145,2,2,2,low,High Cognitive Load,Slow but Accurate
L0401,401,H,News,13.892819001515756,0,factual_recall,easy,short_delay,1.0,0.7027803867132915,27.02673287372053,0.0,0.9728962006820266,0,1,1,low,Stable Learner,Slow but Accurate
L0401,401,H,World,12.674847890075334,1,comprehension,hard,short_delay,1.0,0.6673997863666618,39.0938597911697,0.0,0.9728962006820266,2,0,1,low,Stable Learner,Slow but Accurate
L0401,401,H,Cooking,7.6544012370278605,2,factual_recall,medium,long_delay,1.0,0.7211054120523158,26.52846604977182,0.0,0.9728962006820266,0,2,2,low,Stable Learner,Slow but Accurate
L0401,401,H,News,11.320373973581585,3,factual_recall,hard,immediate,1.0,0.716486619850551,33.68970590483512,0.0,0.9728962006820266,0,1,0,low,Stable Learner,Slow but Accurate
L0401,401,H,Sports,10.343044716937559,4,inference,medium,immediate,1.0,0.8728870630302701,27.04758879363972,0.0,0.9728962006820266,0,0,1,low,Stable Learner,Slow but Accurate
L0401,401,H,Entertainment,13.371996965172803,5,comprehension,medium,short_delay,1.0,0.6671732465375306,16.949781501586248,0.0,0.9728962006820266,4,0,0,low,Stable Learner,Slow but Accurate
L0401,401,H,Cooking,8.507364862045081,6,comprehension,hard,short_delay,1.0,0.8093944164219881,26.38214373506087,0.0,0.9728962006820266,4,0,2,low,Stable Learner,Slow but Accurate
L0401,401,H,Cooking,17.24291943083677,7,reasoning,easy,immediate,1.0,0.8610270352277751,27.062297022146645,0.0,0.9728962006820266,4,0,2,low,Stable Learner,Slow but Accurate
L0401,401,H,Entertainment,17.902363371043627,8,factual_recall,easy,long_delay,1.0,0.8155376343959604,27.139629102542678,0.0,0.9728962006820266,1,1,0,low,Stable Learner,Slow but Accurate
L0401,401,H,Cooking,6.749248332859178,9,reasoning,medium,long_delay,1.0,0.7849164216838892,24.038139507905253,0.0,0.9728962006820266,4,1,1,low,Stable Learner,Slow but Accurate
L0402,402,H,Cooking,17.350575608867505,0,factual_recall,medium,immediate,1.0,0.8329021853629117,23.450894294887572,0.0,0.8422030527901245,0,3,0,low,Stable Learner,Slow but Accurate
L0402,402,H,Sports,5.8794042049424196,1,inference,hard,immediate,1.0,0.8310709473978989,27.79784223508762,0.0,0.8422030527901245,0,0,1,low,Stable Learner,Slow but Accurate
L0402,402,H,Entertainment,6.02924588989971,2,factual_recall,easy,immediate,1.0,0.7715561287745357,37.392069383342076,0.0,0.8422030527901245,1,1,2,low,Stable Learner,Slow but Accurate
L0402,402,H,Cooking,13.363600836585867,3,comprehension,hard,immediate,1.0,0.698667804678417,33.07200130004351,0.0,0.8422030527901245,1,3,1,low,Stable Learner,Slow but Accurate
L0402,402,H,Entertainment,10.09545508138418,4,reasoning,easy,immediate,1.0,0.6993401576586701,27.978495846496738,0.0,0.8422030527901245,1,2,0,low,Stable Learner,Slow but Accurate
L0402,402,H,News,15.744301066781508,5,factual_recall,easy,immediate,1.0,0.753514140056152,30.41385224268956,0.0,0.8422030527901245,0,1,0,low,Stable Learner,Slow but Accurate
L0402,402,H,News,15.40412528181222,6,reasoning,hard,long_delay,1.0,0.7134290914080303,27.39097679370865,0.0,0.8422030527901245,4,3,2,low,Stable Learner,Slow but Accurate
L0402,402,H,Sports,5.8902645007826395,7,inference,hard,immediate,1.0,0.7495342836706337,34.463342643095984,0.0,0.8422030527901245,3,1,0,low,Stable Learner,Slow but Accurate
L0402,402,H,Entertainment,12.149539619442429,8,comprehension,easy,short_delay,1.0,0.7946464876946902,30.602518908367585,0.0,0.8422030527901245,3,2,0,low,Stable Learner,Slow but Accurate
L0402,402,H,Sports,19.390086869221385,9,inference,medium,short_delay,1.0,0.6273177229413118,35.67280146629961,0.0,0.8422030527901245,3,3,0,low,Stable Learner,Slow but Accurate
L0403,403,H,Entertainment,14.651194968185816,0,reasoning,hard,immediate,1.0,0.7997777988920106,33.64183856907014,0.0,0.8930077437912577,2,2,1,low,High Cognitive Load,Slow but Accurate
L0403,403,H,Sports,11.933607570530171,1,reasoning,hard,short_delay,1.0,0.5884150963016019,31.660171629853163,0.0,0.8930077437912577,1,0,0,low,High Cognitive Load,Slow but Accurate
L0403,403,H,Cooking,10.272552884799335,2,comprehension,easy,short_delay,1.0,0.647509438573379,25.215325776349783,0.0,0.8930077437912577,0,3,2,low,High Cognitive Load,Slow but Accurate
L0403,403,H,World,15.724346681398446,3,comprehension,hard,long_delay,1.0,0.8317930511935673,23.80790714344684,0.0,0.8930077437912577,1,1,2,low,High Cognitive Load,Slow but Accurate
L0403,403,H,News,7.437809280715378,4,factual_recall,hard,long_delay,1.0,0.652051742620949,26.60262085150655,0.0,0.8930077437912577,2,2,1,low,High Cognitive Load,Slow but Accurate
L0403,403,H,News,16.02848249441447,5,factual_recall,easy,immediate,1.0,0.7488240667356878,20.263893503238723,0.0,0.8930077437912577,0,2,0,low,High Cognitive Load,Slow but Accurate
L0403,403,H,Entertainment,9.388841894038944,6,factual_recall,easy,immediate,1.0,0.6444365295142281,27.399955521003548,0.0,0.8930077437912577,3,1,2,low,High Cognitive Load,Slow but Accurate
L0403,403,H,Sports,12.671710129320477,7,reasoning,medium,immediate,1.0,0.816518556308799,27.502744211740467,0.0,0.8930077437912577,0,3,0,low,High Cognitive Load,Slow but Accurate
L0403,403,H,News,12.27104948281602,8,reasoning,hard,long_delay,1.0,0.5886413951637238,25.49230446136975,0.0,0.8930077437912577,1,0,0,low,High Cognitive Load,Slow but Accurate
L0403,403,H,News,5.015323662764207,9,reasoning,medium,long_delay,1.0,0.7256432795369679,34.00208568680747,0.0,0.8930077437912577,1,1,2,low,High Cognitive Load,Slow but Accurate
L0404,404,H,World,17.449922102098352,0,comprehension,easy,short_delay,1.0,0.6065228828729858,29.291453282524618,0.0,0.8701483533601146,1,1,2,low,Stable Learner,Slow but Accurate
L0404,404,H,Entertainment,18.276525395010093,1,reasoning,hard,short_delay,1.0,0.7616739011584394,30.244758599671965,0.0,0.8701483533601146,0,1,1,low,Stable Learner,Slow but Accurate
L0404,404,H,News,18.61625963540859,2,inference,easy,short_delay,1.0,0.7264393202718562,27.815746824071972,0.0,0.8701483533601146,2,2,2,low,Stable Learner,Slow but Accurate
L0404,404,H,Sports,12.1707748957264,3,factual_recall,medium,immediate,1.0,0.713824004646599,23.695599357887993,0.0,0.8701483533601146,0,2,0,low,Stable Learner,Slow but Accurate
L0404,404,H,Cooking,12.647581756328412,4,factual_recall,easy,immediate,1.0,0.7367476675499647,30.66918218449302,0.0,0.8701483533601146,4,3,0,low,Stable Learner,Slow but Accurate
L0404,404,H,Sports,15.50748238231925,5,comprehension,hard,immediate,1.0,0.7036363800875721,31.113035784541115,0.0,0.8701483533601146,4,0,2,low,Stable Learner,Slow but Accurate
L0404,404,H,World,11.867002597954583,6,inference,medium,short_delay,1.0,0.7533339313817242,23.197183940722226,0.0,0.8701483533601146,0,3,2,low,Stable Learner,Slow but Accurate
L0404,404,H,Cooking,15.062824629298575,7,inference,easy,long_delay,1.0,0.85268552732529,19.968912707724964,0.0,0.8701483533601146,2,3,0,low,Stable Learner,Slow but Accurate
L0404,404,H,News,10.65246429859023,8,factual_recall,medium,immediate,1.0,0.6650517744849761,28.511847761054426,0.0,0.8701483533601146,1,1,1,low,Stable Learner,Slow but Accurate
L0404,404,H,Entertainment,18.62050136138592,9,factual_recall,easy,short_delay,1.0,0.81900219302699,32.52832506373213,0.0,0.8701483533601146,0,0,2,low,Stable Learner,Slow but Accurate
L0405,405,H,Entertainment,12.845578795513488,0,factual_recall,hard,immediate,1.0,0.7466977450646544,23.659800339160604,0.0,0.8262161350610603,0,1,2,low,Stable Learner,Slow but Accurate
L0405,405,H,World,11.65796494717176,1,reasoning,easy,short_delay,1.0,0.6657031794806569,33.84342017843951,0.0,0.8262161350610603,4,3,0,low,Stable Learner,Slow but Accurate
L0405,405,H,Sports,15.501867213495235,2,factual_recall,hard,immediate,1.0,0.7179549169440055,24.164935180268078,0.0,0.8262161350610603,2,0,2,low,Stable Learner,Slow but Accurate
L0405,405,H,Cooking,16.325484571333657,3,inference,hard,immediate,1.0,0.6959237588811087,24.521840107047183,0.0,0.8262161350610603,4,2,0,low,Stable Learner,Slow but Accurate
L0405,405,H,Sports,14.254786026168743,4,comprehension,medium,long_delay,1.0,0.6862753576501233,23.29968834940401,1.0,0.8262161350610603,4,0,2,low,Stable Learner,Slow but Accurate
L0405,405,H,News,6.410253619562956,5,comprehension,medium,long_delay,1.0,0.7430114385537809,39.43971262434795,0.0,0.8262161350610603,3,1,2,low,Stable Learner,Slow but Accurate
L0405,405,H,Cooking,12.591370159130502,6,comprehension,easy,short_delay,1.0,0.5560958797963146,29.41061040743298,0.0,0.8262161350610603,1,1,2,low,Stable Learner,Slow but Accurate
L0405,405,H,News,9.324813345828247,7,factual_recall,easy,immediate,1.0,0.605801696272174,29.174265245093096,0.0,0.8262161350610603,3,2,1,low,Stable Learner,Slow but Accurate
L0405,405,H,Entertainment,12.78887379410044,8,factual_recall,hard,short_delay,1.0,0.8142970111193293,30.798405913726523,0.0,0.8262161350610603,1,0,2,low,Stable Learner,Slow but Accurate
L0405,405,H,News,7.218920674207329,9,reasoning,easy,short_delay,1.0,0.7617983034007167,16.883743053312383,0.0,0.8262161350610603,4,1,2,low,Stable Learner,Slow but Accurate
L0406,406,H,Entertainment,16.056482697024656,0,factual_recall,medium,long_delay,1.0,0.6427371466018819,34.0632086059123,0.0,0.8559168788179617,2,3,1,low,Stable Learner,Slow but Accurate
L0406,406,H,Sports,9.719949203585795,1,inference,hard,short_delay,1.0,0.7171399801036282,35.7047888280719,0.0,0.8559168788179617,2,1,2,low,Stable Learner,Slow but Accurate
L0406,406,H,Sports,7.712972009801652,2,factual_recall,easy,long_delay,1.0,0.861338742297005,28.179382033548244,0.0,0.8559168788179617,4,1,0,low,Stable Learner,Slow but Accurate
L0406,406,H,Entertainment,8.817734723853267,3,comprehension,medium,immediate,1.0,0.5683410991458399,25.843012946202883,0.0,0.8559168788179617,2,2,0,low,Stable Learner,Slow but Accurate
L0406,406,H,Cooking,7.110252796687709,4,inference,hard,short_delay,1.0,0.75819145432279,30.2631033920297,0.0,0.8559168788179617,3,0,2,low,Stable Learner,Slow but Accurate
L0406,406,H,Entertainment,11.931553859043937,5,reasoning,medium,short_delay,1.0,0.6992797178079947,31.42112171730549,1.0,0.8559168788179617,3,3,2,low,Stable Learner,Slow but Accurate
L0406,406,H,Sports,17.959941727382578,6,inference,medium,immediate,1.0,0.7365892718686212,21.080255437653083,0.0,0.8559168788179617,3,2,0,low,Stable Learner,Slow but Accurate
L0406,406,H,News,7.043102860070747,7,reasoning,medium,short_delay,1.0,0.722116478662262,29.416382850665272,0.0,0.8559168788179617,2,3,1,low,Stable Learner,Slow but Accurate
L0406,406,H,World,14.620680187846737,8,reasoning,easy,long_delay,1.0,0.8268386601375513,26.478642247467945,0.0,0.8559168788179617,4,0,0,low,Stable Learner,Slow but Accurate
L0406,406,H,Sports,6.113982148899966,9,inference,easy,short_delay,1.0,0.754304644304002,25.47790921575821,0.0,0.8559168788179617,4,1,0,low,Stable Learner,Slow but Accurate
L0407,407,H,World,8.74644678672923,0,inference,hard,long_delay,1.0,0.7850542361184087,16.830282799273093,0.0,0.8937212522701141,2,2,2,low,Stable Learner,Slow but Accurate
L0407,407,H,Sports,13.342955404647691,1,comprehension,hard,long_delay,1.0,0.7876391561706592,23.89800718848997,0.0,0.8937212522701141,4,2,0,low,Stable Learner,Slow but Accurate
L0407,407,H,Cooking,7.26283870116748,2,factual_recall,easy,short_delay,1.0,0.8880478799627695,32.545845913532446,0.0,0.8937212522701141,2,1,2,low,Stable Learner,Slow but Accurate
L0407,407,H,World,14.490224456414975,3,comprehension,easy,immediate,1.0,0.7833438512096185,18.617052486552133,0.0,0.8937212522701141,4,1,2,low,Stable Learner,Slow but Accurate
L0407,407,H,Entertainment,16.993275392450876,4,comprehension,hard,short_delay,1.0,0.7213874298008797,23.482400844982482,0.0,0.8937212522701141,1,1,2,low,Stable Learner,Slow but Accurate
L0407,407,H,News,9.168915482312396,5,comprehension,easy,short_delay,1.0,0.7842332930911784,43.969057708798175,0.0,0.8937212522701141,4,2,0,low,Stable Learner,Slow but Accurate
L0407,407,H,Cooking,19.518714631172042,6,reasoning,hard,long_delay,1.0,0.7156041594101008,26.013496682769517,0.0,0.8937212522701141,2,3,2,low,Stable Learner,Slow but Accurate
L0407,407,H,Entertainment,19.172703587082836,7,inference,hard,short_delay,1.0,0.6647556800866239,34.496162728494156,0.0,0.8937212522701141,2,0,0,low,Stable Learner,Slow but Accurate
L0407,407,H,World,11.66823901937413,8,comprehension,hard,immediate,1.0,0.8475792272207741,37.00280198953661,0.0,0.8937212522701141,1,1,0,low,Stable Learner,Slow but Accurate
L0407,407,H,News,13.28193184008549,9,reasoning,medium,long_delay,1.0,0.7927328390220089,22.549015423359428,0.0,0.8937212522701141,1,3,1,low,Stable Learner,Slow but Accurate
L0408,408,H,Sports,14.026273230012196,0,comprehension,medium,short_delay,1.0,0.6990330870604318,24.868151854389936,0.0,0.9831444169883915,0,3,0,low,Stable Learner,Slow but Accurate
L0408,408,H,World,6.867806735102581,1,comprehension,medium,immediate,1.0,0.676935861553362,23.930158042302402,0.0,0.9831444169883915,1,3,2,low,Stable Learner,Slow but Accurate
L0408,408,H,Sports,13.168626040540069,2,comprehension,medium,long_delay,1.0,0.7133590434506265,24.628210780963578,0.0,0.9831444169883915,2,1,1,low,Stable Learner,Slow but Accurate
L0408,408,H,World,7.203356246989788,3,reasoning,hard,long_delay,1.0,0.8941520336987003,31.842941980161864,0.0,0.9831444169883915,3,0,1,low,Stable Learner,Slow but Accurate
L0408,408,H,World,12.806340297862345,4,comprehension,hard,long_delay,1.0,0.8173674961974116,28.814778091522324,0.0,0.9831444169883915,0,0,1,low,Stable Learner,Slow but Accurate
L0408,408,H,World,16.440526047733893,5,comprehension,hard,long_delay,1.0,0.8671268106073351,35.31866846902251,0.0,0.9831444169883915,1,2,1,low,Stable Learner,Slow but Accurate
L0408,408,H,Cooking,9.106752342695742,6,comprehension,hard,immediate,1.0,0.8298945405518551,29.511029890941607,0.0,0.9831444169883915,1,0,0,low,Stable Learner,Slow but Accurate
L0408,408,H,Entertainment,7.3541499195121185,7,comprehension,easy,long_delay,1.0,0.6444508652619964,23.94234126333494,1.0,0.9831444169883915,2,1,2,low,Stable Learner,Slow but Accurate
L0408,408,H,News,13.70358557706318,8,inference,easy,immediate,1.0,0.6740921736302464,29.130771708908817,0.0,0.9831444169883915,3,2,1,low,Stable Learner,Slow but Accurate
L0408,408,H,Entertainment,8.871461421379298,9,inference,easy,long_delay,1.0,0.6943061484410958,18.93213722118302,0.0,0.9831444169883915,4,1,0,low,Stable Learner,Slow but Accurate
L0409,409,H,Cooking,8.9932454680788,0,inference,hard,short_delay,1.0,0.7488149180515258,28.837129630193278,0.0,0.8735214861948166,1,3,0,low,Stable Learner,Slow but Accurate
L0409,409,H,Entertainment,13.641911428092968,1,inference,medium,short_delay,1.0,0.6923831417550677,9.08892315652546,0.0,0.8735214861948166,0,0,2,low,Stable Learner,Slow but Accurate
L0409,409,H,Entertainment,6.268013732772441,2,factual_recall,easy,immediate,1.0,0.7902449401390609,29.182864447729894,0.0,0.8735214861948166,1,3,2,low,Stable Learner,Slow but Accurate
L0409,409,H,News,18.43659541094833,3,reasoning,easy,immediate,1.0,0.7548500469865158,32.27190292504685,0.0,0.8735214861948166,1,2,1,low,Stable Learner,Slow but Accurate
L0409,409,H,Cooking,12.466686388816715,4,factual_recall,hard,short_delay,1.0,0.7207508933965906,27.33525144198245,0.0,0.8735214861948166,4,1,1,low,Stable Learner,Slow but Accurate
L0409,409,H,Entertainment,10.94724615590437,5,reasoning,medium,immediate,1.0,0.8192866717691502,21.011688966891054,0.0,0.8735214861948166,1,3,0,low,Stable Learner,Slow but Accurate
L0409,409,H,Cooking,8.359309808379559,6,reasoning,hard,long_delay,1.0,0.8016015555307267,39.738221925129764,0.0,0.8735214861948166,2,3,2,low,Stable Learner,Slow but Accurate
L0409,409,H,News,7.940941844957308,7,inference,hard,short_delay,1.0,0.627130484215812,34.93576319588091,0.0,0.8735214861948166,1,3,1,low,Stable Learner,Slow but Accurate
L0409,409,H,Entertainment,10.290277830618868,8,factual_recall,hard,short_delay,1.0,0.7539320382249627,24.813631686377008,0.0,0.8735214861948166,2,3,1,low,Stable Learner,Slow but Accurate
L0409,409,H,Cooking,15.0032057626713,9,comprehension,easy,long_delay,1.0,0.6733410922494345,26.433857107183773,0.0,0.8735214861948166,1,3,2,low,Stable Learner,Slow but Accurate
L0410,410,H,News,14.008508045534743,0,inference,medium,immediate,1.0,0.931328762313134,25.39953764490544,0.0,0.8970108210544396,4,0,1,low,Stable Learner,Slow but Accurate
L0410,410,H,News,7.502797302756134,1,inference,medium,immediate,1.0,0.8093838084196596,22.999027278805467,0.0,0.8970108210544396,0,2,1,low,Stable Learner,Slow but Accurate
L0410,410,H,Sports,15.910522579670925,2,factual_recall,hard,long_delay,1.0,0.7938887399739806,33.99704107188473,0.0,0.8970108210544396,1,0,0,low,Stable Learner,Slow but Accurate
L0410,410,H,News,7.087079302733395,3,inference,medium,immediate,1.0,0.8118751525654512,37.01000673127985,0.0,0.8970108210544396,2,1,0,low,Stable Learner,Slow but Accurate
L0410,410,H,World,19.353236351715314,4,factual_recall,hard,immediate,1.0,0.5621777706245298,39.610396422816926,0.0,0.8970108210544396,3,0,1,low,Stable Learner,Slow but Accurate
L0410,410,H,Entertainment,16.55075479659638,5,inference,easy,short_delay,1.0,0.7755342271003487,22.90003372856376,0.0,0.8970108210544396,3,0,0,low,Stable Learner,Slow but Accurate
L0410,410,H,Cooking,15.895678124565473,6,factual_recall,hard,immediate,1.0,0.8228378953479342,23.989525237384477,0.0,0.8970108210544396,1,1,2,low,Stable Learner,Slow but Accurate
L0410,410,H,Entertainment,13.733939250842274,7,reasoning,hard,short_delay,1.0,0.75675412895774,23.50182901565197,0.0,0.8970108210544396,2,2,2,low,Stable Learner,Slow but Accurate
L0410,410,H,Sports,14.985499992495328,8,factual_recall,easy,immediate,1.0,0.7465459176036444,21.888663210290453,0.0,0.8970108210544396,0,1,0,low,Stable Learner,Slow but Accurate
L0410,410,H,Cooking,5.989154972751108,9,reasoning,easy,immediate,1.0,0.6748048887264557,21.985490847570333,1.0,0.8970108210544396,0,2,2,low,Stable Learner,Slow but Accurate
L0411,411,H,Cooking,14.357906605547525,0,reasoning,medium,long_delay,1.0,0.6970704732134341,25.897345009870463,0.0,0.8313939538086681,1,0,1,low,Stable Learner,Slow but Accurate
L0411,411,H,World,16.184532009869034,1,comprehension,hard,immediate,1.0,0.762617868610696,33.23149308666932,0.0,0.8313939538086681,4,0,0,low,Stable Learner,Slow but Accurate
L0411,411,H,Cooking,12.2529998258904,2,factual_recall,hard,short_delay,1.0,0.6562821425379802,36.171862838849464,0.0,0.8313939538086681,3,0,1,low,Stable Learner,Slow but Accurate
L0411,411,H,News,19.601660509044233,3,comprehension,medium,short_delay,1.0,0.6729177177746534,32.71992097863126,0.0,0.8313939538086681,1,0,0,low,Stable Learner,Slow but Accurate
L0411,411,H,Entertainment,7.2164340092250745,4,factual_recall,medium,immediate,1.0,0.8741697237785996,22.961117064601492,0.0,0.8313939538086681,1,3,1,low,Stable Learner,Slow but Accurate
L0411,411,H,News,7.802453351652863,5,comprehension,hard,short_delay,1.0,0.8593012780284558,30.349744132826775,0.0,0.8313939538086681,1,2,0,low,Stable Learner,Slow but Accurate
L0411,411,H,Cooking,15.439346285231382,6,factual_recall,medium,short_delay,1.0,0.9331772705026634,23.37909647456667,1.0,0.8313939538086681,3,3,1,low,Stable Learner,Slow but Accurate
L0411,411,H,World,14.346264042144265,7,reasoning,medium,short_delay,1.0,0.7860458323301919,26.053000866954548,1.0,0.8313939538086681,4,2,0,low,Stable Learner,Slow but Accurate
L0411,411,H,World,6.93098859554977,8,factual_recall,easy,immediate,1.0,0.8015811485007178,37.817359883996865,0.0,0.8313939538086681,1,3,2,low,Stable Learner,Slow but Accurate
L0411,411,H,News,9.605210261665443,9,reasoning,easy,immediate,1.0,0.7376033891790357,20.80251453781524,0.0,0.8313939538086681,2,2,2,low,Stable Learner,Slow but Accurate
L0412,412,H,Sports,6.515802673633168,0,reasoning,easy,long_delay,1.0,0.6981263272176044,35.166143364174985,0.0,0.8355701433601647,0,1,1,low,Stable Learner,Slow but Accurate
L0412,412,H,Cooking,15.635231458871733,1,factual_recall,easy,long_delay,1.0,0.6496328413220701,16.647189119214456,0.0,0.8355701433601647,0,1,1,low,Stable Learner,Slow but Accurate
L0412,412,H,Sports,17.62630879780458,2,factual_recall,easy,short_delay,1.0,0.6841709260189869,40.03123289950844,0.0,0.8355701433601647,2,3,1,low,Stable Learner,Slow but Accurate
L0412,412,H,Cooking,15.762299617916277,3,factual_recall,easy,short_delay,1.0,0.7603299383584126,24.33689052511326,1.0,0.8355701433601647,4,3,0,low,Stable Learner,Slow but Accurate
L0412,412,H,Entertainment,12.854829146857215,4,reasoning,easy,long_delay,1.0,0.8011571094804741,18.10536629243892,0.0,0.8355701433601647,1,1,2,low,Stable Learner,Slow but Accurate
L0412,412,H,Sports,19.41090790158213,5,reasoning,hard,immediate,1.0,0.685506627758177,28.830541407859155,0.0,0.8355701433601647,3,0,1,low,Stable Learner,Slow but Accurate
L0412,412,H,Sports,19.260056636034648,6,reasoning,medium,immediate,1.0,0.7987849824462498,32.9865222086553,0.0,0.8355701433601647,2,3,1,low,Stable Learner,Slow but Accurate
L0412,412,H,Entertainment,19.52652860495546,7,factual_recall,medium,long_delay,1.0,0.7584172233748302,26.317399426114964,0.0,0.8355701433601647,1,3,2,low,Stable Learner,Slow but Accurate
L0412,412,H,Sports,18.61180483001057,8,inference,easy,immediate,1.0,0.6393917859934819,29.86959561158229,0.0,0.8355701433601647,1,1,1,low,Stable Learner,Slow but Accurate
L0412,412,H,Entertainment,13.97285733289329,9,comprehension,easy,short_delay,1.0,0.7639648294028558,40.71842073174737,0.0,0.8355701433601647,0,0,0,low,Stable Learner,Slow but Accurate
L0413,413,H,Cooking,17.56332139694665,0,inference,medium,short_delay,1.0,0.7296791826363479,30.419315863193546,0.0,0.8477939211493384,0,1,2,low,Stable Learner,Slow but Accurate
L0413,413,H,World,13.173021332343204,1,factual_recall,hard,long_delay,1.0,0.6728875005591913,27.941145450078167,0.0,0.8477939211493384,0,1,0,low,Stable Learner,Slow but Accurate
L0413,413,H,Entertainment,17.28841316338809,2,factual_recall,hard,immediate,1.0,0.5774225296180553,26.449342834357175,1.0,0.8477939211493384,4,3,0,low,Stable Learner,Slow but Accurate
L0413,413,H,Entertainment,16.725674898301712,3,factual_recall,hard,short_delay,1.0,0.6665830190631653,35.32255026266968,0.0,0.8477939211493384,1,2,0,low,Stable Learner,Slow but Accurate
L0413,413,H,News,10.705337331876104,4,comprehension,easy,immediate,1.0,0.7460830387490345,30.70328780201898,0.0,0.8477939211493384,0,3,0,low,Stable Learner,Slow but Accurate
L0413,413,H,World,8.204337138074282,5,inference,medium,short_delay,1.0,0.7381519403681281,28.737395985236734,0.0,0.8477939211493384,3,2,2,low,Stable Learner,Slow but Accurate
L0413,413,H,Entertainment,8.009799433927865,6,inference,easy,immediate,1.0,0.7941695538214084,28.983305142253684,0.0,0.8477939211493384,3,3,0,low,Stable Learner,Slow but Accurate
L0413,413,H,News,16.78823394021086,7,comprehension,easy,short_delay,1.0,0.81737551977255,33.098236914598814,0.0,0.8477939211493384,2,0,1,low,Stable Learner,Slow but Accurate
L0413,413,H,Cooking,6.717945077524988,8,inference,medium,long_delay,1.0,0.7140358402075008,23.862682406131928,0.0,0.8477939211493384,0,3,1,low,Stable Learner,Slow but Accurate
L0413,413,H,Entertainment,19.05966873141437,9,comprehension,hard,short_delay,1.0,0.623140855159144,22.71868364401356,0.0,0.8477939211493384,3,3,1,low,Stable Learner,Slow but Accurate
L0414,414,H,Cooking,19.745273699120897,0,factual_recall,easy,long_delay,1.0,0.8609954185303682,20.77735990060097,0.0,0.8777153493028902,0,0,2,low,Stable Learner,Slow but Accurate
L0414,414,H,Sports,14.561931755215628,1,factual_recall,medium,short_delay,1.0,0.8606814381258256,40.43238048378242,0.0,0.8777153493028902,4,0,0,low,Stable Learner,Slow but Accurate
L0414,414,H,Sports,12.744364649012914,2,inference,hard,long_delay,1.0,0.7109331065669973,38.31089945858666,0.0,0.8777153493028902,0,2,2,low,Stable Learner,Slow but Accurate
L0414,414,H,News,10.26528242215711,3,inference,easy,short_delay,1.0,0.5710753241691241,23.068802344152306,0.0,0.8777153493028902,1,2,2,low,Stable Learner,Slow but Accurate
L0414,414,H,News,7.740064321244933,4,reasoning,medium,short_delay,1.0,0.6566407529938912,17.476769944378887,0.0,0.8777153493028902,0,2,0,low,Stable Learner,Slow but Accurate
L0414,414,H,Sports,5.764715759422607,5,reasoning,hard,immediate,1.0,0.8450880720456267,29.014110069729323,0.0,0.8777153493028902,1,3,2,low,Stable Learner,Slow but Accurate
L0414,414,H,Sports,14.762573152875532,6,comprehension,hard,short_delay,1.0,0.768530297018248,27.115191244273888,0.0,0.8777153493028902,4,0,0,low,Stable Learner,Slow but Accurate
L0414,414,H,Entertainment,10.814563661398912,7,reasoning,medium,immediate,1.0,0.7215483030174143,31.76885386620016,0.0,0.8777153493028902,4,3,2,low,Stable Learner,Slow but Accurate
L0414,414,H,Cooking,15.26148492727932,8,comprehension,easy,immediate,1.0,0.7159707513320366,33.12764137600941,0.0,0.8777153493028902,4,0,1,low,Stable Learner,Slow but Accurate
L0414,414,H,News,14.51983778163063,9,comprehension,hard,long_delay,1.0,0.6899319221506657,20.979846211007295,0.0,0.8777153493028902,2,0,2,low,Stable Learner,Slow but Accurate
L0415,415,H,News,13.984017571584175,0,factual_recall,easy,short_delay,1.0,0.8739954560681371,23.23812782417754,0.0,0.9291453106684446,4,0,2,low,Stable Learner,Slow but Accurate
L0415,415,H,Cooking,7.707260400533212,1,reasoning,hard,short_delay,1.0,0.6584540539720999,29.544920239342794,0.0,0.9291453106684446,0,1,2,low,Stable Learner,Slow but Accurate
L0415,415,H,World,17.162267572243852,2,factual_recall,medium,long_delay,1.0,0.749630366506134,31.057800832127718,0.0,0.9291453106684446,0,3,1,low,Stable Learner,Slow but Accurate
L0415,415,H,Cooking,9.004907934932895,3,comprehension,medium,long_delay,1.0,0.7251712505766252,30.630863315600152,0.0,0.9291453106684446,0,1,1,low,Stable Learner,Slow but Accurate
L0415,415,H,World,13.708042877745543,4,inference,hard,immediate,1.0,0.7871550729469212,26.212662829803886,0.0,0.9291453106684446,4,3,0,low,Stable Learner,Slow but Accurate
L0415,415,H,News,18.24387616912613,5,factual_recall,hard,long_delay,1.0,0.757699332749326,36.20964360634251,0.0,0.9291453106684446,0,0,0,low,Stable Learner,Slow but Accurate
L0415,415,H,World,6.005497745356475,6,inference,hard,long_delay,1.0,0.7190099644918763,15.466698047471464,0.0,0.9291453106684446,3,1,0,low,Stable Learner,Slow but Accurate
L0415,415,H,Sports,14.750660217381276,7,inference,medium,immediate,1.0,0.7575000417814362,21.436382372655835,0.0,0.9291453106684446,1,3,1,low,Stable Learner,Slow but Accurate
L0415,415,H,News,5.515305487271009,8,reasoning,medium,long_delay,1.0,0.7328278993649837,31.981419651154948,0.0,0.9291453106684446,0,2,1,low,Stable Learner,Slow but Accurate
L0415,415,H,Entertainment,13.627608277589793,9,factual_recall,medium,long_delay,1.0,0.8771307681457681,22.719354354144688,0.0,0.9291453106684446,1,0,2,low,Stable Learner,Slow but Accurate
L0416,416,H,World,15.632782044820978,0,inference,easy,long_delay,1.0,0.9376399040353832,28.078436202669714,0.0,0.8330137731659627,1,1,1,low,Stable Learner,Slow but Accurate
L0416,416,H,Sports,12.521793959828486,1,factual_recall,medium,immediate,1.0,0.8455485624650656,30.84331156745213,0.0,0.8330137731659627,3,3,1,low,Stable Learner,Slow but Accurate
L0416,416,H,Entertainment,7.261254464106009,2,factual_recall,medium,short_delay,1.0,0.774362108087361,32.866500402972626,0.0,0.8330137731659627,3,3,2,low,Stable Learner,Slow but Accurate
L0416,416,H,Sports,7.154913025351341,3,comprehension,hard,long_delay,1.0,0.8297639356413256,19.238913377899415,0.0,0.8330137731659627,0,2,1,low,Stable Learner,Slow but Accurate
L0416,416,H,World,12.272751281051674,4,factual_recall,easy,long_delay,1.0,0.7106620700110909,33.21339826013989,1.0,0.8330137731659627,2,3,1,low,Stable Learner,Slow but Accurate
L0416,416,H,Cooking,19.41274046846059,5,factual_recall,easy,long_delay,1.0,0.6613633527038036,25.560518479854956,0.0,0.8330137731659627,1,0,2,low,Stable Learner,Slow but Accurate
L0416,416,H,Entertainment,8.766603616695544,6,factual_recall,easy,short_delay,1.0,0.5729397287461256,31.105473124354326,0.0,0.8330137731659627,1,0,0,low,Stable Learner,Slow but Accurate
L0416,416,H,Sports,10.51356377271272,7,reasoning,hard,immediate,1.0,0.7566445409119708,34.13336094896715,0.0,0.8330137731659627,4,0,1,low,Stable Learner,Slow but Accurate
L0416,416,H,News,5.472177824335983,8,reasoning,medium,short_delay,1.0,0.733347646100014,34.17456544612581,0.0,0.8330137731659627,2,2,0,low,Stable Learner,Slow but Accurate
L0416,416,H,Entertainment,10.339695380202368,9,reasoning,hard,short_delay,1.0,0.7915431424874525,28.77491689796529,0.0,0.8330137731659627,4,0,0,low,Stable Learner,Slow but Accurate
L0417,417,H,Cooking,16.68040009780973,0,factual_recall,easy,long_delay,1.0,0.7448826086933739,16.17428031942319,0.0,0.8254416520756501,3,2,0,low,Stable Learner,Slow but Accurate
L0417,417,H,World,18.97896916891435,1,comprehension,medium,immediate,1.0,0.6796187106457586,23.521862864264733,0.0,0.8254416520756501,0,0,2,low,Stable Learner,Slow but Accurate
L0417,417,H,Entertainment,13.34957953764162,2,inference,easy,long_delay,1.0,0.8161147507136456,41.89481922148976,0.0,0.8254416520756501,4,1,2,low,Stable Learner,Slow but Accurate
L0417,417,H,Cooking,16.971595754805175,3,reasoning,hard,long_delay,1.0,0.7818813236635119,31.665927620382927,0.0,0.8254416520756501,0,2,0,low,Stable Learner,Slow but Accurate
L0417,417,H,Sports,10.863764241793433,4,reasoning,medium,long_delay,1.0,0.8046708334987573,31.668081319177816,0.0,0.8254416520756501,3,0,1,low,Stable Learner,Slow but Accurate
L0417,417,H,Entertainment,13.044896657006577,5,reasoning,hard,long_delay,1.0,0.8196860028640482,23.056624411403856,0.0,0.8254416520756501,2,1,2,low,Stable Learner,Slow but Accurate
L0417,417,H,Sports,10.18761289336071,6,reasoning,medium,short_delay,1.0,0.7317860157435547,21.4347372640999,0.0,0.8254416520756501,4,1,2,low,Stable Learner,Slow but Accurate
L0417,417,H,Sports,18.703196033472533,7,factual_recall,hard,short_delay,1.0,0.8302585377533809,26.41383901456542,0.0,0.8254416520756501,0,3,2,low,Stable Learner,Slow but Accurate
L0417,417,H,Cooking,11.46909970092369,8,reasoning,hard,immediate,1.0,0.702812147984715,27.597229092233857,0.0,0.8254416520756501,2,0,2,low,Stable Learner,Slow but Accurate
L0417,417,H,Sports,13.326220928666379,9,factual_recall,easy,long_delay,1.0,0.8000576081148775,39.486803122681245,0.0,0.8254416520756501,0,1,0,low,Stable Learner,Slow but Accurate
L0418,418,H,World,6.61117940923549,0,factual_recall,easy,immediate,1.0,0.722330839978586,24.377490869423877,0.0,0.8986190955051944,0,3,2,low,Stable Learner,Slow but Accurate
L0418,418,H,Entertainment,18.058118038915538,1,comprehension,easy,long_delay,1.0,0.5919908995995318,25.40738732539803,0.0,0.8986190955051944,4,2,2,low,Stable Learner,Slow but Accurate
L0418,418,H,Entertainment,15.103820562816935,2,reasoning,easy,immediate,1.0,0.742799766931792,22.133456418479266,0.0,0.8986190955051944,4,2,1,low,Stable Learner,Slow but Accurate
L0418,418,H,Entertainment,12.253338044042495,3,inference,easy,short_delay,1.0,0.5904508409088649,34.89445712189668,0.0,0.8986190955051944,2,0,2,low,Stable Learner,Slow but Accurate
L0418,418,H,News,12.294552235704213,4,factual_recall,easy,long_delay,1.0,0.70833371805157,29.623114003016074,0.0,0.8986190955051944,3,0,2,low,Stable Learner,Slow but Accurate
L0418,418,H,News,8.874910238512411,5,factual_recall,hard,long_delay,1.0,0.6325473505578991,24.321469213078885,0.0,0.8986190955051944,3,2,2,low,Stable Learner,Slow but Accurate
L0418,418,H,World,11.643662100328068,6,inference,easy,immediate,1.0,0.7851085707806544,16.51578668889175,0.0,0.8986190955051944,3,2,1,low,Stable Learner,Slow but Accurate
L0418,418,H,Cooking,12.857609210973132,7,comprehension,easy,immediate,1.0,0.687717897156452,43.06380521378275,0.0,0.8986190955051944,1,2,1,low,Stable Learner,Slow but Accurate
L0418,418,H,Cooking,19.917428848780016,8,comprehension,hard,immediate,1.0,0.607183357291443,39.87620449952993,0.0,0.8986190955051944,2,3,2,low,Stable Learner,Slow but Accurate
L0418,418,H,News,17.889464663210845,9,reasoning,medium,immediate,1.0,0.8192526930559487,36.65861208701686,0.0,0.8986190955051944,0,3,0,low,Stable Learner,Slow but Accurate
L0419,419,H,News,17.640643771967277,0,factual_recall,hard,immediate,1.0,0.610896901373387,35.757889234667864,0.0,0.8993903646388294,2,3,1,low,Stable Learner,Slow but Accurate
L0419,419,H,Entertainment,19.822113675927433,1,reasoning,easy,long_delay,1.0,0.686706379453473,21.97119121531069,0.0,0.8993903646388294,2,0,1,low,Stable Learner,Slow but Accurate
L0419,419,H,World,18.678990303315402,2,inference,easy,long_delay,1.0,0.5077733835410588,33.94673660223452,0.0,0.8993903646388294,0,0,0,low,Stable Learner,Slow but Accurate
L0419,419,H,Cooking,15.77457333582396,3,comprehension,easy,immediate,1.0,0.7758853027671226,44.41519302754917,0.0,0.8993903646388294,4,0,2,low,Stable Learner,Slow but Accurate
L0419,419,H,Entertainment,18.611665781762913,4,inference,medium,immediate,1.0,0.6638567201740476,32.05250936680797,0.0,0.8993903646388294,4,1,0,low,Stable Learner,Slow but Accurate
L0419,419,H,Entertainment,17.336916854793834,5,comprehension,hard,long_delay,1.0,0.7607141549675176,35.10408230969714,0.0,0.8993903646388294,0,2,1,low,Stable Learner,Slow but Accurate
L0419,419,H,World,11.097467141761362,6,reasoning,medium,long_delay,1.0,0.9556761537374853,34.40817994094241,0.0,0.8993903646388294,3,0,2,low,Stable Learner,Slow but Accurate
L0419,419,H,News,11.137161905214068,7,factual_recall,hard,long_delay,1.0,0.877451040499799,24.65741003653554,0.0,0.8993903646388294,0,1,0,low,Stable Learner,Slow but Accurate
L0419,419,H,Entertainment,14.484471112950006,8,reasoning,medium,immediate,1.0,0.6886394943082527,29.74114335924827,0.0,0.8993903646388294,1,3,0,low,Stable Learner,Slow but Accurate
L0419,419,H,World,12.83893888793736,9,reasoning,easy,immediate,1.0,0.6692974225002467,22.26138609682841,0.0,0.8993903646388294,2,1,0,low,Stable Learner,Slow but Accurate
L0420,420,H,Entertainment,12.924556726861875,0,comprehension,hard,long_delay,1.0,0.7501961966214719,30.88365845163831,0.0,0.9063638422707883,3,1,1,low,Needs Review,Slow but Accurate
L0420,420,H,Sports,11.025080088765867,1,comprehension,easy,long_delay,1.0,0.7449834855853007,17.544931600662522,0.0,0.9063638422707883,4,2,2,low,Needs Review,Slow but Accurate
L0420,420,H,Cooking,11.670044410983458,2,factual_recall,easy,short_delay,1.0,0.6781016011420538,34.320981259368985,1.0,0.9063638422707883,2,2,2,low,Needs Review,Slow but Accurate
L0420,420,H,News,10.916319992783636,3,factual_recall,medium,long_delay,1.0,0.7701921953528267,26.212869427464017,0.0,0.9063638422707883,4,1,1,low,Needs Review,Slow but Accurate
L0420,420,H,Sports,16.353739342179573,4,inference,easy,long_delay,1.0,0.7635887350334593,28.475266363084554,0.0,0.9063638422707883,2,3,1,low,Needs Review,Slow but Accurate
L0420,420,H,News,11.562060474871421,5,comprehension,hard,short_delay,1.0,0.7879913471002863,20.362590814966524,0.0,0.9063638422707883,4,3,0,low,Needs Review,Slow but Accurate
L0420,420,H,Sports,18.476788493101616,6,factual_recall,easy,immediate,1.0,0.7758940798607427,40.539241151492895,0.0,0.9063638422707883,0,1,1,low,Needs Review,Slow but Accurate
L0420,420,H,Sports,10.918066296935008,7,factual_recall,medium,immediate,1.0,0.7815053063950176,13.154705729827246,1.0,0.9063638422707883,0,0,2,low,Needs Review,Slow but Accurate
L0420,420,H,Entertainment,17.199739490347422,8,comprehension,hard,immediate,1.0,0.8555025060128126,36.92867470317263,0.0,0.9063638422707883,3,3,0,low,Needs Review,Slow but Accurate
L0420,420,H,Sports,14.83787432098878,9,inference,easy,short_delay,1.0,0.7957757628578752,30.550963399469993,0.0,0.9063638422707883,2,0,0,low,Needs Review,Slow but Accurate
L0421,421,H,Cooking,19.622396122017634,0,comprehension,hard,long_delay,1.0,0.8274410258217862,21.92761279416412,0.0,0.8763901238794026,2,2,0,low,Stable Learner,Slow but Accurate
L0421,421,H,Entertainment,5.557241508165027,1,inference,medium,long_delay,1.0,0.8135819766754155,26.474652563395438,0.0,0.8763901238794026,4,1,0,low,Stable Learner,Slow but Accurate
L0421,421,H,News,10.307609916073883,2,reasoning,hard,long_delay,1.0,0.7489423777454772,23.391032091150915,0.0,0.8763901238794026,0,2,0,low,Stable Learner,Slow but Accurate
L0421,421,H,News,8.262729397897372,3,reasoning,hard,short_delay,1.0,0.6447477876363802,23.78542738802074,0.0,0.8763901238794026,0,3,0,low,Stable Learner,Slow but Accurate
L0421,421,H,Entertainment,16.314745777619677,4,comprehension,hard,immediate,1.0,0.7415899025062883,28.812780485369,0.0,0.8763901238794026,4,1,2,low,Stable Learner,Slow but Accurate
L0421,421,H,Cooking,5.090306379479984,5,comprehension,hard,immediate,1.0,0.7073783453630345,25.325890765980713,0.0,0.8763901238794026,4,0,1,low,Stable Learner,Slow but Accurate
L0421,421,H,Sports,7.32960362701327,6,reasoning,medium,short_delay,1.0,0.7042864842810584,28.028837721291634,0.0,0.8763901238794026,1,0,0,low,Stable Learner,Slow but Accurate
L0421,421,H,Entertainment,7.18379138408498,7,comprehension,hard,immediate,1.0,0.7624656792251138,21.305811308385216,0.0,0.8763901238794026,1,0,1,low,Stable Learner,Slow but Accurate
L0421,421,H,News,8.844152421179249,8,comprehension,easy,short_delay,1.0,0.6340343250340512,23.02946628361153,0.0,0.8763901238794026,2,1,1,low,Stable Learner,Slow but Accurate
L0421,421,H,World,10.031321788933619,9,factual_recall,easy,long_delay,1.0,0.6800924788700281,40.244970681455854,0.0,0.8763901238794026,2,2,0,low,Stable Learner,Slow but Accurate
L0422,422,H,Cooking,9.058757535043226,0,comprehension,hard,short_delay,1.0,0.7364417350087217,36.29475186077995,0.0,0.794382728954543,1,2,2,low,Stable Learner,Slow but Accurate
L0422,422,H,World,17.488098780104323,1,inference,easy,long_delay,1.0,0.6348194404351629,22.46738162637919,0.0,0.794382728954543,1,3,2,low,Stable Learner,Slow but Accurate
L0422,422,H,Cooking,12.16558474647554,2,reasoning,hard,long_delay,1.0,0.7276494010479186,36.60991339377999,0.0,0.794382728954543,1,2,0,low,Stable Learner,Slow but Accurate
L0422,422,H,News,8.098451981866543,3,factual_recall,easy,short_delay,1.0,0.6346085456956463,27.778365262295885,0.0,0.794382728954543,0,0,0,low,Stable Learner,Slow but Accurate
L0422,422,H,World,11.098469492277317,4,factual_recall,hard,immediate,1.0,0.7629428574872683,22.129739932708713,0.0,0.794382728954543,2,0,2,low,Stable Learner,Slow but Accurate
L0422,422,H,World,7.321429549831672,5,inference,easy,short_delay,1.0,0.7159064080027151,29.790774327144234,0.0,0.794382728954543,2,1,0,low,Stable Learner,Slow but Accurate
L0422,422,H,Cooking,6.088814878782904,6,comprehension,hard,long_delay,1.0,0.8097698030229177,27.56742920331802,0.0,0.794382728954543,3,2,1,low,Stable Learner,Slow but Accurate
L0422,422,H,Cooking,18.33005866331106,7,comprehension,medium,short_delay,1.0,0.8482846488804796,19.55792916476235,0.0,0.794382728954543,1,1,1,low,Stable Learner,Slow but Accurate
L0422,422,H,News,10.97119381827322,8,reasoning,easy,long_delay,1.0,0.7508518486756001,21.39370301015419,0.0,0.794382728954543,4,0,0,low,Stable Learner,Slow but Accurate
L0422,422,H,News,10.58294400159542,9,reasoning,easy,long_delay,1.0,0.8214923988338367,37.82388598359966,0.0,0.794382728954543,4,3,1,low,Stable Learner,Slow but Accurate
L0423,423,H,News,13.266229077309815,0,reasoning,hard,long_delay,1.0,0.7835806744598559,29.685560078617833,0.0,0.9045264407614712,3,2,2,low,Stable Learner,Slow but Accurate
L0423,423,H,World,6.754230615070201,1,reasoning,hard,immediate,1.0,0.590182892601592,30.428560583037743,0.0,0.9045264407614712,2,2,1,low,Stable Learner,Slow but Accurate
L0423,423,H,Entertainment,9.44372327143488,2,comprehension,easy,short_delay,1.0,0.8385567504662585,39.27185367542902,0.0,0.9045264407614712,2,3,1,low,Stable Learner,Slow but Accurate
L0423,423,H,Entertainment,5.8856741411894795,3,reasoning,easy,long_delay,1.0,0.5696531639829624,31.601650460021393,0.0,0.9045264407614712,2,1,2,low,Stable Learner,Slow but Accurate
L0423,423,H,World,8.242065756714275,4,inference,easy,immediate,1.0,0.8312790576548026,20.098882942853763,0.0,0.9045264407614712,4,0,1,low,Stable Learner,Slow but Accurate
L0423,423,H,Cooking,6.348164083515002,5,factual_recall,easy,short_delay,1.0,0.7579653274166724,24.616121364314477,0.0,0.9045264407614712,4,1,1,low,Stable Learner,Slow but Accurate
L0423,423,H,News,16.339741309383882,6,inference,medium,immediate,1.0,0.8168371421352685,31.588024069858466,0.0,0.9045264407614712,1,0,2,low,Stable Learner,Slow but Accurate
L0423,423,H,Cooking,15.587836635598874,7,comprehension,medium,short_delay,1.0,0.7626720699805395,35.5584756616045,0.0,0.9045264407614712,4,3,2,low,Stable Learner,Slow but Accurate
L0423,423,H,Sports,5.2838587038466045,8,factual_recall,medium,short_delay,1.0,0.8335001544007132,23.66694342224667,0.0,0.9045264407614712,3,1,2,low,Stable Learner,Slow but Accurate
L0423,423,H,Sports,17.56477882113214,9,factual_recall,medium,immediate,1.0,0.7512918442156709,41.43926569798024,0.0,0.9045264407614712,1,1,2,low,Stable Learner,Slow but Accurate
L0424,424,H,Entertainment,12.475843526053003,0,comprehension,easy,short_delay,1.0,0.7042969847392955,31.69157170663159,0.0,0.9234899575279958,2,1,2,low,Stable Learner,Slow but Accurate
L0424,424,H,News,8.77071975252941,1,inference,hard,short_delay,1.0,0.7142597817023258,37.608608764972296,0.0,0.9234899575279958,4,1,2,low,Stable Learner,Slow but Accurate
L0424,424,H,Cooking,14.927381466032255,2,factual_recall,hard,short_delay,1.0,0.7872436524790956,41.09246268233303,0.0,0.9234899575279958,0,2,1,low,Stable Learner,Slow but Accurate
L0424,424,H,World,8.638920553337519,3,reasoning,hard,immediate,1.0,0.728068119990194,33.614625757955196,0.0,0.9234899575279958,4,0,1,low,Stable Learner,Slow but Accurate
L0424,424,H,News,18.23786221968631,4,inference,easy,immediate,1.0,0.6786025785615134,24.235569799768907,0.0,0.9234899575279958,2,0,1,low,Stable Learner,Slow but Accurate
L0424,424,H,Entertainment,16.755079523969073,5,comprehension,easy,immediate,1.0,0.7203778156492879,41.035734312372526,0.0,0.9234899575279958,2,1,1,low,Stable Learner,Slow but Accurate
L0424,424,H,News,6.036836437759562,6,reasoning,hard,immediate,1.0,0.6078693062581298,20.836400440933314,0.0,0.9234899575279958,4,3,1,low,Stable Learner,Slow but Accurate
L0424,424,H,News,14.332109781861336,7,reasoning,medium,long_delay,1.0,0.7804947615840263,16.583778202947713,0.0,0.9234899575279958,4,1,2,low,Stable Learner,Slow but Accurate
L0424,424,H,Sports,13.11982152916986,8,inference,hard,immediate,1.0,0.5018519975701508,39.11478365105307,0.0,0.9234899575279958,2,1,2,low,Stable Learner,Slow but Accurate
L0424,424,H,Cooking,5.586797633804268,9,comprehension,easy,short_delay,1.0,0.821041566640276,31.60934909964423,0.0,0.9234899575279958,1,0,1,low,Stable Learner,Slow but Accurate
L0425,425,H,Sports,6.530686544616088,0,comprehension,easy,short_delay,1.0,0.8000025238308274,27.976934482082118,0.0,0.86957745067263,4,0,2,low,Stable Learner,Slow but Accurate
L0425,425,H,Entertainment,5.087437171443568,1,comprehension,hard,long_delay,1.0,0.8186960120253777,33.63790550900601,0.0,0.86957745067263,4,2,0,low,Stable Learner,Slow but Accurate
L0425,425,H,World,18.768032170074765,2,inference,easy,short_delay,1.0,0.6343372675539718,28.474386512704157,0.0,0.86957745067263,2,1,2,low,Stable Learner,Slow but Accurate
L0425,425,H,Cooking,9.658800164187674,3,reasoning,hard,immediate,1.0,0.775423680583813,24.821553981009032,0.0,0.86957745067263,2,3,2,low,Stable Learner,Slow but Accurate
L0425,425,H,Entertainment,9.326108702249172,4,factual_recall,hard,short_delay,1.0,0.6849399846396472,21.878012516742576,0.0,0.86957745067263,1,3,1,low,Stable Learner,Slow but Accurate
L0425,425,H,Sports,10.1199775424474,5,factual_recall,hard,long_delay,1.0,0.822744076917657,20.86879496139513,1.0,0.86957745067263,1,1,2,low,Stable Learner,Slow but Accurate
L0425,425,H,Cooking,16.875874431161225,6,comprehension,medium,short_delay,1.0,0.8988403988446004,23.543501199054976,0.0,0.86957745067263,3,0,2,low,Stable Learner,Slow but Accurate
L0425,425,H,News,9.474609417772921,7,comprehension,medium,short_delay,1.0,0.5410465483505995,24.609412083662473,0.0,0.86957745067263,1,3,0,low,Stable Learner,Slow but Accurate
L0425,425,H,World,19.28832177314722,8,factual_recall,easy,immediate,1.0,0.6975241477952171,30.30251430724669,0.0,0.86957745067263,3,2,0,low,Stable Learner,Slow but Accurate
L0425,425,H,World,13.116506893598691,9,comprehension,hard,short_delay,1.0,0.7711016596479345,27.059638454645572,0.0,0.86957745067263,2,0,2,low,Stable Learner,Slow but Accurate
L0426,426,H,World,11.207571323136595,0,comprehension,medium,long_delay,1.0,0.7072477975745625,30.1164598066008,0.0,0.9054804375130899,1,1,2,low,Stable Learner,Slow but Accurate
L0426,426,H,World,9.531360164469845,1,comprehension,hard,long_delay,1.0,0.8781700915570382,28.41424897779643,0.0,0.9054804375130899,0,2,0,low,Stable Learner,Slow but Accurate
L0426,426,H,News,8.56865225957566,2,comprehension,hard,immediate,1.0,0.8775899419366572,24.567265116829546,0.0,0.9054804375130899,0,2,1,low,Stable Learner,Slow but Accurate
L0426,426,H,Sports,6.276982281365676,3,reasoning,easy,short_delay,1.0,0.7688961029427254,28.678237135766363,0.0,0.9054804375130899,3,0,1,low,Stable Learner,Slow but Accurate
L0426,426,H,Cooking,5.951752834331869,4,comprehension,easy,long_delay,1.0,0.7224292715963816,24.36838449020595,0.0,0.9054804375130899,1,2,0,low,Stable Learner,Slow but Accurate
L0426,426,H,Cooking,12.916234875687273,5,inference,easy,immediate,1.0,0.7073374961081756,23.49004804436452,0.0,0.9054804375130899,2,0,2,low,Stable Learner,Slow but Accurate
L0426,426,H,Sports,10.107423070707735,6,inference,easy,long_delay,1.0,0.7753406891104999,27.970136729365084,0.0,0.9054804375130899,1,1,1,low,Stable Learner,Slow but Accurate
L0426,426,H,Entertainment,15.361709784611568,7,comprehension,hard,short_delay,1.0,0.7893371859335242,24.55198387296725,0.0,0.9054804375130899,0,0,0,low,Stable Learner,Slow but Accurate
L0426,426,H,World,11.706032811691973,8,reasoning,easy,short_delay,1.0,0.7339196506086724,23.602008263699847,0.0,0.9054804375130899,0,2,0,low,Stable Learner,Slow but Accurate
L0426,426,H,Cooking,13.698123095038031,9,factual_recall,medium,short_delay,1.0,0.7185496391442605,34.274284129613996,0.0,0.9054804375130899,1,2,0,low,Stable Learner,Slow but Accurate
L0427,427,H,World,16.545647358198412,0,reasoning,medium,long_delay,1.0,0.6552378365905356,32.362715622030194,0.0,0.9070678330326843,0,0,2,low,Stable Learner,Slow but Accurate
L0427,427,H,Entertainment,12.631830478568988,1,reasoning,hard,long_delay,1.0,0.7794812435652625,25.412040799620605,0.0,0.9070678330326843,4,3,0,low,Stable Learner,Slow but Accurate
L0427,427,H,World,7.944881423919108,2,comprehension,easy,long_delay,1.0,0.7549596233489037,32.35923221269656,0.0,0.9070678330326843,1,3,0,low,Stable Learner,Slow but Accurate
L0427,427,H,Entertainment,17.308815428906613,3,inference,medium,short_delay,1.0,0.8213798602756136,23.3663924277728,0.0,0.9070678330326843,2,2,2,low,Stable Learner,Slow but Accurate
L0427,427,H,News,11.320314024800098,4,comprehension,hard,immediate,1.0,0.7186522511197581,26.762686789650147,0.0,0.9070678330326843,0,0,2,low,Stable Learner,Slow but Accurate
L0427,427,H,Entertainment,8.948755655353983,5,comprehension,medium,immediate,1.0,0.7660573651078458,38.670212980619986,0.0,0.9070678330326843,0,3,1,low,Stable Learner,Slow but Accurate
L0427,427,H,News,18.454056239105846,6,comprehension,medium,short_delay,1.0,0.7984185861145242,31.22789034704596,0.0,0.9070678330326843,2,3,0,low,Stable Learner,Slow but Accurate
L0427,427,H,Cooking,5.635764664224185,7,factual_recall,hard,short_delay,1.0,0.9018834059858669,29.362078428910962,0.0,0.9070678330326843,0,1,1,low,Stable Learner,Slow but Accurate
L0427,427,H,News,16.697424732373314,8,factual_recall,hard,long_delay,1.0,0.875101743408934,30.13426517502481,0.0,0.9070678330326843,2,0,1,low,Stable Learner,Slow but Accurate
L0427,427,H,Entertainment,12.053430853411479,9,inference,hard,short_delay,1.0,0.8512857885316865,27.437032777579635,0.0,0.9070678330326843,4,0,1,low,Stable Learner,Slow but Accurate
L0428,428,H,Sports,10.5914290791581,0,comprehension,medium,immediate,1.0,0.7409793016548644,26.447281650640402,0.0,0.9013687324112193,3,1,0,low,Stable Learner,Slow but Accurate
L0428,428,H,Sports,13.120776517971692,1,factual_recall,hard,long_delay,1.0,0.8041270488316128,31.815974385762892,0.0,0.9013687324112193,0,0,1,low,Stable Learner,Slow but Accurate
L0428,428,H,News,11.482703551212207,2,inference,hard,short_delay,1.0,0.647041850316129,32.796620434994864,0.0,0.9013687324112193,2,3,1,low,Stable Learner,Slow but Accurate
L0428,428,H,Entertainment,12.649966089192544,3,inference,hard,immediate,1.0,0.7256822352392014,24.842371049375448,0.0,0.9013687324112193,0,2,0,low,Stable Learner,Slow but Accurate
L0428,428,H,Entertainment,7.367739764044098,4,reasoning,easy,immediate,1.0,0.8271854260876396,22.19190537944756,0.0,0.9013687324112193,0,0,2,low,Stable Learner,Slow but Accurate
L0428,428,H,Entertainment,11.31902761276099,5,comprehension,hard,long_delay,1.0,0.8269701000628935,22.78894383089811,0.0,0.9013687324112193,1,3,1,low,Stable Learner,Slow but Accurate
L0428,428,H,Sports,5.21726268317079,6,comprehension,easy,long_delay,1.0,0.8168820551524841,24.73798760697036,0.0,0.9013687324112193,2,0,0,low,Stable Learner,Slow but Accurate
L0428,428,H,Entertainment,15.3600714908819,7,comprehension,hard,immediate,1.0,0.831659132651232,16.617162868697214,0.0,0.9013687324112193,2,2,2,low,Stable Learner,Slow but Accurate
L0428,428,H,World,18.977285032160644,8,comprehension,easy,immediate,1.0,0.7201967557944502,24.837125156750837,0.0,0.9013687324112193,0,1,2,low,Stable Learner,Slow but Accurate
L0428,428,H,World,9.033939217880194,9,factual_recall,hard,short_delay,1.0,0.6135841533385874,28.287260323537726,0.0,0.9013687324112193,2,1,2,low,Stable Learner,Slow but Accurate
L0429,429,H,World,18.414285791378443,0,inference,easy,long_delay,1.0,0.7344949286375342,34.995797265811404,0.0,0.8329985757423501,0,1,2,low,Stable Learner,Slow but Accurate
L0429,429,H,Cooking,10.569631980790124,1,reasoning,hard,short_delay,1.0,0.6594710782939601,25.6875028711244,0.0,0.8329985757423501,0,0,1,low,Stable Learner,Slow but Accurate
L0429,429,H,News,17.75561371330664,2,comprehension,easy,short_delay,1.0,0.8654479619425165,34.15889174622879,0.0,0.8329985757423501,1,3,2,low,Stable Learner,Slow but Accurate
L0429,429,H,World,7.579514707744268,3,inference,hard,short_delay,1.0,0.6944118138462286,22.28465794632155,0.0,0.8329985757423501,1,3,1,low,Stable Learner,Slow but Accurate
L0429,429,H,Sports,14.249999831640128,4,reasoning,easy,short_delay,1.0,0.6262282826858089,18.98000052285395,0.0,0.8329985757423501,1,2,1,low,Stable Learner,Slow but Accurate
L0429,429,H,Entertainment,10.926984214102731,5,comprehension,easy,immediate,1.0,0.6198946423066818,23.05996964048715,0.0,0.8329985757423501,0,3,0,low,Stable Learner,Slow but Accurate
L0429,429,H,Cooking,10.90713995795428,6,inference,hard,long_delay,1.0,0.7431653753334008,21.227543414365826,0.0,0.8329985757423501,0,3,0,low,Stable Learner,Slow but Accurate
L0429,429,H,Sports,13.41934928188511,7,factual_recall,hard,short_delay,1.0,0.7133545481511185,20.55621347001529,0.0,0.8329985757423501,3,2,0,low,Stable Learner,Slow but Accurate
L0429,429,H,Sports,18.561388272775762,8,inference,hard,long_delay,1.0,0.8018978965732205,30.4819130720593,0.0,0.8329985757423501,0,3,2,low,Stable Learner,Slow but Accurate
L0429,429,H,Entertainment,14.188083159868285,9,reasoning,easy,short_delay,1.0,0.7311906858949969,26.414100387590047,0.0,0.8329985757423501,4,0,0,low,Stable Learner,Slow but Accurate
L0430,430,H,Sports,13.975662748471887,0,factual_recall,easy,long_delay,1.0,0.7055867253843591,26.148914000447906,0.0,0.9234194818322096,0,0,1,low,Stable Learner,Slow but Accurate
L0430,430,H,World,12.328175803314586,1,reasoning,easy,short_delay,1.0,0.7821866281858799,37.890498496307096,0.0,0.9234194818322096,2,2,1,low,Stable Learner,Slow but Accurate
L0430,430,H,Sports,8.290936030536713,2,comprehension,medium,immediate,1.0,0.7839562079828845,40.61811960544705,1.0,0.9234194818322096,3,2,0,low,Stable Learner,Slow but Accurate
L0430,430,H,News,6.3326816730737825,3,reasoning,easy,immediate,1.0,0.5630814579660932,26.280390671756088,0.0,0.9234194818322096,3,2,2,low,Stable Learner,Slow but Accurate
L0430,430,H,World,19.585109664010503,4,comprehension,hard,long_delay,1.0,0.6354668567924285,37.228989746945274,0.0,0.9234194818322096,0,3,2,low,Stable Learner,Slow but Accurate
L0430,430,H,Cooking,11.944089469924261,5,factual_recall,hard,long_delay,1.0,0.8769151365397044,34.1801113851151,0.0,0.9234194818322096,2,3,2,low,Stable Learner,Slow but Accurate
L0430,430,H,Entertainment,12.956832209873236,6,inference,medium,short_delay,1.0,0.729826775437524,35.21528378891899,0.0,0.9234194818322096,0,1,0,low,Stable Learner,Slow but Accurate
L0430,430,H,Entertainment,15.235341695831657,7,inference,medium,short_delay,1.0,0.9101264143522193,28.606875565675406,0.0,0.9234194818322096,0,0,2,low,Stable Learner,Slow but Accurate
L0430,430,H,Entertainment,8.693248902990707,8,reasoning,hard,immediate,1.0,0.8548100354135271,23.965492410574207,0.0,0.9234194818322096,3,0,2,low,Stable Learner,Slow but Accurate
L0430,430,H,Cooking,5.623499471399734,9,reasoning,easy,short_delay,1.0,0.7323780166304095,21.673752462092143,0.0,0.9234194818322096,0,3,0,low,Stable Learner,Slow but Accurate
L0431,431,H,Cooking,10.189978130821912,0,comprehension,hard,long_delay,1.0,0.696059882923297,31.551131563705543,0.0,0.9151087486343373,1,1,1,low,Stable Learner,Slow but Accurate
L0431,431,H,News,6.805959277061088,1,reasoning,medium,immediate,1.0,0.8843926764993625,19.510959708751162,0.0,0.9151087486343373,2,2,2,low,Stable Learner,Slow but Accurate
L0431,431,H,Cooking,12.458431447537283,2,factual_recall,hard,short_delay,1.0,0.7375256787646791,14.953960937069883,0.0,0.9151087486343373,1,3,2,low,Stable Learner,Slow but Accurate
L0431,431,H,World,10.743177747891997,3,inference,medium,long_delay,1.0,0.8315245414392115,22.0249760473726,0.0,0.9151087486343373,0,0,0,low,Stable Learner,Slow but Accurate
L0431,431,H,World,16.321505034711993,4,reasoning,hard,long_delay,1.0,0.7033737754296192,33.803079348436675,0.0,0.9151087486343373,2,2,1,low,Stable Learner,Slow but Accurate
L0431,431,H,Entertainment,5.481775601570918,5,comprehension,hard,immediate,1.0,0.7634918284875593,38.29844144632062,0.0,0.9151087486343373,0,3,2,low,Stable Learner,Slow but Accurate
L0431,431,H,Cooking,5.500767744105928,6,comprehension,medium,short_delay,1.0,0.7946268824174709,22.462087088877063,0.0,0.9151087486343373,4,0,1,low,Stable Learner,Slow but Accurate
L0431,431,H,News,15.01741138449378,7,comprehension,hard,long_delay,1.0,0.909632569085377,20.69965297431478,0.0,0.9151087486343373,1,3,1,low,Stable Learner,Slow but Accurate
L0431,431,H,World,7.412712055269061,8,factual_recall,easy,short_delay,1.0,0.7148218320111546,37.2084758516386,0.0,0.9151087486343373,4,2,0,low,Stable Learner,Slow but Accurate
L0431,431,H,World,11.282929420536403,9,reasoning,hard,long_delay,1.0,0.7662050115465364,24.607439686914006,0.0,0.9151087486343373,2,3,2,low,Stable Learner,Slow but Accurate
L0432,432,H,Sports,18.589333131732214,0,factual_recall,hard,long_delay,1.0,0.7494879613942502,31.734588099146873,0.0,0.8297951617220968,1,0,2,low,Stable Learner,Slow but Accurate
L0432,432,H,Entertainment,10.731026705863455,1,comprehension,hard,immediate,1.0,0.9324595432341712,21.99786565365647,0.0,0.8297951617220968,2,1,1,low,Stable Learner,Slow but Accurate
L0432,432,H,Cooking,8.74484226091918,2,comprehension,easy,short_delay,1.0,0.8769734974362926,29.63591029677393,0.0,0.8297951617220968,1,2,1,low,Stable Learner,Slow but Accurate
L0432,432,H,Cooking,17.788084060251016,3,comprehension,easy,long_delay,1.0,0.762560612853548,27.33844681319755,0.0,0.8297951617220968,1,2,1,low,Stable Learner,Slow but Accurate
L0432,432,H,Entertainment,12.536138607809697,4,factual_recall,easy,short_delay,1.0,0.7206508439187924,22.706178912958215,0.0,0.8297951617220968,2,0,0,low,Stable Learner,Slow but Accurate
L0432,432,H,Entertainment,18.555893724860386,5,factual_recall,hard,short_delay,1.0,0.5725776327367981,38.04462863924601,0.0,0.8297951617220968,3,0,1,low,Stable Learner,Slow but Accurate
L0432,432,H,Sports,16.650975046331844,6,inference,hard,immediate,1.0,0.7102131055822992,32.48685931185502,0.0,0.8297951617220968,0,1,1,low,Stable Learner,Slow but Accurate
L0432,432,H,World,17.761753488236916,7,factual_recall,hard,long_delay,1.0,0.7437264713942063,23.28160125889194,0.0,0.8297951617220968,1,2,2,low,Stable Learner,Slow but Accurate
L0432,432,H,World,8.361485788319786,8,comprehension,hard,short_delay,1.0,0.7246146831819085,31.103506507361228,0.0,0.8297951617220968,4,2,0,low,Stable Learner,Slow but Accurate
L0432,432,H,Sports,14.056628047054417,9,factual_recall,hard,short_delay,1.0,0.7301854063431319,19.663226613030385,1.0,0.8297951617220968,0,0,0,low,Stable Learner,Slow but Accurate
L0433,433,H,Entertainment,9.920315175001221,0,reasoning,medium,immediate,1.0,0.7413923572035279,23.940423950682913,0.0,0.8862152661866111,4,1,2,low,Stable Learner,Slow but Accurate
L0433,433,H,News,10.47806689664142,1,comprehension,hard,immediate,1.0,0.6208520857842925,35.62946100240158,0.0,0.8862152661866111,2,1,0,low,Stable Learner,Slow but Accurate
L0433,433,H,News,13.56649972167051,2,reasoning,easy,immediate,1.0,0.688358517074425,32.888130164500666,0.0,0.8862152661866111,0,3,0,low,Stable Learner,Slow but Accurate
L0433,433,H,Cooking,12.384259385556161,3,inference,hard,short_delay,1.0,0.906554204827758,25.329198539341444,0.0,0.8862152661866111,1,3,0,low,Stable Learner,Slow but Accurate
L0433,433,H,Cooking,7.400036155988571,4,factual_recall,easy,immediate,1.0,0.7230965499555352,27.230810470165228,0.0,0.8862152661866111,1,3,0,low,Stable Learner,Slow but Accurate
L0433,433,H,Entertainment,6.713016354251511,5,reasoning,hard,long_delay,1.0,0.673456510771722,31.60401449897314,0.0,0.8862152661866111,0,3,2,low,Stable Learner,Slow but Accurate
L0433,433,H,Sports,12.772715781948667,6,reasoning,hard,long_delay,1.0,0.7194198904241925,34.448220949883215,0.0,0.8862152661866111,4,0,2,low,Stable Learner,Slow but Accurate
L0433,433,H,World,7.154613121117606,7,comprehension,hard,immediate,1.0,0.7595267663796148,18.88799298940148,0.0,0.8862152661866111,0,0,0,low,Stable Learner,Slow but Accurate
L0433,433,H,Entertainment,10.966774036519215,8,comprehension,medium,short_delay,1.0,0.8206675113602728,28.422699468591404,0.0,0.8862152661866111,4,2,0,low,Stable Learner,Slow but Accurate
L0433,433,H,World,12.925697507178967,9,inference,medium,short_delay,1.0,0.7996868032071056,27.813252169088532,0.0,0.8862152661866111,1,3,1,low,Stable Learner,Slow but Accurate
L0434,434,H,Entertainment,10.128413024415956,0,comprehension,medium,immediate,1.0,0.8132096351430665,26.178842892640695,0.0,0.8255464563115087,3,0,0,low,Stable Learner,Slow but Accurate
L0434,434,H,Cooking,7.5594681343701815,1,comprehension,medium,long_delay,1.0,0.663882099778044,21.834717633638558,1.0,0.8255464563115087,4,3,0,low,Stable Learner,Slow but Accurate
L0434,434,H,Sports,5.170903866600111,2,comprehension,medium,immediate,1.0,0.6483513208429736,38.14784269720552,0.0,0.8255464563115087,0,1,2,low,Stable Learner,Slow but Accurate
L0434,434,H,Cooking,7.742161829016156,3,factual_recall,easy,long_delay,1.0,0.6530727001172358,36.40258969967034,0.0,0.8255464563115087,0,3,2,low,Stable Learner,Slow but Accurate
L0434,434,H,Sports,16.01501166807215,4,reasoning,easy,short_delay,1.0,0.7984011151401296,37.540952221189,0.0,0.8255464563115087,3,1,2,low,Stable Learner,Slow but Accurate
L0434,434,H,Entertainment,5.107536542909418,5,comprehension,hard,long_delay,1.0,0.7603914497689664,24.764110681534664,0.0,0.8255464563115087,1,1,1,low,Stable Learner,Slow but Accurate
L0434,434,H,World,13.376185472254278,6,factual_recall,easy,long_delay,1.0,0.7248248562173047,23.908433724692856,0.0,0.8255464563115087,4,0,0,low,Stable Learner,Slow but Accurate
L0434,434,H,Cooking,6.24729511944394,7,factual_recall,easy,immediate,1.0,0.7866265587969146,25.51333022669371,0.0,0.8255464563115087,0,2,1,low,Stable Learner,Slow but Accurate
L0434,434,H,Cooking,17.4634913965306,8,factual_recall,hard,short_delay,1.0,0.7532657125655828,34.44464166411699,0.0,0.8255464563115087,1,2,2,low,Stable Learner,Slow but Accurate
L0434,434,H,World,7.003046177719971,9,factual_recall,hard,long_delay,1.0,0.7588415143733405,27.998847571792812,1.0,0.8255464563115087,1,3,0,low,Stable Learner,Slow but Accurate
L0435,435,H,Sports,11.595017066868062,0,factual_recall,hard,immediate,1.0,0.8954762722845059,17.568281968975846,0.0,0.8524844640333724,4,2,0,low,High Cognitive Load,Slow but Accurate
L0435,435,H,Entertainment,13.209891404204209,1,factual_recall,hard,short_delay,1.0,0.7472332313357131,32.97512572243609,0.0,0.8524844640333724,2,1,2,low,High Cognitive Load,Slow but Accurate
L0435,435,H,World,19.427081747348137,2,comprehension,easy,immediate,1.0,0.6892727379461732,25.21344642686125,0.0,0.8524844640333724,0,0,0,low,High Cognitive Load,Slow but Accurate
L0435,435,H,Entertainment,6.396198957843951,3,factual_recall,easy,short_delay,1.0,0.6689625107310199,26.41869482773797,0.0,0.8524844640333724,3,1,0,low,High Cognitive Load,Slow but Accurate
L0435,435,H,World,7.333292572913992,4,inference,easy,short_delay,1.0,0.7998309375731429,21.926836184188023,0.0,0.8524844640333724,0,1,0,low,High Cognitive Load,Slow but Accurate
L0435,435,H,Cooking,11.155883052994191,5,factual_recall,medium,short_delay,1.0,0.727981066957786,21.486991705351883,0.0,0.8524844640333724,1,0,0,low,High Cognitive Load,Slow but Accurate
L0435,435,H,News,12.102370504638348,6,factual_recall,easy,short_delay,1.0,0.8674165802504202,31.814002635261357,0.0,0.8524844640333724,1,0,1,low,High Cognitive Load,Slow but Accurate
L0435,435,H,World,8.568407365771579,7,inference,hard,long_delay,1.0,0.7331528400862558,27.886916231164648,0.0,0.8524844640333724,1,0,2,low,High Cognitive Load,Slow but Accurate
L0435,435,H,World,12.990761012038002,8,reasoning,hard,immediate,1.0,0.8631696128156539,21.63879310360797,0.0,0.8524844640333724,3,3,0,low,High Cognitive Load,Slow but Accurate
L0435,435,H,Sports,15.953177244406263,9,reasoning,easy,short_delay,1.0,0.6395892635135225,32.74326327689043,0.0,0.8524844640333724,2,0,2,low,High Cognitive Load,Slow but Accurate
L0436,436,H,Sports,7.393129697433924,0,inference,easy,long_delay,1.0,0.7500742475500208,29.909760831627356,0.0,0.8744265301214506,2,2,1,low,Needs Review,Slow but Accurate
L0436,436,H,Entertainment,6.570862960987115,1,factual_recall,hard,immediate,1.0,0.9555041058332719,26.846558345404965,0.0,0.8744265301214506,2,2,2,low,Needs Review,Slow but Accurate
L0436,436,H,Entertainment,18.09967993836762,2,inference,medium,immediate,1.0,0.7361333949108912,40.76575579960487,0.0,0.8744265301214506,3,1,1,low,Needs Review,Slow but Accurate
L0436,436,H,Entertainment,13.07034739086081,3,comprehension,medium,short_delay,1.0,0.5483528321964201,22.78805389099963,0.0,0.8744265301214506,3,0,2,low,Needs Review,Slow but Accurate
L0436,436,H,Entertainment,6.9250750662165625,4,reasoning,medium,long_delay,1.0,0.7341255310460982,31.614450461150067,0.0,0.8744265301214506,4,2,0,low,Needs Review,Slow but Accurate
L0436,436,H,World,16.139888542975413,5,factual_recall,medium,immediate,1.0,0.7405298229757474,20.50563168946973,0.0,0.8744265301214506,3,3,2,low,Needs Review,Slow but Accurate
L0436,436,H,World,5.207398228483059,6,reasoning,easy,short_delay,1.0,0.73071666963252,32.504550778156045,0.0,0.8744265301214506,1,0,0,low,Needs Review,Slow but Accurate
L0436,436,H,World,7.522982744598362,7,factual_recall,medium,short_delay,1.0,0.692508464172032,21.193028244293842,0.0,0.8744265301214506,4,2,0,low,Needs Review,Slow but Accurate
L0436,436,H,World,6.554548353958205,8,comprehension,easy,long_delay,1.0,0.6442958691082106,30.822778336560933,0.0,0.8744265301214506,0,3,0,low,Needs Review,Slow but Accurate
L0436,436,H,Sports,16.143284409553974,9,reasoning,hard,short_delay,1.0,0.9227592831736409,39.71941467340989,0.0,0.8744265301214506,0,1,0,low,Needs Review,Slow but Accurate
L0437,437,H,News,9.667463230015205,0,reasoning,hard,long_delay,1.0,0.5649479884802808,29.629374500354853,0.0,0.8938457948541754,1,0,0,low,Stable Learner,Slow but Accurate
L0437,437,H,Entertainment,13.721217934713456,1,inference,hard,short_delay,1.0,0.8210922085755937,21.679600483493033,0.0,0.8938457948541754,0,2,0,low,Stable Learner,Slow but Accurate
L0437,437,H,Cooking,15.675306605986481,2,factual_recall,easy,short_delay,1.0,0.8491905414755111,27.96856107576087,0.0,0.8938457948541754,1,1,2,low,Stable Learner,Slow but Accurate
L0437,437,H,World,9.893419805649362,3,inference,easy,short_delay,1.0,0.8969439343674687,25.91267393725744,0.0,0.8938457948541754,4,3,2,low,Stable Learner,Slow but Accurate
L0437,437,H,World,17.85885399344212,4,comprehension,medium,immediate,1.0,0.7149904151443576,42.06132366077614,0.0,0.8938457948541754,2,3,1,low,Stable Learner,Slow but Accurate
L0437,437,H,Entertainment,12.23870330669467,5,inference,hard,short_delay,1.0,0.6591903588734138,31.29177826133706,0.0,0.8938457948541754,4,2,0,low,Stable Learner,Slow but Accurate
L0437,437,H,World,16.842529283101488,6,factual_recall,hard,short_delay,1.0,0.8586846016049366,15.087962092853724,0.0,0.8938457948541754,0,1,0,low,Stable Learner,Slow but Accurate
L0437,437,H,Sports,19.61218956010091,7,inference,medium,short_delay,1.0,0.7899128314021802,27.990667446288278,0.0,0.8938457948541754,2,1,1,low,Stable Learner,Slow but Accurate
L0437,437,H,World,6.219430933785935,8,comprehension,hard,immediate,1.0,0.8199730965967685,30.209025925359025,0.0,0.8938457948541754,3,0,1,low,Stable Learner,Slow but Accurate
L0437,437,H,World,7.220364061483721,9,factual_recall,easy,long_delay,1.0,0.69823389132551,25.15623818735605,0.0,0.8938457948541754,2,3,2,low,Stable Learner,Slow but Accurate
L0438,438,H,Sports,12.69488026007352,0,factual_recall,hard,immediate,1.0,0.7255835653774025,37.82396574712375,0.0,0.9392440532396739,3,1,2,low,Stable Learner,Slow but Accurate
L0438,438,H,World,8.604722187046619,1,inference,medium,immediate,1.0,0.8055857575775948,32.292977911839984,0.0,0.9392440532396739,1,3,1,low,Stable Learner,Slow but Accurate
L0438,438,H,World,8.108333779520848,2,factual_recall,hard,long_delay,1.0,0.7303096808142245,25.620651471649403,0.0,0.9392440532396739,2,2,1,low,Stable Learner,Slow but Accurate
L0438,438,H,Sports,18.4246204112086,3,inference,hard,long_delay,1.0,0.8497309731625355,22.189963320392973,0.0,0.9392440532396739,2,1,0,low,Stable Learner,Slow but Accurate
L0438,438,H,Sports,9.94775790517605,4,reasoning,hard,immediate,1.0,0.6702210665582821,31.399926875788026,0.0,0.9392440532396739,1,2,2,low,Stable Learner,Slow but Accurate
L0438,438,H,World,7.198313917542,5,comprehension,hard,long_delay,1.0,0.8431130170270313,25.44387375135085,0.0,0.9392440532396739,3,3,2,low,Stable Learner,Slow but Accurate
L0438,438,H,Sports,10.631807910129856,6,inference,medium,short_delay,1.0,0.8215364295725957,25.69863306047152,0.0,0.9392440532396739,0,1,0,low,Stable Learner,Slow but Accurate
L0438,438,H,Sports,12.699236946153581,7,inference,easy,long_delay,1.0,0.6064289988116056,26.655058285092313,0.0,0.9392440532396739,1,1,0,low,Stable Learner,Slow but Accurate
L0438,438,H,News,10.769430236743556,8,comprehension,easy,immediate,1.0,0.7086513659434482,33.290542722180305,0.0,0.9392440532396739,1,0,2,low,Stable Learner,Slow but Accurate
L0438,438,H,Entertainment,14.770131856422221,9,inference,hard,immediate,1.0,0.8316662913928461,38.838670462547256,0.0,0.9392440532396739,4,1,2,low,Stable Learner,Slow but Accurate
L0439,439,H,Entertainment,5.770356160122622,0,comprehension,medium,immediate,1.0,0.7033844312063519,24.023224105125138,0.0,0.9067812289204349,1,2,2,low,Stable Learner,Slow but Accurate
L0439,439,H,World,6.999551661969913,1,inference,easy,long_delay,1.0,0.7263028860923139,36.192510044426015,0.0,0.9067812289204349,4,3,1,low,Stable Learner,Slow but Accurate
L0439,439,H,Entertainment,12.098466916049128,2,reasoning,easy,immediate,1.0,0.7535940518271372,17.708924237290983,0.0,0.9067812289204349,0,0,2,low,Stable Learner,Slow but Accurate
L0439,439,H,World,14.651372155117672,3,inference,easy,long_delay,1.0,0.687806136616023,25.216311871716865,0.0,0.9067812289204349,4,0,1,low,Stable Learner,Slow but Accurate
L0439,439,H,Sports,19.479746837772332,4,comprehension,easy,short_delay,1.0,0.7426602604499254,27.841296220514618,0.0,0.9067812289204349,4,3,1,low,Stable Learner,Slow but Accurate
L0439,439,H,News,9.247181521792196,5,inference,hard,immediate,1.0,0.7873769426647185,35.00306380926689,0.0,0.9067812289204349,0,3,2,low,Stable Learner,Slow but Accurate
L0439,439,H,World,10.677762803843319,6,inference,easy,long_delay,1.0,0.6550802768052457,39.68765234735789,0.0,0.9067812289204349,4,3,1,low,Stable Learner,Slow but Accurate
L0439,439,H,World,11.112201457153356,7,comprehension,medium,immediate,1.0,0.7745164456785455,25.467849678500365,0.0,0.9067812289204349,1,1,0,low,Stable Learner,Slow but Accurate
L0439,439,H,News,19.717346579787293,8,inference,medium,immediate,1.0,0.6627754288233053,31.23615842336315,0.0,0.9067812289204349,0,2,0,low,Stable Learner,Slow but Accurate
L0439,439,H,World,14.118765730837637,9,reasoning,easy,long_delay,1.0,0.6643767299864316,27.432693817338812,0.0,0.9067812289204349,0,3,1,low,Stable Learner,Slow but Accurate
L0440,440,H,Sports,9.258151259300615,0,reasoning,easy,short_delay,1.0,0.7301452744208168,29.56783496585071,0.0,0.7917030553199202,2,1,1,low,Stable Learner,Slow but Accurate
L0440,440,H,World,9.22531070609773,1,reasoning,hard,immediate,1.0,0.7038959340153161,25.435881959592386,0.0,0.7917030553199202,1,1,1,low,Stable Learner,Slow but Accurate
L0440,440,H,Cooking,7.615600247890204,2,factual_recall,medium,short_delay,1.0,0.7181318924299044,26.331280129012015,0.0,0.7917030553199202,0,0,1,low,Stable Learner,Slow but Accurate
L0440,440,H,Cooking,18.64130927584941,3,reasoning,medium,long_delay,1.0,0.6391235504607251,31.833523203318805,0.0,0.7917030553199202,3,2,0,low,Stable Learner,Slow but Accurate
L0440,440,H,World,16.11168155551944,4,reasoning,medium,immediate,1.0,0.8062882792282277,52.5275384249278,0.0,0.7917030553199202,0,0,0,low,Stable Learner,Slow but Accurate
L0440,440,H,Sports,8.551993471379955,5,inference,hard,long_delay,1.0,0.7974026106144867,35.00124300895243,1.0,0.7917030553199202,0,2,0,low,Stable Learner,Slow but Accurate
L0440,440,H,Entertainment,8.043665657599885,6,comprehension,medium,short_delay,1.0,0.8851823263395058,29.47844388694987,0.0,0.7917030553199202,2,0,1,low,Stable Learner,Slow but Accurate
L0440,440,H,News,7.049273708979086,7,reasoning,hard,immediate,1.0,0.882917426933535,30.902749350337405,0.0,0.7917030553199202,2,2,2,low,Stable Learner,Slow but Accurate
L0440,440,H,Cooking,9.577590246904519,8,comprehension,medium,long_delay,1.0,0.7624964555651226,30.8492106559726,0.0,0.7917030553199202,0,0,0,low,Stable Learner,Slow but Accurate
L0440,440,H,Cooking,9.43655928065628,9,inference,easy,short_delay,1.0,0.8318722213620754,27.458265509004487,0.0,0.7917030553199202,2,3,1,low,Stable Learner,Slow but Accurate
L0441,441,H,Sports,10.69935733695812,0,comprehension,easy,long_delay,1.0,0.8797184518502396,33.41099422621761,0.0,0.886464484383809,3,0,2,low,Strong Retention,Slow but Accurate
L0441,441,H,Entertainment,11.056469484903955,1,factual_recall,medium,short_delay,1.0,0.6160586190020848,33.85392278891358,0.0,0.886464484383809,2,2,2,low,Strong Retention,Slow but Accurate
L0441,441,H,News,12.626427622216559,2,reasoning,easy,immediate,1.0,0.6610235343113998,29.608053113742127,0.0,0.886464484383809,3,1,2,low,Strong Retention,Slow but Accurate
L0441,441,H,News,13.746948080161578,3,reasoning,medium,immediate,1.0,0.7128439746437969,25.44987796741744,0.0,0.886464484383809,3,1,1,low,Strong Retention,Slow but Accurate
L0441,441,H,World,5.884885550612104,4,factual_recall,medium,long_delay,1.0,0.8635458695392396,27.427601977564443,0.0,0.886464484383809,2,3,2,low,Strong Retention,Slow but Accurate
L0441,441,H,Cooking,5.147735856829537,5,comprehension,medium,short_delay,1.0,0.8254270196053176,32.099680006610235,0.0,0.886464484383809,0,0,1,low,Strong Retention,Slow but Accurate
L0441,441,H,Cooking,11.642174597662581,6,comprehension,easy,long_delay,1.0,0.6126971076227918,42.083820671252354,0.0,0.886464484383809,1,0,0,low,Strong Retention,Slow but Accurate
L0441,441,H,Cooking,8.808081118768765,7,inference,easy,immediate,1.0,0.7150899907167428,20.889402910145755,0.0,0.886464484383809,3,3,2,low,Strong Retention,Slow but Accurate
L0441,441,H,Cooking,9.173693065004366,8,inference,medium,immediate,1.0,0.6440938716382053,37.5330959028976,0.0,0.886464484383809,0,1,2,low,Strong Retention,Slow but Accurate
L0441,441,H,Cooking,16.093708809340654,9,factual_recall,hard,short_delay,1.0,0.7467639455241156,29.46433685380461,0.0,0.886464484383809,4,1,0,low,Strong Retention,Slow but Accurate
L0442,442,H,Entertainment,18.1686693788257,0,reasoning,medium,short_delay,1.0,0.6393012638360462,32.715580798586416,0.0,0.9006824462909485,4,2,2,low,High Cognitive Load,Slow but Accurate
L0442,442,H,Entertainment,12.753115935555009,1,inference,easy,short_delay,1.0,0.726317291656713,19.518988291803346,0.0,0.9006824462909485,4,0,1,low,High Cognitive Load,Slow but Accurate
L0442,442,H,News,13.387164870558955,2,factual_recall,easy,long_delay,1.0,0.6313097986939543,26.00887557776248,1.0,0.9006824462909485,4,2,1,low,High Cognitive Load,Slow but Accurate
L0442,442,H,Cooking,11.900915374158819,3,reasoning,hard,long_delay,1.0,0.7545007611628367,30.458901258782625,0.0,0.9006824462909485,1,2,2,low,High Cognitive Load,Slow but Accurate
L0442,442,H,Cooking,7.0752139895001624,4,inference,easy,immediate,1.0,0.8398592393407374,33.45879029837618,0.0,0.9006824462909485,2,3,1,low,High Cognitive Load,Slow but Accurate
L0442,442,H,Sports,9.764873828929865,5,reasoning,easy,immediate,1.0,0.7009721049939472,30.643644253729043,1.0,0.9006824462909485,0,2,1,low,High Cognitive Load,Slow but Accurate
L0442,442,H,News,14.899961131864016,6,inference,easy,immediate,1.0,0.7484466865254017,27.564199250278037,0.0,0.9006824462909485,0,2,0,low,High Cognitive Load,Slow but Accurate
L0442,442,H,Sports,14.626830287292378,7,inference,medium,immediate,1.0,0.6847323232949708,24.586666251158206,0.0,0.9006824462909485,4,3,2,low,High Cognitive Load,Slow but Accurate
L0442,442,H,World,12.73500591979871,8,factual_recall,medium,short_delay,1.0,0.6903368533541492,33.55189808096164,0.0,0.9006824462909485,2,1,0,low,High Cognitive Load,Slow but Accurate
L0442,442,H,Entertainment,18.62351205780344,9,factual_recall,hard,short_delay,1.0,0.6834903505715473,22.796654042941743,0.0,0.9006824462909485,2,1,2,low,High Cognitive Load,Slow but Accurate
L0443,443,H,Entertainment,9.131037716944235,0,factual_recall,hard,immediate,1.0,0.7847184345946929,33.86866442607261,1.0,0.831100283384784,2,3,1,low,Stable Learner,Slow but Accurate
L0443,443,H,News,9.257519423781979,1,comprehension,hard,short_delay,1.0,0.5774626467164857,34.823467995390466,0.0,0.831100283384784,0,3,1,low,Stable Learner,Slow but Accurate
L0443,443,H,Sports,16.42485172727129,2,comprehension,hard,short_delay,1.0,0.7443766880009598,17.584649042451954,0.0,0.831100283384784,4,2,0,low,Stable Learner,Slow but Accurate
L0443,443,H,Sports,15.870480498012366,3,comprehension,easy,short_delay,1.0,0.7788141045741455,27.23109403578784,0.0,0.831100283384784,2,0,0,low,Stable Learner,Slow but Accurate
L0443,443,H,World,7.909853451697506,4,comprehension,medium,immediate,1.0,0.7762755392417463,22.133549660817952,0.0,0.831100283384784,4,0,0,low,Stable Learner,Slow but Accurate
L0443,443,H,News,18.185465043595414,5,comprehension,medium,short_delay,1.0,0.7369778808228218,18.988996874897932,0.0,0.831100283384784,3,2,0,low,Stable Learner,Slow but Accurate
L0443,443,H,Entertainment,19.524106007835744,6,comprehension,hard,immediate,1.0,0.6971729127147287,32.75218502796692,0.0,0.831100283384784,0,3,0,low,Stable Learner,Slow but Accurate
L0443,443,H,Entertainment,11.112815216916129,7,reasoning,hard,immediate,1.0,0.7346503676658656,30.839937513600336,0.0,0.831100283384784,3,0,2,low,Stable Learner,Slow but Accurate
L0443,443,H,Entertainment,8.205608182234812,8,factual_recall,medium,short_delay,1.0,0.848716739093653,29.58075643886655,1.0,0.831100283384784,0,0,1,low,Stable Learner,Slow but Accurate
L0443,443,H,Sports,14.155498140516288,9,inference,easy,long_delay,1.0,0.7020426051440464,21.487018469288355,1.0,0.831100283384784,4,3,2,low,Stable Learner,Slow but Accurate
L0444,444,H,Sports,14.80536193116653,0,comprehension,easy,short_delay,1.0,0.7802508505743952,24.21418758012068,0.0,0.9346673500133421,3,1,2,low,Slow but Accurate,Slow but Accurate
L0444,444,H,News,15.872511299049268,1,reasoning,medium,immediate,1.0,0.8062060009501161,28.561983633601788,0.0,0.9346673500133421,2,1,1,low,Slow but Accurate,Slow but Accurate
L0444,444,H,World,11.796419824262575,2,reasoning,easy,short_delay,1.0,0.7750833059385144,24.58774409358891,0.0,0.9346673500133421,3,0,0,low,Slow but Accurate,Slow but Accurate
L0444,444,H,Sports,5.9605503366880965,3,reasoning,hard,short_delay,1.0,0.7888744201380694,25.73199442090936,0.0,0.9346673500133421,2,0,2,low,Slow but Accurate,Slow but Accurate
L0444,444,H,Cooking,7.296475610745784,4,reasoning,hard,immediate,1.0,0.8540523188755781,30.128841591052996,0.0,0.9346673500133421,0,0,1,low,Slow but Accurate,Slow but Accurate
L0444,444,H,Cooking,16.833662791976867,5,reasoning,easy,immediate,1.0,0.7120861168370369,29.610393157731167,0.0,0.9346673500133421,2,0,0,low,Slow but Accurate,Slow but Accurate
L0444,444,H,News,13.737836575433377,6,reasoning,easy,immediate,1.0,0.7874110853104614,16.47713038843588,0.0,0.9346673500133421,0,0,1,low,Slow but Accurate,Slow but Accurate
L0444,444,H,Entertainment,11.112466375696744,7,factual_recall,medium,long_delay,1.0,0.6878051984904144,30.222932722573585,0.0,0.9346673500133421,3,3,0,low,Slow but Accurate,Slow but Accurate
L0444,444,H,Cooking,16.631390161367023,8,inference,medium,short_delay,1.0,0.7961344107659135,26.180001500166096,0.0,0.9346673500133421,3,1,1,low,Slow but Accurate,Slow but Accurate
L0444,444,H,Sports,16.77845319659754,9,inference,easy,short_delay,1.0,0.7701029704579366,25.514152353664297,0.0,0.9346673500133421,3,0,0,low,Slow but Accurate,Slow but Accurate
L0445,445,H,Sports,7.939524102020372,0,comprehension,hard,long_delay,1.0,0.8780036961489723,21.5089029888612,0.0,0.8893185783054979,0,3,0,low,Stable Learner,Slow but Accurate
L0445,445,H,Cooking,13.459105655966944,1,reasoning,medium,immediate,1.0,0.6998772213013855,28.494455427828306,0.0,0.8893185783054979,3,3,1,low,Stable Learner,Slow but Accurate
L0445,445,H,World,9.864251527698325,2,comprehension,hard,short_delay,1.0,0.855351406639147,28.007491915341884,0.0,0.8893185783054979,0,1,1,low,Stable Learner,Slow but Accurate
L0445,445,H,World,19.21857504678162,3,comprehension,easy,immediate,1.0,0.702760256149925,22.865121443988322,0.0,0.8893185783054979,4,2,2,low,Stable Learner,Slow but Accurate
L0445,445,H,Entertainment,6.9558591801888925,4,factual_recall,medium,short_delay,1.0,0.8941655046613749,32.181022992713466,0.0,0.8893185783054979,2,3,0,low,Stable Learner,Slow but Accurate
L0445,445,H,Entertainment,13.875251005483497,5,factual_recall,easy,short_delay,1.0,0.6815611240818789,23.339841417620526,0.0,0.8893185783054979,1,1,1,low,Stable Learner,Slow but Accurate
L0445,445,H,Cooking,17.856739075624855,6,factual_recall,hard,short_delay,1.0,0.7184915437905937,20.256463675152414,0.0,0.8893185783054979,4,1,0,low,Stable Learner,Slow but Accurate
L0445,445,H,Sports,7.067163745340515,7,reasoning,easy,short_delay,1.0,0.8706604619893714,18.274794710273586,0.0,0.8893185783054979,1,3,2,low,Stable Learner,Slow but Accurate
L0445,445,H,World,17.893502226324873,8,reasoning,hard,long_delay,1.0,0.8741786200693196,38.27377170816657,0.0,0.8893185783054979,4,0,0,low,Stable Learner,Slow but Accurate
L0445,445,H,Entertainment,6.278988301399011,9,comprehension,easy,short_delay,1.0,0.8154741328081504,24.93710035680512,0.0,0.8893185783054979,1,3,0,low,Stable Learner,Slow but Accurate
L0446,446,H,Cooking,16.1089596637757,0,reasoning,medium,long_delay,1.0,0.6344571536054947,24.616741792653073,0.0,0.8852932462492531,1,0,0,low,Stable Learner,Slow but Accurate
L0446,446,H,News,6.13539543071946,1,inference,easy,immediate,1.0,0.6769424259655377,20.0789629817091,0.0,0.8852932462492531,1,0,0,low,Stable Learner,Slow but Accurate
L0446,446,H,World,16.311913666163154,2,reasoning,hard,immediate,1.0,0.7677024076403052,37.3847730096352,0.0,0.8852932462492531,2,1,0,low,Stable Learner,Slow but Accurate
L0446,446,H,News,15.474345679119127,3,factual_recall,easy,short_delay,1.0,0.5926437058426647,40.959066105302384,0.0,0.8852932462492531,0,0,2,low,Stable Learner,Slow but Accurate
L0446,446,H,Sports,14.78491554715966,4,inference,medium,long_delay,1.0,0.6513774297318278,30.47117513375709,0.0,0.8852932462492531,4,1,2,low,Stable Learner,Slow but Accurate
L0446,446,H,Sports,12.499799920352194,5,inference,hard,short_delay,1.0,0.618199693670579,30.17506383091883,0.0,0.8852932462492531,4,2,1,low,Stable Learner,Slow but Accurate
L0446,446,H,Sports,15.773089871530503,6,reasoning,medium,long_delay,1.0,0.7592343407715151,28.373623570998213,0.0,0.8852932462492531,3,0,2,low,Stable Learner,Slow but Accurate
L0446,446,H,Cooking,7.010204263611868,7,factual_recall,medium,long_delay,1.0,0.9229743422615875,27.11052142081614,0.0,0.8852932462492531,3,3,0,low,Stable Learner,Slow but Accurate
L0446,446,H,Entertainment,9.914745120044264,8,factual_recall,hard,immediate,1.0,0.6491209724100173,30.040472361772235,0.0,0.8852932462492531,2,2,2,low,Stable Learner,Slow but Accurate
L0446,446,H,Cooking,17.381864940989967,9,comprehension,hard,long_delay,1.0,0.8153063766286633,32.05671050629009,0.0,0.8852932462492531,4,2,0,low,Stable Learner,Slow but Accurate
L0447,447,H,World,13.884053823339993,0,reasoning,medium,short_delay,1.0,0.8102753259991894,28.104640809849087,0.0,0.8106038547294899,0,0,2,low,Strong Retention,Slow but Accurate
L0447,447,H,News,17.04344497740716,1,reasoning,medium,long_delay,1.0,0.8358611502433662,29.157318246060132,0.0,0.8106038547294899,3,2,0,low,Strong Retention,Slow but Accurate
L0447,447,H,Sports,12.57663092053999,2,factual_recall,hard,immediate,1.0,0.7736924050647621,27.97564298373682,0.0,0.8106038547294899,1,2,1,low,Strong Retention,Slow but Accurate
L0447,447,H,News,17.847026043066027,3,factual_recall,hard,long_delay,1.0,0.6028030954911109,20.287075115592124,0.0,0.8106038547294899,1,0,1,low,Strong Retention,Slow but Accurate
L0447,447,H,Cooking,11.33457186113559,4,inference,easy,short_delay,1.0,0.7278530967386587,25.41935851553056,0.0,0.8106038547294899,2,3,2,low,Strong Retention,Slow but Accurate
L0447,447,H,News,15.295598541405523,5,comprehension,easy,long_delay,1.0,0.7850352187448137,28.4348534051755,0.0,0.8106038547294899,3,0,1,low,Strong Retention,Slow but Accurate
L0447,447,H,World,18.1138977624173,6,comprehension,easy,short_delay,1.0,0.6807436296053005,36.51161697671759,0.0,0.8106038547294899,2,1,1,low,Strong Retention,Slow but Accurate
L0447,447,H,Entertainment,12.439107524523358,7,factual_recall,easy,immediate,1.0,0.8234646280883565,32.15226368504896,0.0,0.8106038547294899,3,1,2,low,Strong Retention,Slow but Accurate
L0447,447,H,World,17.943891418389548,8,comprehension,medium,short_delay,1.0,0.8083672188117577,36.833907827318654,0.0,0.8106038547294899,1,0,0,low,Strong Retention,Slow but Accurate
L0447,447,H,Entertainment,11.622352315709836,9,reasoning,hard,long_delay,1.0,0.7607589341506878,19.570269431161186,0.0,0.8106038547294899,3,2,0,low,Strong Retention,Slow but Accurate
L0448,448,I,Sports,5.191362529353388,0,inference,hard,immediate,1.0,0.6425869645945214,26.16881060518853,0.0,0.4684311505405322,0,0,1,medium,Low-Engagement,Needs Review
L0448,448,I,News,15.717845021879464,1,factual_recall,easy,short_delay,0.0,0.4890167002139355,19.509556197253566,0.0,0.4684311505405322,3,1,1,medium,Low-Engagement,Needs Review
L0448,448,I,Entertainment,5.895713353664612,2,factual_recall,hard,immediate,1.0,0.6103588381955698,13.913977193690556,0.0,0.4684311505405322,2,0,2,medium,Low-Engagement,Needs Review
L0448,448,I,World,9.629504242487434,3,comprehension,easy,short_delay,1.0,0.6109331155580886,20.786561632231482,1.0,0.4684311505405322,0,0,1,medium,Low-Engagement,Needs Review
L0448,448,I,News,19.92387938965501,4,factual_recall,hard,immediate,1.0,0.6379893930375342,15.769707624839564,0.0,0.4684311505405322,3,0,0,medium,Low-Engagement,Needs Review
L0448,448,I,Entertainment,9.56872935129202,5,reasoning,easy,long_delay,1.0,0.7400376997731304,13.835575747045118,0.0,0.4684311505405322,4,2,1,medium,Low-Engagement,Needs Review
L0448,448,I,Entertainment,19.25836561872107,6,reasoning,medium,immediate,0.0,0.38547574706960963,12.969564450913408,0.0,0.4684311505405322,0,0,2,medium,Low-Engagement,Needs Review
L0448,448,I,Sports,5.661889486039466,7,inference,medium,long_delay,1.0,0.6706533641930478,17.522815878951445,0.0,0.4684311505405322,4,2,2,medium,Low-Engagement,Needs Review
L0448,448,I,World,18.891723638489204,8,factual_recall,hard,short_delay,1.0,0.5423374155725504,12.93064007275358,0.0,0.4684311505405322,1,1,2,medium,Low-Engagement,Needs Review
L0448,448,I,News,12.513210490589836,9,inference,easy,short_delay,0.0,0.49469728480281944,16.777144456917245,0.0,0.4684311505405322,0,3,2,medium,Low-Engagement,Needs Review
L0449,449,I,Entertainment,14.530031282651048,0,comprehension,hard,long_delay,0.0,0.4859823590122185,16.231259203795954,0.0,0.7193377390845838,4,2,0,medium,Needs Review,Needs Review
L0449,449,I,News,6.548371909360604,1,inference,hard,short_delay,1.0,0.6062244740933582,21.290793506624304,0.0,0.7193377390845838,0,3,0,medium,Needs Review,Needs Review
L0449,449,I,World,16.877534239685062,2,factual_recall,medium,long_delay,1.0,0.7392006715455702,19.353498057548727,1.0,0.7193377390845838,3,1,0,medium,Needs Review,Needs Review
L0449,449,I,World,6.558357981663228,3,factual_recall,hard,long_delay,0.0,0.4284321042938008,15.093002980936353,0.0,0.7193377390845838,1,0,2,medium,Needs Review,Needs Review
L0449,449,I,Sports,16.434059103946808,4,inference,easy,short_delay,0.0,0.3496488182036049,19.17624314152395,0.0,0.7193377390845838,2,0,2,medium,Needs Review,Needs Review
L0449,449,I,Cooking,5.5217873712076795,5,comprehension,hard,long_delay,1.0,0.5168322820339344,8.271928319060226,1.0,0.7193377390845838,0,0,0,medium,Needs Review,Needs Review
L0449,449,I,News,16.819229837362858,6,comprehension,medium,short_delay,0.0,0.46782398707075046,21.31874287421892,0.0,0.7193377390845838,0,2,2,medium,Needs Review,Needs Review
L0449,449,I,Sports,10.011531711355307,7,reasoning,medium,immediate,1.0,0.5469569191562358,16.11095010898301,0.0,0.7193377390845838,0,0,2,medium,Needs Review,Needs Review
L0449,449,I,World,19.7547562511879,8,reasoning,hard,immediate,1.0,0.6145639093196565,9.996602514009352,0.0,0.7193377390845838,3,1,2,medium,Needs Review,Needs Review
L0449,449,I,World,18.289960824330773,9,comprehension,medium,long_delay,1.0,0.5892033129892117,13.91680802222935,0.0,0.7193377390845838,0,0,1,medium,Needs Review,Needs Review
L0450,450,I,Entertainment,11.925665778370185,0,factual_recall,hard,short_delay,0.0,0.4806543508083875,8.180361410693855,0.0,0.5647832036741381,3,2,1,medium,Low-Engagement,Needs Review
L0450,450,I,Cooking,6.026037772490104,1,reasoning,medium,long_delay,1.0,0.6306079240381205,17.077311220116595,0.0,0.5647832036741381,3,2,1,medium,Low-Engagement,Needs Review
L0450,450,I,Entertainment,8.530775914563614,2,inference,easy,short_delay,1.0,0.6082755582681852,11.462400442220652,0.0,0.5647832036741381,3,2,2,medium,Low-Engagement,Needs Review
L0450,450,I,Cooking,5.586096828888391,3,comprehension,medium,short_delay,1.0,0.6501042789796249,7.773682864866993,0.0,0.5647832036741381,4,2,1,medium,Low-Engagement,Needs Review
L0450,450,I,Cooking,5.3188760999756,4,comprehension,easy,short_delay,1.0,0.5095337599326495,13.903123268735058,0.0,0.5647832036741381,0,0,2,medium,Low-Engagement,Needs Review
L0450,450,I,World,19.28386210429679,5,comprehension,hard,short_delay,1.0,0.6710768491021574,17.39890018323733,0.0,0.5647832036741381,1,3,1,medium,Low-Engagement,Needs Review
L0450,450,I,Entertainment,6.935786848855539,6,reasoning,easy,short_delay,1.0,0.551721848975923,18.075347172742934,1.0,0.5647832036741381,4,0,1,medium,Low-Engagement,Needs Review
L0450,450,I,News,17.741499887219035,7,reasoning,hard,short_delay,1.0,0.5159013479164012,15.855649142669066,0.0,0.5647832036741381,4,2,0,medium,Low-Engagement,Needs Review
L0450,450,I,Sports,10.976778950359101,8,inference,medium,immediate,0.0,0.4181436894307256,15.695693895370356,0.0,0.5647832036741381,0,1,0,medium,Low-Engagement,Needs Review
L0450,450,I,Cooking,11.48138778289442,9,inference,hard,immediate,0.0,0.2992077666573782,13.30795236751859,1.0,0.5647832036741381,1,2,2,medium,Low-Engagement,Needs Review
L0451,451,I,Sports,15.709815440985782,0,inference,easy,long_delay,0.0,0.48783240075800105,12.18749819263015,1.0,0.547190397094568,4,0,2,medium,Low-Engagement,Needs Review
L0451,451,I,World,15.825209997959593,1,factual_recall,medium,immediate,1.0,0.548675384646355,9.53386294723827,0.0,0.547190397094568,0,1,0,medium,Low-Engagement,Needs Review
L0451,451,I,World,10.687725495050879,2,inference,hard,long_delay,0.0,0.4652710383660593,22.151223661409993,0.0,0.547190397094568,4,2,2,medium,Low-Engagement,Needs Review
L0451,451,I,Entertainment,10.735284244504108,3,reasoning,hard,immediate,1.0,0.5208012030463882,24.740876911740614,0.0,0.547190397094568,1,0,2,medium,Low-Engagement,Needs Review
L0451,451,I,World,8.513432793899685,4,reasoning,medium,short_delay,1.0,0.5861510295081684,17.173548066560148,0.0,0.547190397094568,3,3,1,medium,Low-Engagement,Needs Review
L0451,451,I,Entertainment,7.0501806379658545,5,reasoning,easy,immediate,1.0,0.5352308411223987,14.191575305349417,0.0,0.547190397094568,3,0,0,medium,Low-Engagement,Needs Review
L0451,451,I,Entertainment,16.24252650384161,6,comprehension,easy,immediate,1.0,0.5500371178203552,21.231390063588524,0.0,0.547190397094568,2,0,1,medium,Low-Engagement,Needs Review
L0451,451,I,Cooking,13.537680563670168,7,comprehension,medium,short_delay,0.0,0.4368833375294903,18.351750183565667,0.0,0.547190397094568,0,3,1,medium,Low-Engagement,Needs Review
L0451,451,I,News,11.734021293506363,8,reasoning,medium,immediate,1.0,0.6107730524850556,14.946464416435775,0.0,0.547190397094568,0,1,0,medium,Low-Engagement,Needs Review
L0451,451,I,Entertainment,6.888745421789484,9,factual_recall,hard,long_delay,1.0,0.6019914030672476,20.840372625580606,1.0,0.547190397094568,4,1,1,medium,Low-Engagement,Needs Review
L0452,452,I,Cooking,5.602634317407112,0,comprehension,hard,long_delay,1.0,0.5221309306131049,16.45607582094293,0.0,0.6940918822929475,4,0,2,medium,Needs Review,Needs Review
L0452,452,I,Sports,15.258544593563172,1,reasoning,hard,short_delay,0.0,0.3595141070532373,16.028893326281402,0.0,0.6940918822929475,0,0,2,medium,Needs Review,Needs Review
L0452,452,I,Cooking,15.195776397197273,2,reasoning,easy,immediate,1.0,0.5444091432150043,14.493770499204777,0.0,0.6940918822929475,2,3,0,medium,Needs Review,Needs Review
L0452,452,I,Entertainment,19.334027591789457,3,factual_recall,medium,immediate,1.0,0.6798540470261681,15.761486432914792,0.0,0.6940918822929475,4,0,1,medium,Needs Review,Needs Review
L0452,452,I,Sports,6.419156318239022,4,factual_recall,easy,long_delay,0.0,0.3742303443672874,13.676313781583387,0.0,0.6940918822929475,3,1,0,medium,Needs Review,Needs Review
L0452,452,I,Entertainment,14.760374431232217,5,reasoning,hard,short_delay,0.0,0.43184921399631776,29.714887765369635,1.0,0.6940918822929475,2,0,1,medium,Needs Review,Needs Review
L0452,452,I,Entertainment,14.20927584494774,6,factual_recall,easy,short_delay,0.0,0.4801657786771329,19.748376022118926,1.0,0.6940918822929475,0,3,0,medium,Needs Review,Needs Review
L0452,452,I,World,12.756613605782704,7,factual_recall,easy,short_delay,1.0,0.594681262809417,13.719279313757175,0.0,0.6940918822929475,1,3,2,medium,Needs Review,Needs Review
L0452,452,I,World,9.005795026064948,8,inference,easy,long_delay,1.0,0.8352399120420151,21.917909634220216,0.0,0.6940918822929475,4,1,1,medium,Needs Review,Needs Review
L0452,452,I,World,19.031532890562666,9,reasoning,medium,short_delay,0.0,0.45288206076786297,17.283460289571043,0.0,0.6940918822929475,4,3,1,medium,Needs Review,Needs Review
L0453,453,I,Entertainment,16.681544086025756,0,comprehension,easy,long_delay,0.0,0.2465019153179243,8.232500694456565,0.0,0.5636027768521885,3,2,2,medium,Low-Engagement,Needs Review
L0453,453,I,World,12.702045882129433,1,factual_recall,easy,immediate,1.0,0.6047881264792712,12.415399274720667,1.0,0.5636027768521885,3,0,0,medium,Low-Engagement,Needs Review
L0453,453,I,News,18.510017670580865,2,reasoning,medium,short_delay,1.0,0.6377823902436912,16.01549114136554,0.0,0.5636027768521885,3,1,0,medium,Low-Engagement,Needs Review
L0453,453,I,News,15.52185310112993,3,comprehension,easy,long_delay,1.0,0.6802503537231801,16.870628880480723,0.0,0.5636027768521885,3,1,1,medium,Low-Engagement,Needs Review
L0453,453,I,Sports,18.34841721294458,4,inference,easy,immediate,0.0,0.41770881241169067,7.570585827898493,0.0,0.5636027768521885,1,3,0,medium,Low-Engagement,Needs Review
L0453,453,I,News,7.113910180197937,5,reasoning,medium,short_delay,1.0,0.6027890707370114,13.442746007640277,0.0,0.5636027768521885,1,2,2,medium,Low-Engagement,Needs Review
L0453,453,I,Cooking,18.353553294229112,6,inference,medium,immediate,1.0,0.5499146950789752,16.8015778412157,0.0,0.5636027768521885,4,2,1,medium,Low-Engagement,Needs Review
L0453,453,I,Entertainment,6.48858876298397,7,comprehension,hard,immediate,1.0,0.6385097931784373,23.04021705464239,0.0,0.5636027768521885,4,3,2,medium,Low-Engagement,Needs Review
L0453,453,I,Entertainment,6.617158537100604,8,inference,easy,long_delay,0.0,0.47182954973208074,11.774936861221459,1.0,0.5636027768521885,1,3,2,medium,Low-Engagement,Needs Review
L0453,453,I,Entertainment,7.757770038918865,9,factual_recall,medium,short_delay,1.0,0.5096446222687401,18.450320083738536,0.0,0.5636027768521885,0,1,0,medium,Low-Engagement,Needs Review
L0454,454,I,Sports,14.955911215050383,0,reasoning,easy,long_delay,1.0,0.553427381546503,18.511601851893644,0.0,0.695837354966606,1,1,1,medium,Needs Review,Needs Review
L0454,454,I,News,8.109765038498407,1,inference,easy,immediate,0.0,0.4840375703488284,15.423131842324928,0.0,0.695837354966606,1,1,1,medium,Needs Review,Needs Review
L0454,454,I,Cooking,7.529456717372632,2,factual_recall,easy,long_delay,1.0,0.6899310117447606,14.300910581329804,0.0,0.695837354966606,4,0,2,medium,Needs Review,Needs Review
L0454,454,I,World,13.492862476694258,3,reasoning,medium,immediate,0.0,0.407103526799014,18.276388278568255,1.0,0.695837354966606,1,1,1,medium,Needs Review,Needs Review
L0454,454,I,Sports,19.26119669128154,4,reasoning,hard,immediate,0.0,0.4678142494969231,15.048469478923785,0.0,0.695837354966606,2,1,1,medium,Needs Review,Needs Review
L0454,454,I,Entertainment,13.168656362663842,5,inference,medium,short_delay,1.0,0.5205966646200378,16.236136175084233,0.0,0.695837354966606,4,0,1,medium,Needs Review,Needs Review
L0454,454,I,Cooking,18.885071204770156,6,comprehension,hard,immediate,0.0,0.48253798873808323,18.548416440981807,0.0,0.695837354966606,4,3,2,medium,Needs Review,Needs Review
L0454,454,I,News,5.31026281613248,7,comprehension,medium,long_delay,1.0,0.616090530334062,16.692779290229858,1.0,0.695837354966606,4,2,0,medium,Needs Review,Needs Review
L0454,454,I,World,9.1857384217835,8,reasoning,medium,immediate,1.0,0.6056696596588991,17.54297583804925,0.0,0.695837354966606,4,0,2,medium,Needs Review,Needs Review
L0454,454,I,World,15.429434824560898,9,reasoning,easy,immediate,1.0,0.6761164030700971,12.045391557278098,0.0,0.695837354966606,1,3,0,medium,Needs Review,Needs Review
L0455,455,I,Sports,18.078814907983556,0,inference,easy,long_delay,0.0,0.48815631015898314,12.828200659366438,1.0,0.711614599569728,1,0,1,medium,Needs Review,Needs Review
L0455,455,I,Cooking,13.018104465994936,1,inference,medium,short_delay,1.0,0.6161252298858784,9.879670094240396,0.0,0.711614599569728,4,0,0,medium,Needs Review,Needs Review
L0455,455,I,World,9.114509202495395,2,comprehension,hard,immediate,1.0,0.6489020847746098,20.65427723710427,0.0,0.711614599569728,1,1,0,medium,Needs Review,Needs Review
L0455,455,I,News,6.313636449781251,3,inference,medium,immediate,0.0,0.28276555130120445,19.892574024683757,0.0,0.711614599569728,3,3,1,medium,Needs Review,Needs Review
L0455,455,I,Cooking,19.573624256519885,4,comprehension,medium,immediate,1.0,0.5865306958301741,17.71493750489245,0.0,0.711614599569728,1,2,1,medium,Needs Review,Needs Review
L0455,455,I,World,18.271490631413602,5,reasoning,medium,short_delay,1.0,0.799726091577235,22.13115693314389,0.0,0.711614599569728,1,1,2,medium,Needs Review,Needs Review
L0455,455,I,Cooking,16.865698919714095,6,factual_recall,hard,short_delay,1.0,0.5150242567961169,13.173101661683626,0.0,0.711614599569728,1,3,1,medium,Needs Review,Needs Review
L0455,455,I,World,16.060206435673187,7,factual_recall,hard,immediate,0.0,0.24738164309572636,16.36775271622662,0.0,0.711614599569728,2,2,0,medium,Needs Review,Needs Review
L0455,455,I,Cooking,14.800476341636084,8,factual_recall,easy,short_delay,0.0,0.45248093776308257,26.972059112475122,0.0,0.711614599569728,4,1,1,medium,Needs Review,Needs Review
L0455,455,I,Entertainment,7.711696080952746,9,comprehension,hard,short_delay,0.0,0.332255285063625,18.926406179498017,0.0,0.711614599569728,4,3,0,medium,Needs Review,Needs Review
L0456,456,I,Cooking,10.595777815234895,0,inference,medium,long_delay,0.0,0.43101609123511575,15.717100904861166,0.0,0.6497343581168268,1,1,0,medium,Needs Review,Needs Review
L0456,456,I,World,5.16740242526832,1,comprehension,medium,short_delay,1.0,0.6387953552520722,14.548968974505867,1.0,0.6497343581168268,2,0,2,medium,Needs Review,Needs Review
L0456,456,I,World,6.309318519313623,2,comprehension,easy,long_delay,0.0,0.4486580312748791,18.775834730266002,0.0,0.6497343581168268,0,1,2,medium,Needs Review,Needs Review
L0456,456,I,Sports,6.579657011968906,3,inference,hard,long_delay,0.0,0.44494010329597616,13.759746376304586,0.0,0.6497343581168268,3,3,2,medium,Needs Review,Needs Review
L0456,456,I,Sports,17.65781790579158,4,inference,hard,short_delay,1.0,0.5731761050583648,12.23498092105082,0.0,0.6497343581168268,1,0,1,medium,Needs Review,Needs Review
L0456,456,I,Entertainment,14.760728463030155,5,comprehension,easy,immediate,1.0,0.7349830058331368,12.714530448062636,0.0,0.6497343581168268,4,2,1,medium,Needs Review,Needs Review
L0456,456,I,Entertainment,12.70672093312113,6,reasoning,hard,long_delay,1.0,0.6371748389950874,12.701186980418996,0.0,0.6497343581168268,1,0,2,medium,Needs Review,Needs Review
L0456,456,I,Sports,12.520107592541445,7,comprehension,hard,long_delay,1.0,0.5454960476111277,10.363164643676319,0.0,0.6497343581168268,2,2,1,medium,Needs Review,Needs Review
L0456,456,I,Cooking,14.922422919397661,8,inference,hard,immediate,0.0,0.4322092335092946,9.805387143044358,0.0,0.6497343581168268,4,0,0,medium,Needs Review,Needs Review
L0456,456,I,Entertainment,12.0058301922511,9,reasoning,easy,immediate,1.0,0.7326535925278305,20.860149060686634,0.0,0.6497343581168268,2,0,2,medium,Needs Review,Needs Review
L0457,457,I,World,7.7387333935844005,0,comprehension,easy,short_delay,0.0,0.42765580105338613,19.30504541681891,0.0,0.751474077606761,2,0,1,medium,Needs Review,Needs Review
L0457,457,I,Entertainment,5.211585482396536,1,factual_recall,medium,immediate,0.0,0.346912501496698,12.600721083177898,0.0,0.751474077606761,4,1,0,medium,Needs Review,Needs Review
L0457,457,I,Sports,19.007734765616906,2,factual_recall,medium,immediate,1.0,0.5333461787979487,13.620972567757939,0.0,0.751474077606761,1,1,0,medium,Needs Review,Needs Review
L0457,457,I,News,15.232914874023303,3,comprehension,medium,immediate,1.0,0.6124883030676807,21.740459696487896,0.0,0.751474077606761,4,3,2,medium,Needs Review,Needs Review
L0457,457,I,Sports,18.654834845985587,4,factual_recall,medium,immediate,0.0,0.4947422382026832,9.358017585584447,0.0,0.751474077606761,0,3,2,medium,Needs Review,Needs Review
L0457,457,I,Entertainment,15.098764494759276,5,reasoning,medium,immediate,1.0,0.7051535511644526,8.102192147401446,0.0,0.751474077606761,0,3,2,medium,Needs Review,Needs Review
L0457,457,I,Entertainment,16.572094685301334,6,factual_recall,medium,long_delay,1.0,0.7712346462245029,4.612621990869938,0.0,0.751474077606761,3,2,1,medium,Needs Review,Needs Review
L0457,457,I,World,6.638020706030511,7,inference,easy,immediate,0.0,0.31899069539621344,22.352637631912355,0.0,0.751474077606761,1,0,0,medium,Needs Review,Needs Review
L0457,457,I,News,9.204430946429914,8,factual_recall,medium,long_delay,1.0,0.503920682472204,21.191094787111087,0.0,0.751474077606761,3,3,1,medium,Needs Review,Needs Review
L0457,457,I,Entertainment,11.303777774488836,9,inference,hard,immediate,0.0,0.27617902936667255,14.530559635691128,0.0,0.751474077606761,3,2,2,medium,Needs Review,Needs Review
L0458,458,I,Sports,6.6363290862559285,0,comprehension,hard,short_delay,0.0,0.3304192891557427,8.721690511765988,0.0,0.7482766472868325,4,0,2,medium,Needs Review,Needs Review
L0458,458,I,News,19.402739829614823,1,comprehension,medium,long_delay,1.0,0.5684452561734351,20.60646856465357,0.0,0.7482766472868325,4,0,0,medium,Needs Review,Needs Review
L0458,458,I,Sports,6.348869377842569,2,reasoning,medium,short_delay,0.0,0.4519307487663882,20.635436595029883,0.0,0.7482766472868325,1,3,0,medium,Needs Review,Needs Review
L0458,458,I,World,12.785091454900781,3,inference,easy,short_delay,1.0,0.5940152733815307,19.141352182343198,0.0,0.7482766472868325,3,1,1,medium,Needs Review,Needs Review
L0458,458,I,Entertainment,12.130453045398069,4,reasoning,easy,short_delay,0.0,0.4540423678191855,12.28124537042325,1.0,0.7482766472868325,1,1,0,medium,Needs Review,Needs Review
L0458,458,I,Cooking,5.860608611282345,5,comprehension,medium,immediate,0.0,0.4853203717623935,10.645988613709891,0.0,0.7482766472868325,2,0,1,medium,Needs Review,Needs Review
L0458,458,I,Cooking,14.326705112062644,6,reasoning,easy,short_delay,1.0,0.6655647269653954,18.679821352137797,1.0,0.7482766472868325,3,0,2,medium,Needs Review,Needs Review
L0458,458,I,Sports,6.147580876143967,7,reasoning,medium,immediate,1.0,0.6483209132469174,11.569235083542678,1.0,0.7482766472868325,2,2,1,medium,Needs Review,Needs Review
L0458,458,I,Entertainment,9.2172393813863,8,reasoning,hard,short_delay,1.0,0.7311376237977528,14.4601336652854,0.0,0.7482766472868325,2,0,0,medium,Needs Review,Needs Review
L0458,458,I,World,13.33008705291801,9,reasoning,medium,immediate,1.0,0.5239542398587541,30.532550349692542,0.0,0.7482766472868325,0,1,2,medium,Needs Review,Needs Review
L0459,459,I,Entertainment,16.986793946869525,0,inference,medium,immediate,1.0,0.6206596085183912,31.77166974305615,0.0,0.5803468571193744,0,2,1,medium,Low-Engagement,Needs Review
L0459,459,I,World,15.713958741056274,1,comprehension,easy,short_delay,0.0,0.39020563950809006,21.588983721282347,0.0,0.5803468571193744,2,2,2,medium,Low-Engagement,Needs Review
L0459,459,I,World,13.078059412780927,2,comprehension,hard,long_delay,1.0,0.5686127151141513,20.66139613421615,0.0,0.5803468571193744,0,2,1,medium,Low-Engagement,Needs Review
L0459,459,I,News,9.161837309525234,3,inference,medium,short_delay,0.0,0.4500551396173009,24.139393054599367,0.0,0.5803468571193744,1,1,1,medium,Low-Engagement,Needs Review
L0459,459,I,Entertainment,5.204360019534342,4,reasoning,easy,short_delay,0.0,0.3996254926702893,16.461849232985045,0.0,0.5803468571193744,1,3,0,medium,Low-Engagement,Needs Review
L0459,459,I,Cooking,9.114475874455138,5,inference,easy,immediate,0.0,0.41900025767498955,15.324994326227705,1.0,0.5803468571193744,2,2,1,medium,Low-Engagement,Needs Review
L0459,459,I,Cooking,14.588671127709013,6,inference,hard,short_delay,1.0,0.5471450137921215,22.77895703977597,0.0,0.5803468571193744,2,1,1,medium,Low-Engagement,Needs Review
L0459,459,I,Cooking,8.800520953439014,7,comprehension,medium,short_delay,1.0,0.6416529834247047,22.74521324977504,0.0,0.5803468571193744,1,3,1,medium,Low-Engagement,Needs Review
L0459,459,I,World,17.702138906087015,8,factual_recall,easy,immediate,0.0,0.46888763025419267,19.075933863067892,0.0,0.5803468571193744,3,3,0,medium,Low-Engagement,Needs Review
L0459,459,I,Cooking,15.90250221832964,9,reasoning,medium,long_delay,0.0,0.3008827461078958,20.41248930327716,0.0,0.5803468571193744,4,0,1,medium,Low-Engagement,Needs Review
L0460,460,I,Sports,17.62309732758835,0,comprehension,medium,short_delay,0.0,0.28180530420196004,17.672631663939743,0.0,0.6952093653927307,0,0,0,medium,Needs Review,Needs Review
L0460,460,I,Cooking,6.894839736333214,1,factual_recall,easy,long_delay,1.0,0.6411384145360866,7.842760473128409,0.0,0.6952093653927307,4,2,1,medium,Needs Review,Needs Review
L0460,460,I,Entertainment,18.219001838895025,2,comprehension,hard,long_delay,1.0,0.6834877291322433,11.102257492713177,0.0,0.6952093653927307,1,3,0,medium,Needs Review,Needs Review
L0460,460,I,Entertainment,19.43100362651561,3,factual_recall,easy,immediate,1.0,0.6969765926410362,13.40267931568233,0.0,0.6952093653927307,4,3,1,medium,Needs Review,Needs Review
L0460,460,I,Sports,5.485669137409786,4,comprehension,easy,immediate,0.0,0.4366453431451635,19.850801123410008,0.0,0.6952093653927307,0,3,2,medium,Needs Review,Needs Review
L0460,460,I,World,6.919434448367122,5,comprehension,hard,immediate,1.0,0.5462832697065748,29.888874726702273,0.0,0.6952093653927307,3,0,0,medium,Needs Review,Needs Review
L0460,460,I,Entertainment,5.57568846533015,6,factual_recall,hard,immediate,0.0,0.48533010169133195,17.5154497741811,0.0,0.6952093653927307,4,2,2,medium,Needs Review,Needs Review
L0460,460,I,World,6.58027681504307,7,inference,medium,immediate,0.0,0.3201705099417637,10.839445969232886,0.0,0.6952093653927307,2,1,2,medium,Needs Review,Needs Review
L0460,460,I,Sports,12.032751764984306,8,inference,hard,long_delay,0.0,0.47553553408072474,12.604500986852385,0.0,0.6952093653927307,4,2,1,medium,Needs Review,Needs Review
L0460,460,I,Sports,13.693814234451278,9,reasoning,easy,long_delay,0.0,0.41990702324430795,19.290290403783725,0.0,0.6952093653927307,3,1,0,medium,Needs Review,Needs Review
L0461,461,I,World,7.864463113043781,0,factual_recall,easy,long_delay,0.0,0.4122216066792165,19.62414880923982,0.0,0.605634556970382,2,3,2,medium,Needs Review,Needs Review
L0461,461,I,World,13.414565573725044,1,comprehension,medium,immediate,1.0,0.5803590306397456,6.0164949208985865,0.0,0.605634556970382,0,0,1,medium,Needs Review,Needs Review
L0461,461,I,News,8.398300547655873,2,factual_recall,easy,short_delay,1.0,0.7050232608945073,8.62574065295299,0.0,0.605634556970382,0,2,2,medium,Needs Review,Needs Review
L0461,461,I,Entertainment,6.370266745039452,3,inference,hard,short_delay,0.0,0.44874398462593124,19.09359208443617,0.0,0.605634556970382,2,1,1,medium,Needs Review,Needs Review
L0461,461,I,Sports,7.519680700744228,4,inference,easy,long_delay,0.0,0.34542474522336575,22.078847605764754,1.0,0.605634556970382,1,3,2,medium,Needs Review,Needs Review
L0461,461,I,World,10.895634268479581,5,inference,easy,immediate,1.0,0.5545245338482053,15.954293530647405,0.0,0.605634556970382,0,0,2,medium,Needs Review,Needs Review
L0461,461,I,Sports,9.590181765509422,6,comprehension,easy,long_delay,1.0,0.642572427895712,27.9767221705281,0.0,0.605634556970382,2,1,2,medium,Needs Review,Needs Review
L0461,461,I,Sports,16.298503369057197,7,comprehension,easy,immediate,0.0,0.19425203382196388,10.887020490313818,0.0,0.605634556970382,2,2,0,medium,Needs Review,Needs Review
L0461,461,I,News,6.6292656506312815,8,reasoning,hard,long_delay,1.0,0.6672841945428634,10.823161855367697,1.0,0.605634556970382,2,1,0,medium,Needs Review,Needs Review
L0461,461,I,Sports,19.90678707780521,9,comprehension,hard,short_delay,0.0,0.38598434408865895,14.488918069365557,0.0,0.605634556970382,2,1,2,medium,Needs Review,Needs Review
L0462,462,I,World,18.56838652651425,0,inference,hard,immediate,1.0,0.7262035903264018,12.421995849758243,0.0,0.7446608582335787,1,1,2,medium,Needs Review,Needs Review
L0462,462,I,Entertainment,17.532214273441706,1,reasoning,hard,long_delay,1.0,0.6021312006586328,10.621950580132893,0.0,0.7446608582335787,3,0,0,medium,Needs Review,Needs Review
L0462,462,I,World,17.885374007480525,2,inference,easy,short_delay,1.0,0.6465742365133096,12.270248255832596,0.0,0.7446608582335787,1,1,2,medium,Needs Review,Needs Review
L0462,462,I,News,9.567792494667746,3,inference,hard,short_delay,1.0,0.5852162614860119,8.75832746139405,0.0,0.7446608582335787,0,2,2,medium,Needs Review,Needs Review
L0462,462,I,World,9.389306232605778,4,comprehension,hard,short_delay,1.0,0.6182511306039161,10.223965677958702,0.0,0.7446608582335787,4,0,1,medium,Needs Review,Needs Review
L0462,462,I,Entertainment,9.742927522325994,5,reasoning,hard,immediate,0.0,0.2959540231904231,10.910543415142223,0.0,0.7446608582335787,4,0,1,medium,Needs Review,Needs Review
L0462,462,I,World,17.733373652456144,6,comprehension,easy,immediate,1.0,0.5877612262346078,8.824582723751078,0.0,0.7446608582335787,0,0,0,medium,Needs Review,Needs Review
L0462,462,I,World,8.48794554783816,7,inference,medium,immediate,0.0,0.49893521837862803,18.643877308790668,0.0,0.7446608582335787,1,0,2,medium,Needs Review,Needs Review
L0462,462,I,Entertainment,12.637523200062432,8,factual_recall,hard,short_delay,1.0,0.5451807822837019,11.497516994758652,1.0,0.7446608582335787,3,0,1,medium,Needs Review,Needs Review
L0462,462,I,News,17.010633567562852,9,factual_recall,hard,short_delay,1.0,0.5770917655007289,6.684125961885899,1.0,0.7446608582335787,3,2,2,medium,Needs Review,Needs Review
L0463,463,I,Entertainment,11.928089116228744,0,reasoning,easy,long_delay,0.0,0.4804820799605462,15.030666438534322,0.0,0.582500869001191,0,0,0,medium,Low-Engagement,Needs Review
L0463,463,I,Sports,14.379222405319275,1,comprehension,hard,short_delay,0.0,0.4934104011122933,3.301334144515279,0.0,0.582500869001191,1,2,0,medium,Low-Engagement,Needs Review
L0463,463,I,Cooking,7.165402213865037,2,factual_recall,easy,immediate,1.0,0.6362224702377085,13.712861635274244,0.0,0.582500869001191,4,1,0,medium,Low-Engagement,Needs Review
L0463,463,I,News,11.58495444195462,3,inference,hard,long_delay,0.0,0.40638426293175417,22.21976754781623,0.0,0.582500869001191,0,2,1,medium,Low-Engagement,Needs Review
L0463,463,I,News,5.026630527285845,4,reasoning,hard,long_delay,0.0,0.41315964345339007,13.440900224130424,0.0,0.582500869001191,4,0,0,medium,Low-Engagement,Needs Review
L0463,463,I,World,14.5904677940983,5,comprehension,easy,long_delay,0.0,0.46427942775802356,10.53744832612984,1.0,0.582500869001191,4,2,1,medium,Low-Engagement,Needs Review
L0463,463,I,World,10.767511346363065,6,reasoning,medium,short_delay,0.0,0.43741329553380665,22.881125428397056,0.0,0.582500869001191,3,2,0,medium,Low-Engagement,Needs Review
L0463,463,I,Entertainment,18.81855043249075,7,reasoning,hard,long_delay,1.0,0.656123236614956,10.427599043808135,0.0,0.582500869001191,0,0,2,medium,Low-Engagement,Needs Review
L0463,463,I,Cooking,19.35337673037643,8,comprehension,medium,immediate,1.0,0.6480366368550541,23.730301071081843,0.0,0.582500869001191,1,1,1,medium,Low-Engagement,Needs Review
L0463,463,I,Cooking,7.726134327273674,9,comprehension,hard,long_delay,0.0,0.49219825223840974,30.439562476984523,0.0,0.582500869001191,0,0,1,medium,Low-Engagement,Needs Review
L0464,464,I,News,8.445734712721174,0,comprehension,easy,short_delay,0.0,0.3265869171775011,15.370652984620039,0.0,0.8416376091834938,1,2,1,medium,Needs Review,Needs Review
L0464,464,I,News,18.991069430616832,1,factual_recall,easy,short_delay,1.0,0.5759150163515896,15.12654030435659,0.0,0.8416376091834938,0,0,0,medium,Needs Review,Needs Review
L0464,464,I,World,18.18156529659361,2,inference,medium,immediate,0.0,0.47073207500601505,15.678608414647655,0.0,0.8416376091834938,4,2,1,medium,Needs Review,Needs Review
L0464,464,I,News,6.129658158039424,3,comprehension,easy,long_delay,1.0,0.550020317965303,16.16137792476667,0.0,0.8416376091834938,4,0,1,medium,Needs Review,Needs Review
L0464,464,I,Cooking,5.462205002090772,4,factual_recall,easy,long_delay,0.0,0.40529440199449845,11.8494096998116,1.0,0.8416376091834938,3,3,2,medium,Needs Review,Needs Review
L0464,464,I,Sports,14.847727744222299,5,comprehension,hard,long_delay,1.0,0.5054945779373007,8.265016660275126,0.0,0.8416376091834938,4,1,1,medium,Needs Review,Needs Review
L0464,464,I,Entertainment,10.404239514247728,6,comprehension,medium,short_delay,1.0,0.5529732610126464,17.085530527938648,0.0,0.8416376091834938,4,1,0,medium,Needs Review,Needs Review
L0464,464,I,News,17.110493474289076,7,reasoning,hard,short_delay,1.0,0.5785984072643942,11.028741685935652,0.0,0.8416376091834938,2,0,1,medium,Needs Review,Needs Review
L0464,464,I,Cooking,12.946192941876765,8,reasoning,hard,immediate,1.0,0.6574773541855853,18.013706602626062,1.0,0.8416376091834938,2,1,1,medium,Needs Review,Needs Review
L0464,464,I,Cooking,19.96571502536237,9,comprehension,easy,short_delay,0.0,0.27113925678586814,11.313992243133182,0.0,0.8416376091834938,1,0,1,medium,Needs Review,Needs Review
L0465,465,I,Entertainment,12.909946273194754,0,inference,hard,short_delay,1.0,0.5032416230917266,12.47077624266427,0.0,0.6042561542352699,1,1,0,medium,Needs Review,Needs Review
L0465,465,I,Entertainment,11.767748227965779,1,comprehension,hard,long_delay,0.0,0.39427980590364936,13.429760918850222,1.0,0.6042561542352699,3,0,1,medium,Needs Review,Needs Review
L0465,465,I,Cooking,5.168968632930656,2,inference,hard,long_delay,1.0,0.6140643087182828,21.00252061998537,0.0,0.6042561542352699,1,1,0,medium,Needs Review,Needs Review
L0465,465,I,News,6.390431778194799,3,reasoning,medium,short_delay,0.0,0.46735026924804657,19.89338077907713,1.0,0.6042561542352699,0,2,2,medium,Needs Review,Needs Review
L0465,465,I,Cooking,10.15764291097871,4,reasoning,easy,short_delay,1.0,0.5362991137036649,8.487173742679149,0.0,0.6042561542352699,3,0,1,medium,Needs Review,Needs Review
L0465,465,I,News,11.687440102000211,5,reasoning,medium,long_delay,1.0,0.6707624193387356,10.972036858678475,0.0,0.6042561542352699,2,3,1,medium,Needs Review,Needs Review
L0465,465,I,Cooking,17.685331806440324,6,factual_recall,medium,short_delay,1.0,0.6186156516912925,19.476895801745027,0.0,0.6042561542352699,1,3,0,medium,Needs Review,Needs Review
L0465,465,I,News,12.203912838388998,7,comprehension,medium,long_delay,0.0,0.47544329758431403,10.128127244590642,0.0,0.6042561542352699,2,2,0,medium,Needs Review,Needs Review
L0465,465,I,Entertainment,9.40219940349977,8,comprehension,medium,immediate,1.0,0.6749118678271465,20.024689188579256,0.0,0.6042561542352699,4,1,0,medium,Needs Review,Needs Review
L0465,465,I,Cooking,8.317587740451357,9,factual_recall,medium,short_delay,1.0,0.6298647727668506,25.678935299060125,0.0,0.6042561542352699,1,3,0,medium,Needs Review,Needs Review
L0466,466,I,Entertainment,13.996882277350469,0,inference,medium,immediate,1.0,0.5148454812842426,19.333653939536557,0.0,0.4674976609844513,1,3,2,medium,Low-Engagement,Needs Review
L0466,466,I,Cooking,5.575108646890426,1,factual_recall,easy,immediate,1.0,0.8519766406888373,10.256325741306963,0.0,0.4674976609844513,2,3,2,medium,Low-Engagement,Needs Review
L0466,466,I,Cooking,19.166541663950596,2,inference,easy,short_delay,1.0,0.5113752265408571,12.592192323190165,0.0,0.4674976609844513,4,3,2,medium,Low-Engagement,Needs Review
L0466,466,I,News,6.420014760057372,3,reasoning,easy,long_delay,1.0,0.6762145689410889,18.55195202630765,0.0,0.4674976609844513,3,0,2,medium,Low-Engagement,Needs Review
L0466,466,I,World,19.09454285789023,4,inference,hard,short_delay,0.0,0.42701871030721095,22.992178552621663,0.0,0.4674976609844513,1,3,0,medium,Low-Engagement,Needs Review
L0466,466,I,Sports,16.498683408150868,5,comprehension,hard,short_delay,0.0,0.45051916350532745,22.746328040967132,0.0,0.4674976609844513,2,2,0,medium,Low-Engagement,Needs Review
L0466,466,I,World,18.277775565543603,6,reasoning,medium,short_delay,1.0,0.5404249278087006,17.65783317178679,0.0,0.4674976609844513,4,1,1,medium,Low-Engagement,Needs Review
L0466,466,I,World,10.49662844768223,7,comprehension,easy,immediate,1.0,0.8031632831551124,17.728087258319995,0.0,0.4674976609844513,3,2,1,medium,Low-Engagement,Needs Review
L0466,466,I,World,15.836870484342175,8,reasoning,easy,short_delay,1.0,0.6820279406847106,22.731060325857342,0.0,0.4674976609844513,3,1,1,medium,Low-Engagement,Needs Review
L0466,466,I,News,17.908544973915614,9,factual_recall,medium,long_delay,0.0,0.30361752960904653,8.122279747743093,0.0,0.4674976609844513,4,1,1,medium,Low-Engagement,Needs Review
L0467,467,I,Cooking,15.419642427497118,0,inference,medium,long_delay,0.0,0.29096150977582286,24.519917469029885,0.0,0.6828074666490488,1,1,2,medium,Needs Review,Needs Review
L0467,467,I,World,15.614966765796002,1,inference,easy,long_delay,0.0,0.41786800579646594,11.220166646602294,1.0,0.6828074666490488,2,2,0,medium,Needs Review,Needs Review
L0467,467,I,Cooking,18.943292564864333,2,comprehension,easy,long_delay,1.0,0.5866666789395651,15.899123441535554,0.0,0.6828074666490488,3,0,1,medium,Needs Review,Needs Review
L0467,467,I,News,9.167677774568862,3,comprehension,hard,short_delay,1.0,0.552248691438225,14.430799612230397,0.0,0.6828074666490488,3,3,1,medium,Needs Review,Needs Review
L0467,467,I,Entertainment,19.258805300439114,4,factual_recall,hard,immediate,1.0,0.5293614760693334,18.95986565175478,0.0,0.6828074666490488,3,0,0,medium,Needs Review,Needs Review
L0467,467,I,Entertainment,19.533036170810934,5,comprehension,hard,short_delay,1.0,0.5314681950391712,15.586518066166967,0.0,0.6828074666490488,4,3,2,medium,Needs Review,Needs Review
L0467,467,I,Entertainment,15.283976835517796,6,comprehension,hard,long_delay,0.0,0.45586775534823815,14.87186256003506,0.0,0.6828074666490488,3,0,1,medium,Needs Review,Needs Review
L0467,467,I,Entertainment,9.080047466926391,7,reasoning,hard,long_delay,1.0,0.5948577265842375,23.272896443111932,0.0,0.6828074666490488,1,1,1,medium,Needs Review,Needs Review
L0467,467,I,Entertainment,13.337392390563181,8,factual_recall,hard,immediate,1.0,0.7173232912006359,16.491892116821123,0.0,0.6828074666490488,2,0,1,medium,Needs Review,Needs Review
L0467,467,I,World,19.83169387054601,9,reasoning,hard,short_delay,1.0,0.7578806382313084,16.620918122738,0.0,0.6828074666490488,0,1,2,medium,Needs Review,Needs Review
L0468,468,I,Cooking,18.907221938849663,0,inference,easy,long_delay,0.0,0.48233897835395095,14.126674273098411,1.0,0.5072368431149082,3,1,2,medium,Low-Engagement,Needs Review
L0468,468,I,News,17.313435376675965,1,reasoning,easy,immediate,0.0,0.34709963584525855,11.175668406355166,0.0,0.5072368431149082,1,3,2,medium,Low-Engagement,Needs Review
L0468,468,I,Entertainment,17.668647335120212,2,reasoning,medium,long_delay,1.0,0.5302561903462962,18.24077343430994,0.0,0.5072368431149082,1,3,1,medium,Low-Engagement,Needs Review
L0468,468,I,Entertainment,10.281887324007437,3,inference,medium,short_delay,0.0,0.4550807952818763,13.525628723507651,0.0,0.5072368431149082,4,1,2,medium,Low-Engagement,Needs Review
L0468,468,I,News,19.75296465551207,4,inference,hard,long_delay,1.0,0.5749222845503468,18.590261220530213,0.0,0.5072368431149082,3,3,2,medium,Low-Engagement,Needs Review
L0468,468,I,Sports,19.60224111270961,5,comprehension,hard,long_delay,1.0,0.6261790255200614,11.33486738182667,0.0,0.5072368431149082,0,3,1,medium,Low-Engagement,Needs Review
L0468,468,I,Sports,17.23407878922938,6,factual_recall,medium,immediate,1.0,0.7166354560253865,13.669616353085594,0.0,0.5072368431149082,1,2,1,medium,Low-Engagement,Needs Review
L0468,468,I,Cooking,10.933085438983024,7,inference,hard,long_delay,1.0,0.8298736915341702,18.161767085755656,1.0,0.5072368431149082,2,3,1,medium,Low-Engagement,Needs Review
L0468,468,I,Sports,7.085816005427094,8,inference,easy,immediate,1.0,0.5749239820792722,15.375473642863588,1.0,0.5072368431149082,4,1,1,medium,Low-Engagement,Needs Review
L0468,468,I,World,18.20494573997539,9,factual_recall,medium,long_delay,1.0,0.5120115815769145,6.398392805679607,1.0,0.5072368431149082,1,2,1,medium,Low-Engagement,Needs Review
L0469,469,I,World,15.415050597211184,0,factual_recall,easy,long_delay,1.0,0.5470112054077252,21.750638648132764,1.0,0.6586907211895656,3,0,0,medium,Needs Review,Needs Review
L0469,469,I,Entertainment,6.686483814943069,1,inference,medium,short_delay,1.0,0.5322247800424393,8.578257703722063,0.0,0.6586907211895656,2,1,0,medium,Needs Review,Needs Review
L0469,469,I,Cooking,14.570246274647095,2,inference,easy,immediate,1.0,0.5751428742281015,11.781706536182888,1.0,0.6586907211895656,1,0,0,medium,Needs Review,Needs Review
L0469,469,I,Entertainment,17.61973462799473,3,comprehension,easy,long_delay,1.0,0.5598261077103944,7.854335919824085,0.0,0.6586907211895656,1,0,1,medium,Needs Review,Needs Review
L0469,469,I,World,10.137684328118056,4,reasoning,hard,short_delay,1.0,0.7743675235865983,18.09821871086974,0.0,0.6586907211895656,0,2,0,medium,Needs Review,Needs Review
L0469,469,I,News,10.820947987436691,5,comprehension,easy,short_delay,1.0,0.5768738094417333,13.880632535446642,0.0,0.6586907211895656,0,3,2,medium,Needs Review,Needs Review
L0469,469,I,News,5.652168421809882,6,comprehension,easy,long_delay,1.0,0.5796623722924016,19.429636541246307,0.0,0.6586907211895656,4,3,2,medium,Needs Review,Needs Review
L0469,469,I,World,7.093256790862091,7,inference,medium,long_delay,0.0,0.46485747234007313,11.122046073121183,0.0,0.6586907211895656,3,2,2,medium,Needs Review,Needs Review
L0469,469,I,Entertainment,10.861290965501874,8,comprehension,easy,immediate,1.0,0.5957074028483658,18.657377487649892,0.0,0.6586907211895656,4,2,0,medium,Needs Review,Needs Review
L0469,469,I,Sports,12.632339049662399,9,inference,medium,immediate,0.0,0.4271690727434413,18.899183109268098,1.0,0.6586907211895656,4,2,2,medium,Needs Review,Needs Review
L0470,470,I,Entertainment,19.22577611001893,0,inference,medium,short_delay,0.0,0.42221961850032713,12.350969739733408,0.0,0.6648534685262567,4,0,0,medium,Needs Review,Needs Review
L0470,470,I,World,13.772920210778144,1,factual_recall,medium,long_delay,1.0,0.6174324202865229,21.240016937419572,0.0,0.6648534685262567,2,1,0,medium,Needs Review,Needs Review
L0470,470,I,News,9.373739797038558,2,comprehension,hard,short_delay,0.0,0.43474283411271125,14.102568323265517,0.0,0.6648534685262567,0,2,0,medium,Needs Review,Needs Review
L0470,470,I,Cooking,6.146922490036141,3,inference,easy,long_delay,1.0,0.5948068355526036,12.240126132344802,1.0,0.6648534685262567,2,3,0,medium,Needs Review,Needs Review
L0470,470,I,Cooking,11.463688548225077,4,inference,easy,short_delay,1.0,0.5830839289095969,18.975783603149416,0.0,0.6648534685262567,4,2,1,medium,Needs Review,Needs Review
L0470,470,I,Entertainment,6.229510441008962,5,factual_recall,hard,immediate,1.0,0.510925466826072,9.640214465632274,0.0,0.6648534685262567,0,2,1,medium,Needs Review,Needs Review
L0470,470,I,World,13.537427811158077,6,reasoning,hard,long_delay,0.0,0.30216708430501626,13.933606941045845,0.0,0.6648534685262567,3,3,2,medium,Needs Review,Needs Review
L0470,470,I,Cooking,7.330877102049425,7,factual_recall,hard,short_delay,1.0,0.8092749622824402,19.451225753472343,0.0,0.6648534685262567,2,1,1,medium,Needs Review,Needs Review
L0470,470,I,World,11.244409856803049,8,reasoning,easy,long_delay,0.0,0.42349703249679943,23.53421305692648,0.0,0.6648534685262567,3,2,0,medium,Needs Review,Needs Review
L0470,470,I,World,16.15168959299823,9,inference,medium,short_delay,1.0,0.5827296208279374,11.187942231900958,0.0,0.6648534685262567,1,3,0,medium,Needs Review,Needs Review
L0471,471,I,Entertainment,9.97327288710133,0,reasoning,medium,long_delay,1.0,0.606184054151364,12.903899870244556,0.0,0.8749652799475134,4,2,1,medium,Low-Engagement,Needs Review
L0471,471,I,World,7.182840224617457,1,inference,hard,immediate,1.0,0.6681449403947111,15.346591153306385,0.0,0.8749652799475134,1,1,1,medium,Low-Engagement,Needs Review
L0471,471,I,News,9.447910740928405,2,comprehension,easy,immediate,1.0,0.6116726352356734,18.62524333220017,1.0,0.8749652799475134,4,0,2,medium,Low-Engagement,Needs Review
L0471,471,I,Cooking,16.711808028990006,3,comprehension,hard,short_delay,1.0,0.6040554091830483,20.424011845520713,1.0,0.8749652799475134,4,3,2,medium,Low-Engagement,Needs Review
L0471,471,I,News,5.277100737765018,4,inference,easy,long_delay,0.0,0.4873182489857086,10.010951513639876,1.0,0.8749652799475134,4,1,2,medium,Low-Engagement,Needs Review
L0471,471,I,Cooking,13.66025038599265,5,factual_recall,easy,long_delay,0.0,0.46496291198518064,12.026121293792007,0.0,0.8749652799475134,0,0,1,medium,Low-Engagement,Needs Review
L0471,471,I,Entertainment,18.051321358512823,6,inference,hard,immediate,0.0,0.4841010798409515,19.764797179856078,0.0,0.8749652799475134,3,1,1,medium,Low-Engagement,Needs Review
L0471,471,I,Entertainment,10.414745775256723,7,reasoning,easy,long_delay,0.0,0.22235271356030908,18.94503608463252,0.0,0.8749652799475134,1,1,2,medium,Low-Engagement,Needs Review
L0471,471,I,Sports,5.928590100526664,8,comprehension,medium,immediate,1.0,0.5401553711266345,22.72199375186947,0.0,0.8749652799475134,1,2,0,medium,Low-Engagement,Needs Review
L0471,471,I,Sports,13.424579595217931,9,inference,hard,immediate,1.0,0.5787820027020595,22.514626486276367,1.0,0.8749652799475134,1,2,0,medium,Low-Engagement,Needs Review
L0472,472,I,Sports,5.905433446394767,0,inference,easy,short_delay,0.0,0.45483804811754813,22.278352048674744,1.0,0.6833323732102234,4,1,2,medium,Needs Review,Needs Review
L0472,472,I,News,7.397237766686657,1,factual_recall,easy,long_delay,0.0,0.43547942926453725,22.347165135395596,0.0,0.6833323732102234,1,1,1,medium,Needs Review,Needs Review
L0472,472,I,News,11.494040352847069,2,factual_recall,easy,long_delay,1.0,0.9331758445362036,23.809594393460873,0.0,0.6833323732102234,2,3,0,medium,Needs Review,Needs Review
L0472,472,I,Entertainment,13.982958524895642,3,inference,hard,short_delay,1.0,0.7827821691486976,17.329992848793758,0.0,0.6833323732102234,1,3,0,medium,Needs Review,Needs Review
L0472,472,I,News,16.115940902419542,4,reasoning,hard,short_delay,1.0,0.5672734049223901,26.839024840439052,0.0,0.6833323732102234,3,3,2,medium,Needs Review,Needs Review
L0472,472,I,News,10.747501965620485,5,reasoning,easy,immediate,1.0,0.6521219520771644,15.618244451211632,0.0,0.6833323732102234,4,0,1,medium,Needs Review,Needs Review
L0472,472,I,News,13.969244035221521,6,factual_recall,easy,immediate,1.0,0.6725137645025051,26.234652415471086,0.0,0.6833323732102234,2,3,0,medium,Needs Review,Needs Review
L0472,472,I,World,14.111589434020914,7,inference,easy,short_delay,1.0,0.5409467426575825,13.683501436513948,0.0,0.6833323732102234,3,2,2,medium,Needs Review,Needs Review
L0472,472,I,News,6.760003074358589,8,inference,medium,long_delay,1.0,0.5839306903627915,9.51279844715428,0.0,0.6833323732102234,0,3,0,medium,Needs Review,Needs Review
L0472,472,I,Sports,15.742966493664824,9,comprehension,easy,long_delay,1.0,0.5185395475500904,26.139040135105255,1.0,0.6833323732102234,1,1,1,medium,Needs Review,Needs Review
L0473,473,I,News,9.659077573148437,0,inference,medium,immediate,0.0,0.3940216753983168,17.8363764974925,0.0,0.7337431285535626,0,2,0,medium,Needs Review,Needs Review
L0473,473,I,Sports,18.43998048094647,1,factual_recall,hard,long_delay,1.0,0.6375917836954309,12.535976511725458,1.0,0.7337431285535626,4,2,1,medium,Needs Review,Needs Review
L0473,473,I,Cooking,13.775866225787786,2,comprehension,hard,immediate,1.0,0.5664805219612447,16.677051123756147,0.0,0.7337431285535626,3,1,0,medium,Needs Review,Needs Review
L0473,473,I,Cooking,11.940927163105805,3,comprehension,easy,long_delay,1.0,0.6354281857519143,11.532878570696115,0.0,0.7337431285535626,1,0,0,medium,Needs Review,Needs Review
L0473,473,I,News,9.588176358912323,4,factual_recall,easy,long_delay,1.0,0.5512845791433995,22.2491169881643,1.0,0.7337431285535626,4,2,1,medium,Needs Review,Needs Review
L0473,473,I,Entertainment,18.71655999412868,5,factual_recall,hard,immediate,1.0,0.6057161076461457,16.24039902411416,0.0,0.7337431285535626,0,2,0,medium,Needs Review,Needs Review
L0473,473,I,Sports,16.72704721987118,6,inference,easy,immediate,0.0,0.3302800969412132,21.26604017130185,0.0,0.7337431285535626,2,3,1,medium,Needs Review,Needs Review
L0473,473,I,World,18.488062582361895,7,reasoning,easy,long_delay,0.0,0.44260778081044583,15.23272513779567,1.0,0.7337431285535626,2,1,1,medium,Needs Review,Needs Review
L0473,473,I,Entertainment,8.410327201120854,8,reasoning,easy,immediate,1.0,0.6388121398781057,21.709802716295908,0.0,0.7337431285535626,4,3,0,medium,Needs Review,Needs Review
L0473,473,I,Cooking,14.012399315105988,9,factual_recall,easy,immediate,1.0,0.8645723617256179,7.8820229927900805,0.0,0.7337431285535626,4,3,2,medium,Needs Review,Needs Review
L0474,474,I,Cooking,9.342781259672579,0,reasoning,medium,immediate,1.0,0.6402706374876189,16.764621338836623,0.0,0.6079456077497594,3,0,2,medium,Low-Engagement,Needs Review
L0474,474,I,News,15.86913171221009,1,inference,hard,short_delay,1.0,0.6572152484469577,9.867264207063396,0.0,0.6079456077497594,0,2,1,medium,Low-Engagement,Needs Review
L0474,474,I,World,18.200878962475294,2,comprehension,hard,immediate,1.0,0.5690068168566664,9.694908758433728,1.0,0.6079456077497594,1,0,2,medium,Low-Engagement,Needs Review
L0474,474,I,Cooking,7.31319298027079,3,reasoning,easy,long_delay,1.0,0.5125250645151949,15.594412870047735,1.0,0.6079456077497594,1,1,1,medium,Low-Engagement,Needs Review
L0474,474,I,Entertainment,9.2616352045781,4,comprehension,hard,long_delay,1.0,0.572966653615506,6.236526142379843,0.0,0.6079456077497594,4,1,2,medium,Low-Engagement,Needs Review
L0474,474,I,News,13.004246592251246,5,comprehension,easy,long_delay,1.0,0.5165829196149779,25.152028883768125,0.0,0.6079456077497594,4,2,0,medium,Low-Engagement,Needs Review
L0474,474,I,News,17.123041447792705,6,comprehension,medium,long_delay,1.0,0.51725062272,14.191926448218632,0.0,0.6079456077497594,4,2,0,medium,Low-Engagement,Needs Review
L0474,474,I,Sports,12.90483356454875,7,inference,hard,long_delay,1.0,0.7852040159530077,13.784042145234043,0.0,0.6079456077497594,2,3,2,medium,Low-Engagement,Needs Review
L0474,474,I,News,17.674937908673463,8,factual_recall,hard,immediate,0.0,0.4929415584843295,22.11531861323898,1.0,0.6079456077497594,3,3,2,medium,Low-Engagement,Needs Review
L0474,474,I,World,16.77574484163173,9,inference,hard,immediate,1.0,0.6109346167870708,15.296402810671953,1.0,0.6079456077497594,3,1,1,medium,Low-Engagement,Needs Review
L0475,475,I,Cooking,12.014181925742578,0,factual_recall,easy,immediate,0.0,0.429482971509367,18.205182248495767,0.0,0.5208396866119175,0,3,1,medium,Low-Engagement,Needs Review
L0475,475,I,Sports,5.829288946587795,1,reasoning,easy,long_delay,0.0,0.4816947710535456,16.83435859207312,0.0,0.5208396866119175,1,0,0,medium,Low-Engagement,Needs Review
L0475,475,I,News,6.206970744738888,2,reasoning,easy,short_delay,1.0,0.541030034600679,24.966990755390736,0.0,0.5208396866119175,1,1,1,medium,Low-Engagement,Needs Review
L0475,475,I,Cooking,19.83854820386038,3,comprehension,hard,immediate,1.0,0.5555627160343967,20.06186671800622,0.0,0.5208396866119175,2,0,1,medium,Low-Engagement,Needs Review
L0475,475,I,World,10.515194213797283,4,factual_recall,hard,long_delay,0.0,0.4611967280990294,19.68656676471538,1.0,0.5208396866119175,1,2,1,medium,Low-Engagement,Needs Review
L0475,475,I,News,11.222507298187438,5,comprehension,hard,short_delay,0.0,0.4310953015260525,17.823509002452298,0.0,0.5208396866119175,2,3,2,medium,Low-Engagement,Needs Review
L0475,475,I,World,12.232329081171056,6,factual_recall,medium,immediate,0.0,0.4713651834206087,18.678625872602222,0.0,0.5208396866119175,1,2,1,medium,Low-Engagement,Needs Review
L0475,475,I,News,13.960559296821977,7,inference,easy,short_delay,0.0,0.3448831929841114,14.896301501434568,0.0,0.5208396866119175,4,1,2,medium,Low-Engagement,Needs Review
L0475,475,I,Sports,16.76990548746305,8,comprehension,hard,long_delay,1.0,0.5154238081664491,16.4981078934284,0.0,0.5208396866119175,1,2,0,medium,Low-Engagement,Needs Review
L0475,475,I,Sports,12.84111339673293,9,factual_recall,medium,immediate,1.0,0.5429912328686138,25.60778537308542,1.0,0.5208396866119175,1,0,1,medium,Low-Engagement,Needs Review
L0476,476,I,World,16.465214638164056,0,inference,easy,immediate,0.0,0.41317995864776513,15.109560054056976,1.0,0.8429934665532375,1,3,0,medium,Low-Engagement,Needs Review
L0476,476,I,Entertainment,19.72730184231255,1,comprehension,hard,short_delay,1.0,0.581533050058767,15.011175530188652,1.0,0.8429934665532375,1,3,1,medium,Low-Engagement,Needs Review
L0476,476,I,Cooking,16.18475499779562,2,factual_recall,hard,short_delay,1.0,0.6100376799847023,16.380997612976916,0.0,0.8429934665532375,3,3,1,medium,Low-Engagement,Needs Review
L0476,476,I,Sports,19.450104586815247,3,inference,easy,long_delay,1.0,0.5670117493227653,8.953389429120126,0.0,0.8429934665532375,0,2,0,medium,Low-Engagement,Needs Review
L0476,476,I,Sports,16.850770703071152,4,inference,medium,short_delay,1.0,0.5596480945166464,10.86210642356155,0.0,0.8429934665532375,2,3,1,medium,Low-Engagement,Needs Review
L0476,476,I,Sports,8.503373657611421,5,comprehension,easy,long_delay,1.0,0.653374784092544,20.15886881648855,0.0,0.8429934665532375,2,3,1,medium,Low-Engagement,Needs Review
L0476,476,I,Sports,6.719082438246576,6,comprehension,easy,short_delay,1.0,0.6000841540905165,4.7479105386733025,0.0,0.8429934665532375,1,0,1,medium,Low-Engagement,Needs Review
L0476,476,I,Cooking,12.865027854338022,7,factual_recall,easy,short_delay,1.0,0.529251716096646,21.985160053499193,1.0,0.8429934665532375,0,3,1,medium,Low-Engagement,Needs Review
L0476,476,I,World,12.324090618661486,8,inference,hard,short_delay,0.0,0.4690680119134211,13.205396521302191,0.0,0.8429934665532375,2,3,2,medium,Low-Engagement,Needs Review
L0476,476,I,Entertainment,10.00714805721818,9,inference,hard,immediate,1.0,0.530110878610467,24.34735897814483,1.0,0.8429934665532375,2,0,1,medium,Low-Engagement,Needs Review
L0477,477,I,Entertainment,13.635377207102854,0,inference,hard,short_delay,1.0,0.6085027171767045,20.760523914511833,0.0,0.6548516811815238,3,2,0,medium,Needs Review,Needs Review
L0477,477,I,Sports,16.07239544055887,1,reasoning,easy,immediate,0.0,0.47100663356435596,11.085822040571966,0.0,0.6548516811815238,4,0,0,medium,Needs Review,Needs Review
L0477,477,I,News,9.109913110172238,2,comprehension,hard,long_delay,1.0,0.6460269152697433,18.12247018465105,0.0,0.6548516811815238,3,1,2,medium,Needs Review,Needs Review
L0477,477,I,Entertainment,10.1473665194466,3,factual_recall,medium,short_delay,1.0,0.7163828237536904,6.668190577170332,1.0,0.6548516811815238,2,2,2,medium,Needs Review,Needs Review
L0477,477,I,World,10.247110605317706,4,reasoning,easy,immediate,1.0,0.5620192610889647,16.54075393982078,0.0,0.6548516811815238,3,1,2,medium,Needs Review,Needs Review
L0477,477,I,World,8.164970534405015,5,comprehension,hard,immediate,1.0,0.5010456745840547,15.658519737282699,0.0,0.6548516811815238,0,1,2,medium,Needs Review,Needs Review
L0477,477,I,News,18.578802109984146,6,factual_recall,medium,short_delay,1.0,0.5325817510870635,6.164662553611667,0.0,0.6548516811815238,2,2,0,medium,Needs Review,Needs Review
L0477,477,I,News,10.915327921680435,7,comprehension,hard,long_delay,1.0,0.6447647963050577,17.66407253462279,0.0,0.6548516811815238,0,0,2,medium,Needs Review,Needs Review
L0477,477,I,Cooking,10.294836619389034,8,reasoning,easy,short_delay,1.0,0.5449760844493773,10.49319821679558,0.0,0.6548516811815238,3,0,0,medium,Needs Review,Needs Review
L0477,477,I,Entertainment,18.705858876080796,9,factual_recall,easy,short_delay,0.0,0.40604278155205764,16.423759645260866,0.0,0.6548516811815238,1,3,0,medium,Needs Review,Needs Review
L0478,478,I,Entertainment,18.117337594964518,0,inference,medium,immediate,0.0,0.40265789562421384,25.203884680650745,0.0,0.6983549263965035,3,0,1,medium,Needs Review,Needs Review
L0478,478,I,News,11.683258857947987,1,factual_recall,easy,long_delay,1.0,0.5743049060482088,7.4313615536565125,0.0,0.6983549263965035,3,3,1,medium,Needs Review,Needs Review
L0478,478,I,Entertainment,17.248807793421175,2,inference,medium,long_delay,1.0,0.6201252921308321,15.16394054640353,0.0,0.6983549263965035,3,2,2,medium,Needs Review,Needs Review
L0478,478,I,News,6.25528392975143,3,inference,medium,long_delay,1.0,0.7014626826914694,20.41558487211249,1.0,0.6983549263965035,4,1,0,medium,Needs Review,Needs Review
L0478,478,I,World,16.908723699037928,4,reasoning,medium,immediate,1.0,0.5314970067573922,7.176964441575069,1.0,0.6983549263965035,1,3,0,medium,Needs Review,Needs Review
L0478,478,I,World,5.854609783002664,5,comprehension,medium,immediate,1.0,0.5326638976597153,10.592196914417359,0.0,0.6983549263965035,0,1,1,medium,Needs Review,Needs Review
L0478,478,I,World,6.100505856785227,6,inference,hard,long_delay,1.0,0.679467587186515,9.76629734916831,0.0,0.6983549263965035,3,3,2,medium,Needs Review,Needs Review
L0478,478,I,Entertainment,10.34407485534576,7,reasoning,easy,short_delay,1.0,0.5714300027278534,25.005631511430884,0.0,0.6983549263965035,2,1,0,medium,Needs Review,Needs Review
L0478,478,I,Cooking,5.941079391772655,8,comprehension,medium,short_delay,0.0,0.35819100142651794,26.090770394378282,0.0,0.6983549263965035,3,0,2,medium,Needs Review,Needs Review
L0478,478,I,Sports,15.145840825777876,9,comprehension,easy,immediate,0.0,0.33245539801844987,12.32914136333076,0.0,0.6983549263965035,1,0,0,medium,Needs Review,Needs Review
L0479,479,I,Sports,12.226990597680503,0,inference,easy,short_delay,0.0,0.46274581304878226,12.635344954068875,0.0,0.6481356496530433,2,3,0,medium,Needs Review,Needs Review
L0479,479,I,Cooking,12.629877856880974,1,comprehension,medium,long_delay,1.0,0.5535574908343152,15.168524304207175,0.0,0.6481356496530433,3,0,2,medium,Needs Review,Needs Review
L0479,479,I,World,5.447052333365227,2,inference,easy,short_delay,0.0,0.4994831493690007,18.8416163268013,0.0,0.6481356496530433,4,1,2,medium,Needs Review,Needs Review
L0479,479,I,News,16.274319843254716,3,inference,medium,short_delay,0.0,0.46389186019023,21.017128260781465,1.0,0.6481356496530433,0,3,1,medium,Needs Review,Needs Review
L0479,479,I,Entertainment,15.90281517970471,4,reasoning,hard,immediate,1.0,0.5178212590793915,22.707350302005597,0.0,0.6481356496530433,4,0,1,medium,Needs Review,Needs Review
L0479,479,I,News,11.60600114061474,5,reasoning,hard,long_delay,1.0,0.5411890671094943,10.914978529843554,0.0,0.6481356496530433,3,2,0,medium,Needs Review,Needs Review
L0479,479,I,World,12.232602841071058,6,factual_recall,medium,long_delay,1.0,0.6334011510270627,22.403369837346183,0.0,0.6481356496530433,2,1,0,medium,Needs Review,Needs Review
L0479,479,I,Entertainment,14.476651303222155,7,inference,medium,short_delay,1.0,0.600782672309378,15.769896578630199,0.0,0.6481356496530433,2,1,0,medium,Needs Review,Needs Review
L0479,479,I,Cooking,17.663742795936503,8,comprehension,medium,short_delay,1.0,0.8013307752695613,11.365245437060956,0.0,0.6481356496530433,0,2,2,medium,Needs Review,Needs Review
L0479,479,I,Cooking,6.153972818961,9,inference,medium,immediate,1.0,0.5669723150588991,14.981110290624738,1.0,0.6481356496530433,3,2,0,medium,Needs Review,Needs Review
L0480,480,I,Entertainment,9.694928202526922,0,reasoning,hard,short_delay,1.0,0.6469722359408204,18.206268769186845,1.0,0.5462905963261264,3,3,0,medium,Low-Engagement,Needs Review
L0480,480,I,News,17.109386409476667,1,reasoning,medium,long_delay,0.0,0.4178296640591393,12.651060364923271,0.0,0.5462905963261264,3,0,2,medium,Low-Engagement,Needs Review
L0480,480,I,World,13.752862462810858,2,factual_recall,medium,short_delay,1.0,0.6459193848076409,14.757406341562564,1.0,0.5462905963261264,3,2,2,medium,Low-Engagement,Needs Review
L0480,480,I,World,19.934108373859726,3,reasoning,hard,short_delay,1.0,0.5231803198047342,22.715053074232866,1.0,0.5462905963261264,3,1,2,medium,Low-Engagement,Needs Review
L0480,480,I,News,8.647694790120642,4,inference,medium,short_delay,0.0,0.33841296621642986,16.71360060740586,0.0,0.5462905963261264,0,2,0,medium,Low-Engagement,Needs Review
L0480,480,I,Cooking,13.959016882705221,5,comprehension,hard,immediate,1.0,0.7285925860041707,14.247183593039606,0.0,0.5462905963261264,4,1,2,medium,Low-Engagement,Needs Review
L0480,480,I,Cooking,16.8999980304682,6,inference,medium,long_delay,0.0,0.1449016788503656,15.147702046274572,0.0,0.5462905963261264,2,1,2,medium,Low-Engagement,Needs Review
L0480,480,I,World,9.195962485588623,7,reasoning,hard,immediate,1.0,0.5401889452492405,24.880517304039238,0.0,0.5462905963261264,0,1,1,medium,Low-Engagement,Needs Review
L0480,480,I,World,15.566858683769468,8,reasoning,hard,long_delay,1.0,0.5780750443148174,18.023066106079536,1.0,0.5462905963261264,3,0,1,medium,Low-Engagement,Needs Review
L0480,480,I,News,18.882752359335296,9,factual_recall,easy,immediate,0.0,0.2732742390921501,11.581186248587004,0.0,0.5462905963261264,3,3,2,medium,Low-Engagement,Needs Review
L0481,481,I,Sports,11.10895353704582,0,factual_recall,medium,short_delay,1.0,0.5321115924802176,16.601937433958653,0.0,0.45955739814701074,4,2,1,medium,Low-Engagement,Needs Review
L0481,481,I,Sports,5.5379986202891365,1,comprehension,hard,long_delay,1.0,0.7810381544785591,5.79305918833931,0.0,0.45955739814701074,0,2,0,medium,Low-Engagement,Needs Review
L0481,481,I,Entertainment,14.356038974829353,2,factual_recall,easy,short_delay,1.0,0.5128675833431713,14.302045030830028,0.0,0.45955739814701074,4,3,2,medium,Low-Engagement,Needs Review
L0481,481,I,Cooking,7.062416464936949,3,factual_recall,easy,immediate,1.0,0.7736915232039553,7.726335939621457,0.0,0.45955739814701074,2,1,1,medium,Low-Engagement,Needs Review
L0481,481,I,Entertainment,12.663977043433793,4,inference,medium,short_delay,1.0,0.6728372908540604,18.811179042400685,0.0,0.45955739814701074,4,3,0,medium,Low-Engagement,Needs Review
L0481,481,I,Entertainment,15.708183839556117,5,reasoning,medium,long_delay,1.0,0.5009829013341836,12.555010117880155,0.0,0.45955739814701074,1,0,1,medium,Low-Engagement,Needs Review
L0481,481,I,World,13.052186249013534,6,comprehension,easy,long_delay,0.0,0.4203404407741361,21.79018136162564,0.0,0.45955739814701074,2,2,0,medium,Low-Engagement,Needs Review
L0481,481,I,News,5.469768978069368,7,factual_recall,hard,long_delay,1.0,0.5907872484305827,13.297541381765576,0.0,0.45955739814701074,1,0,1,medium,Low-Engagement,Needs Review
L0481,481,I,Entertainment,8.798165969277557,8,inference,medium,long_delay,1.0,0.7024600025597146,12.84213878791601,0.0,0.45955739814701074,4,0,2,medium,Low-Engagement,Needs Review
L0481,481,I,Entertainment,5.959849266382006,9,reasoning,easy,immediate,0.0,0.3605633836404697,7.924172405632404,1.0,0.45955739814701074,1,0,2,medium,Low-Engagement,Needs Review
L0482,482,I,Cooking,12.944409280377261,0,reasoning,hard,short_delay,0.0,0.4096564587662898,14.611413545743078,0.0,0.7501706950018826,1,0,0,medium,Needs Review,Needs Review
L0482,482,I,Entertainment,10.71582772082056,1,comprehension,medium,long_delay,1.0,0.5939578494908917,10.411419923565163,0.0,0.7501706950018826,0,3,2,medium,Needs Review,Needs Review
L0482,482,I,World,6.498218243400672,2,factual_recall,hard,short_delay,1.0,0.6833350493080281,8.216927624625955,0.0,0.7501706950018826,2,0,0,medium,Needs Review,Needs Review
L0482,482,I,Cooking,15.502196216509473,3,inference,easy,long_delay,1.0,0.5079781576126392,18.9778071500444,0.0,0.7501706950018826,4,2,1,medium,Needs Review,Needs Review
L0482,482,I,News,6.947840288169027,4,comprehension,hard,immediate,1.0,0.5246159422520642,16.540985426292515,0.0,0.7501706950018826,3,3,0,medium,Needs Review,Needs Review
L0482,482,I,Cooking,16.976732649759413,5,comprehension,easy,immediate,1.0,0.6335179211977171,18.27759792012552,0.0,0.7501706950018826,1,2,1,medium,Needs Review,Needs Review
L0482,482,I,Cooking,6.465189475584774,6,reasoning,easy,immediate,1.0,0.6369301500228415,11.855603542257256,1.0,0.7501706950018826,4,3,1,medium,Needs Review,Needs Review
L0482,482,I,Entertainment,5.82154409863162,7,factual_recall,hard,long_delay,1.0,0.6014869995510513,16.512929718758883,0.0,0.7501706950018826,1,1,2,medium,Needs Review,Needs Review
L0482,482,I,News,5.398598154882147,8,inference,hard,long_delay,1.0,0.5805074506248542,16.393200130341086,0.0,0.7501706950018826,2,0,0,medium,Needs Review,Needs Review
L0482,482,I,Sports,14.404180204264547,9,factual_recall,hard,immediate,1.0,0.5966305112603536,22.39503659363965,0.0,0.7501706950018826,0,3,0,medium,Needs Review,Needs Review
L0483,483,I,World,7.6700209603088,0,reasoning,easy,immediate,0.0,0.4746222315315167,19.055142901486022,1.0,0.683668810849699,0,1,2,medium,Needs Review,Needs Review
L0483,483,I,Sports,10.823804669959916,1,factual_recall,medium,short_delay,1.0,0.7265518412494794,23.169855187615354,0.0,0.683668810849699,0,1,2,medium,Needs Review,Needs Review
L0483,483,I,World,7.074355187233092,2,comprehension,medium,immediate,1.0,0.6002394496300861,7.047154264407077,0.0,0.683668810849699,3,3,0,medium,Needs Review,Needs Review
L0483,483,I,Cooking,7.9403853690977835,3,inference,easy,immediate,1.0,0.6331271774983112,15.850091606230746,0.0,0.683668810849699,1,1,2,medium,Needs Review,Needs Review
L0483,483,I,Sports,10.313262859486757,4,factual_recall,easy,short_delay,0.0,0.305280767369469,15.175546341500553,0.0,0.683668810849699,1,0,1,medium,Needs Review,Needs Review
L0483,483,I,Cooking,11.362883025496368,5,factual_recall,hard,immediate,1.0,0.6348078310564766,6.052145154271253,0.0,0.683668810849699,0,2,0,medium,Needs Review,Needs Review
L0483,483,I,Sports,16.130111961105506,6,factual_recall,medium,short_delay,1.0,0.5286951119859095,20.582520028486556,0.0,0.683668810849699,0,3,0,medium,Needs Review,Needs Review
L0483,483,I,World,18.74944493981742,7,inference,medium,short_delay,0.0,0.37754102925480354,19.128552174517395,0.0,0.683668810849699,4,3,2,medium,Needs Review,Needs Review
L0483,483,I,World,13.306614018597344,8,factual_recall,medium,immediate,1.0,0.5613975211195548,26.130442249012656,0.0,0.683668810849699,2,2,2,medium,Needs Review,Needs Review
L0483,483,I,Entertainment,19.82551434888459,9,reasoning,medium,immediate,0.0,0.36780546275192694,18.480837110407137,0.0,0.683668810849699,4,1,0,medium,Needs Review,Needs Review
L0484,484,I,Cooking,12.500520160871854,0,reasoning,easy,immediate,1.0,0.6894350789969182,16.13256796001913,0.0,0.68039507499,2,3,1,medium,Needs Review,Needs Review
L0484,484,I,World,5.247253665960335,1,reasoning,easy,short_delay,0.0,0.41187743137525834,10.721475780592954,0.0,0.68039507499,4,1,0,medium,Needs Review,Needs Review
L0484,484,I,Cooking,12.212640855707907,2,factual_recall,medium,short_delay,0.0,0.4447006638940909,17.57277310520691,0.0,0.68039507499,1,0,2,medium,Needs Review,Needs Review
L0484,484,I,News,13.66865775904977,3,reasoning,medium,long_delay,1.0,0.596335385310968,17.199140771151857,0.0,0.68039507499,3,0,2,medium,Needs Review,Needs Review
L0484,484,I,News,11.088740256707991,4,inference,medium,short_delay,1.0,0.5496949605995873,9.433924251649886,0.0,0.68039507499,0,0,2,medium,Needs Review,Needs Review
L0484,484,I,Entertainment,11.710376568579795,5,reasoning,hard,immediate,0.0,0.4797223255168428,14.488292271860848,0.0,0.68039507499,3,1,0,medium,Needs Review,Needs Review
L0484,484,I,News,15.154234895523858,6,reasoning,easy,long_delay,0.0,0.3964885238497562,17.83215169495864,0.0,0.68039507499,0,1,1,medium,Needs Review,Needs Review
L0484,484,I,Entertainment,7.603892427739018,7,reasoning,hard,long_delay,1.0,0.587089072480518,15.608798179501669,0.0,0.68039507499,2,3,2,medium,Needs Review,Needs Review
L0484,484,I,Entertainment,19.10811777283314,8,reasoning,hard,long_delay,1.0,0.6283517742398782,6.1973285718885425,0.0,0.68039507499,0,0,1,medium,Needs Review,Needs Review
L0484,484,I,Cooking,9.076279577415555,9,inference,hard,immediate,1.0,0.6090099356068002,12.798230924440878,0.0,0.68039507499,3,0,1,medium,Needs Review,Needs Review
L0485,485,I,Sports,5.616257939294703,0,comprehension,medium,long_delay,1.0,0.560182160290663,6.830859229742295,0.0,0.783422353600366,4,3,0,medium,Needs Review,Needs Review
L0485,485,I,Cooking,16.308336997806762,1,comprehension,hard,immediate,0.0,0.46258555195016265,17.126973497891353,0.0,0.783422353600366,1,2,1,medium,Needs Review,Needs Review
L0485,485,I,Entertainment,10.362383582225004,2,factual_recall,hard,long_delay,0.0,0.48281725832781663,13.960502614416809,1.0,0.783422353600366,4,3,2,medium,Needs Review,Needs Review
L0485,485,I,Cooking,6.139998376951587,3,inference,hard,short_delay,0.0,0.40814643114272253,19.29544522884841,0.0,0.783422353600366,2,2,0,medium,Needs Review,Needs Review
L0485,485,I,Sports,15.307304177081992,4,factual_recall,easy,immediate,1.0,0.6713368214348006,16.30570938611001,0.0,0.783422353600366,2,1,1,medium,Needs Review,Needs Review
L0485,485,I,World,19.543778461047648,5,reasoning,medium,long_delay,1.0,0.770463545209312,16.111280065425927,0.0,0.783422353600366,0,3,1,medium,Needs Review,Needs Review
L0485,485,I,Cooking,9.50635890383288,6,factual_recall,easy,short_delay,0.0,0.37070886366003086,15.470067187690374,0.0,0.783422353600366,3,0,0,medium,Needs Review,Needs Review
L0485,485,I,World,17.66984253889426,7,factual_recall,hard,short_delay,1.0,0.6751913147131107,23.811494363742348,0.0,0.783422353600366,1,2,1,medium,Needs Review,Needs Review
L0485,485,I,Cooking,10.839119232074918,8,reasoning,hard,long_delay,1.0,0.5204979115599572,15.125131423584953,0.0,0.783422353600366,1,3,0,medium,Needs Review,Needs Review
L0485,485,I,World,8.46631365391018,9,inference,medium,immediate,1.0,0.7020988424965536,20.32141623681552,0.0,0.783422353600366,1,1,1,medium,Needs Review,Needs Review
L0486,486,I,Sports,18.493659670408395,0,comprehension,medium,short_delay,0.0,0.4977642203490783,3.0919527722333653,0.0,0.5557307845557129,0,2,0,medium,Low-Engagement,Needs Review
L0486,486,I,Entertainment,12.832907558641788,1,reasoning,hard,long_delay,0.0,0.4126506204731601,15.161795237296328,1.0,0.5557307845557129,4,1,1,medium,Low-Engagement,Needs Review
L0486,486,I,Entertainment,5.144237262920155,2,inference,hard,short_delay,0.0,0.32322540562293983,20.01627477430452,0.0,0.5557307845557129,4,2,1,medium,Low-Engagement,Needs Review
L0486,486,I,Sports,7.404453558670187,3,comprehension,easy,short_delay,0.0,0.41054346681104925,14.738048064916937,0.0,0.5557307845557129,1,2,2,medium,Low-Engagement,Needs Review
L0486,486,I,Sports,14.03641664432053,4,comprehension,hard,immediate,1.0,0.5644091635399262,9.66091724188745,0.0,0.5557307845557129,4,2,1,medium,Low-Engagement,Needs Review
L0486,486,I,Sports,7.360136847566304,5,reasoning,medium,short_delay,1.0,0.7028748936978995,11.774258754314516,1.0,0.5557307845557129,1,3,1,medium,Low-Engagement,Needs Review
L0486,486,I,Entertainment,19.04344970547674,6,factual_recall,medium,short_delay,1.0,0.6694928078528058,14.355766002089924,1.0,0.5557307845557129,3,2,1,medium,Low-Engagement,Needs Review
L0486,486,I,Cooking,12.081394752279792,7,inference,medium,long_delay,0.0,0.4113687057174954,19.851100079746058,0.0,0.5557307845557129,2,2,1,medium,Low-Engagement,Needs Review
L0486,486,I,Sports,10.861179741219981,8,inference,hard,immediate,0.0,0.454281997005484,15.085910190546686,0.0,0.5557307845557129,0,2,1,medium,Low-Engagement,Needs Review
L0486,486,I,Entertainment,16.70026654027427,9,reasoning,easy,immediate,0.0,0.43735793521241634,19.174546532116004,1.0,0.5557307845557129,3,2,2,medium,Low-Engagement,Needs Review
L0487,487,I,Sports,19.325766438132952,0,inference,hard,long_delay,1.0,0.6191184449614276,20.785996699447878,1.0,0.5861404818570647,1,1,2,medium,Low-Engagement,Needs Review
L0487,487,I,News,15.736951551559427,1,reasoning,easy,immediate,1.0,0.5134546885623131,17.593926914361344,0.0,0.5861404818570647,3,1,0,medium,Low-Engagement,Needs Review
L0487,487,I,Cooking,6.052161002880024,2,inference,medium,long_delay,0.0,0.3435880589659945,15.83512348690617,1.0,0.5861404818570647,0,2,2,medium,Low-Engagement,Needs Review
L0487,487,I,News,12.617329123640754,3,factual_recall,medium,immediate,1.0,0.6245017709088532,20.213309104804466,0.0,0.5861404818570647,4,1,1,medium,Low-Engagement,Needs Review
L0487,487,I,Cooking,9.784998096141411,4,factual_recall,easy,long_delay,1.0,0.6265116995210716,15.627003465441604,1.0,0.5861404818570647,1,0,0,medium,Low-Engagement,Needs Review
L0487,487,I,World,14.093763481690091,5,factual_recall,hard,long_delay,1.0,0.8204262407062235,9.554159747874708,0.0,0.5861404818570647,3,3,0,medium,Low-Engagement,Needs Review
L0487,487,I,Cooking,9.170168474664353,6,reasoning,hard,immediate,1.0,0.5521266203627642,8.493875726497475,0.0,0.5861404818570647,3,0,2,medium,Low-Engagement,Needs Review
L0487,487,I,World,13.067787203110573,7,reasoning,medium,short_delay,1.0,0.5719985990412692,14.533676035980273,0.0,0.5861404818570647,2,2,0,medium,Low-Engagement,Needs Review
L0487,487,I,Cooking,9.404498177680555,8,reasoning,hard,long_delay,1.0,0.6074307989797552,16.599845176641335,0.0,0.5861404818570647,3,2,0,medium,Low-Engagement,Needs Review
L0487,487,I,News,15.528759974252274,9,inference,medium,long_delay,1.0,0.6723642575122074,28.36014620135892,0.0,0.5861404818570647,0,0,0,medium,Low-Engagement,Needs Review
L0488,488,I,Entertainment,18.64703021173506,0,inference,easy,long_delay,1.0,0.5848675102842654,14.401944675313556,0.0,0.5334359233203659,3,2,1,medium,Low-Engagement,Needs Review
L0488,488,I,News,19.261703861826884,1,reasoning,easy,short_delay,1.0,0.5009975496497254,26.57629739390744,0.0,0.5334359233203659,0,1,1,medium,Low-Engagement,Needs Review
L0488,488,I,News,16.32137104812648,2,reasoning,easy,short_delay,1.0,0.5947525208984099,23.45346498235437,0.0,0.5334359233203659,3,0,0,medium,Low-Engagement,Needs Review
L0488,488,I,Entertainment,17.87329900146044,3,inference,hard,short_delay,1.0,0.5958085911047292,16.58391761251855,0.0,0.5334359233203659,0,2,1,medium,Low-Engagement,Needs Review
L0488,488,I,Sports,16.272235023858293,4,comprehension,easy,short_delay,0.0,0.37863935573964763,14.8600625478995,0.0,0.5334359233203659,1,1,1,medium,Low-Engagement,Needs Review
L0488,488,I,Sports,16.806472468238756,5,factual_recall,hard,long_delay,1.0,0.6388741467525041,15.07663260324886,0.0,0.5334359233203659,2,3,0,medium,Low-Engagement,Needs Review
L0488,488,I,Cooking,18.441002198980335,6,reasoning,hard,short_delay,1.0,0.5842019671504148,12.996733038841368,0.0,0.5334359233203659,3,3,2,medium,Low-Engagement,Needs Review
L0488,488,I,Sports,10.147452467649101,7,inference,easy,long_delay,0.0,0.47960346746638044,16.62610848637384,0.0,0.5334359233203659,1,3,0,medium,Low-Engagement,Needs Review
L0488,488,I,World,10.90708236903252,8,factual_recall,hard,long_delay,1.0,0.5336951230766134,19.43773300603433,0.0,0.5334359233203659,0,1,1,medium,Low-Engagement,Needs Review
L0488,488,I,Sports,6.263523029203687,9,reasoning,easy,short_delay,1.0,0.6422971203258581,9.252609483251875,1.0,0.5334359233203659,3,0,1,medium,Low-Engagement,Needs Review
L0489,489,I,Cooking,19.6230650201107,0,comprehension,easy,short_delay,1.0,0.7676012680319627,21.72048182830379,0.0,0.6479547824414765,4,1,1,medium,Needs Review,Needs Review
L0489,489,I,Entertainment,15.060516517102243,1,comprehension,easy,long_delay,1.0,0.5987529789053173,17.965334417646297,1.0,0.6479547824414765,4,1,1,medium,Needs Review,Needs Review
L0489,489,I,News,5.239544896704256,2,comprehension,medium,short_delay,1.0,0.6327403973649957,9.069197472540816,0.0,0.6479547824414765,0,2,1,medium,Needs Review,Needs Review
L0489,489,I,News,13.173920868029878,3,inference,medium,short_delay,1.0,0.6763702122321844,26.458283790319584,0.0,0.6479547824414765,2,3,2,medium,Needs Review,Needs Review
L0489,489,I,Cooking,18.26240850464381,4,reasoning,medium,short_delay,1.0,0.6363695894973609,20.17466925933086,0.0,0.6479547824414765,3,0,0,medium,Needs Review,Needs Review
L0489,489,I,News,19.10957081911451,5,inference,easy,long_delay,0.0,0.453795181376949,13.247536972433265,1.0,0.6479547824414765,1,3,1,medium,Needs Review,Needs Review
L0489,489,I,Sports,10.63701062040686,6,factual_recall,hard,immediate,1.0,0.6799666049323128,10.313504035401133,0.0,0.6479547824414765,4,2,1,medium,Needs Review,Needs Review
L0489,489,I,World,18.298565504565993,7,comprehension,hard,long_delay,1.0,0.5051100889353194,20.74634723775084,0.0,0.6479547824414765,1,0,0,medium,Needs Review,Needs Review
L0489,489,I,News,18.00637537945033,8,comprehension,hard,long_delay,1.0,0.5862026463606924,10.90466843459573,0.0,0.6479547824414765,4,2,0,medium,Needs Review,Needs Review
L0489,489,I,Cooking,11.86010992768472,9,reasoning,medium,long_delay,1.0,0.5659421450361404,20.003584362579133,0.0,0.6479547824414765,1,1,1,medium,Needs Review,Needs Review
L0490,490,I,World,19.565783638891098,0,inference,easy,long_delay,0.0,0.3659212002220947,13.740782510829492,0.0,0.7966343537056343,1,1,1,medium,Needs Review,Needs Review
L0490,490,I,News,11.270754377167624,1,reasoning,hard,immediate,0.0,0.40408123846180743,18.373797130954394,0.0,0.7966343537056343,0,2,0,medium,Needs Review,Needs Review
L0490,490,I,World,15.49984782369446,2,inference,medium,long_delay,1.0,0.5519747508061364,11.668334296413494,0.0,0.7966343537056343,1,3,2,medium,Needs Review,Needs Review
L0490,490,I,Cooking,9.771154312920398,3,inference,hard,long_delay,1.0,0.7099712769070329,11.810820914787517,1.0,0.7966343537056343,4,0,0,medium,Needs Review,Needs Review
L0490,490,I,Cooking,10.436084079460286,4,reasoning,hard,immediate,1.0,0.7433906984699349,14.146085170169812,0.0,0.7966343537056343,4,0,0,medium,Needs Review,Needs Review
L0490,490,I,News,15.446242354852245,5,inference,easy,short_delay,0.0,0.462910482710419,13.273913525084048,1.0,0.7966343537056343,4,0,1,medium,Needs Review,Needs Review
L0490,490,I,Sports,17.133305683111793,6,reasoning,easy,short_delay,1.0,0.5012273560014904,14.479416556413465,0.0,0.7966343537056343,1,3,2,medium,Needs Review,Needs Review
L0490,490,I,World,17.114975492361516,7,inference,hard,short_delay,1.0,0.8946353237919273,18.629257131685293,0.0,0.7966343537056343,3,0,1,medium,Needs Review,Needs Review
L0490,490,I,World,13.485483249877012,8,factual_recall,easy,long_delay,0.0,0.48366648431243214,25.45189233358563,0.0,0.7966343537056343,2,2,1,medium,Needs Review,Needs Review
L0490,490,I,Sports,11.865925318545209,9,reasoning,medium,short_delay,1.0,0.6310417099337408,13.047474792710005,1.0,0.7966343537056343,2,1,1,medium,Needs Review,Needs Review
L0491,491,I,News,11.899530201217011,0,inference,easy,long_delay,1.0,0.6121633462777477,6.98373728041002,1.0,0.9097411841432607,3,3,2,medium,Needs Review,Needs Review
L0491,491,I,Sports,9.115998666684124,1,comprehension,hard,immediate,0.0,0.4665069181681557,16.487552745667543,0.0,0.9097411841432607,2,1,0,medium,Needs Review,Needs Review
L0491,491,I,World,14.251402226082321,2,factual_recall,medium,immediate,1.0,0.6123760811186449,12.49412920870206,0.0,0.9097411841432607,2,2,0,medium,Needs Review,Needs Review
L0491,491,I,Sports,6.794739859277627,3,comprehension,easy,short_delay,1.0,0.5215360020760192,9.256745431536451,0.0,0.9097411841432607,2,3,2,medium,Needs Review,Needs Review
L0491,491,I,Sports,17.734782820384027,4,factual_recall,easy,immediate,1.0,0.6498461406612998,11.810962504758017,1.0,0.9097411841432607,3,1,1,medium,Needs Review,Needs Review
L0491,491,I,Cooking,17.025885918275808,5,factual_recall,medium,long_delay,1.0,0.5144575982014573,12.901230442513786,0.0,0.9097411841432607,3,0,1,medium,Needs Review,Needs Review
L0491,491,I,Cooking,17.204847855983093,6,inference,hard,long_delay,1.0,0.5988011851344865,14.823313424321583,0.0,0.9097411841432607,2,1,1,medium,Needs Review,Needs Review
L0491,491,I,News,14.232217554295573,7,comprehension,medium,long_delay,1.0,0.5738118931682135,17.686646747928858,0.0,0.9097411841432607,3,3,0,medium,Needs Review,Needs Review
L0491,491,I,Sports,7.983475678269495,8,factual_recall,hard,short_delay,1.0,0.5594114597246775,18.71146631644622,0.0,0.9097411841432607,2,0,1,medium,Needs Review,Needs Review
L0491,491,I,World,7.749157004151045,9,comprehension,medium,long_delay,1.0,0.6750157911137021,13.954658721843932,0.0,0.9097411841432607,0,0,0,medium,Needs Review,Needs Review
L0492,492,I,World,18.96120537544396,0,inference,easy,short_delay,1.0,0.7655968668474803,10.015991945012486,0.0,0.7244945918081006,3,2,0,medium,Delayed Recall Weakness,Needs Review
L0492,492,I,News,19.971470396535736,1,inference,hard,long_delay,0.0,0.43979616879617217,17.758101079149203,1.0,0.7244945918081006,4,3,2,medium,Delayed Recall Weakness,Needs Review
L0492,492,I,Entertainment,8.325221748814613,2,reasoning,medium,short_delay,1.0,0.5614399539004845,22.06666052589849,0.0,0.7244945918081006,0,0,2,medium,Delayed Recall Weakness,Needs Review
L0492,492,I,Cooking,10.54880005901014,3,inference,hard,long_delay,0.0,0.4316304485131875,22.653226106426537,0.0,0.7244945918081006,3,2,0,medium,Delayed Recall Weakness,Needs Review
L0492,492,I,World,9.666693826110716,4,factual_recall,hard,immediate,0.0,0.3084495857784104,14.699128617163684,1.0,0.7244945918081006,3,1,0,medium,Delayed Recall Weakness,Needs Review
L0492,492,I,News,9.877400980522905,5,factual_recall,easy,immediate,0.0,0.45579790613747334,20.469439510739406,0.0,0.7244945918081006,0,3,0,medium,Delayed Recall Weakness,Needs Review
L0492,492,I,Cooking,17.446075672178637,6,reasoning,hard,immediate,0.0,0.48155640072846645,12.594999132529402,1.0,0.7244945918081006,0,1,0,medium,Delayed Recall Weakness,Needs Review
L0492,492,I,News,6.126623182109394,7,comprehension,medium,short_delay,0.0,0.488688602170295,14.283181534272194,0.0,0.7244945918081006,2,2,2,medium,Delayed Recall Weakness,Needs Review
L0492,492,I,News,18.709680846808656,8,inference,easy,long_delay,1.0,0.5140428197913686,17.99262373365687,0.0,0.7244945918081006,4,0,1,medium,Delayed Recall Weakness,Needs Review
L0492,492,I,News,12.451869526302227,9,inference,medium,long_delay,1.0,0.5507352889264274,14.326439923799946,0.0,0.7244945918081006,2,0,1,medium,Delayed Recall Weakness,Needs Review
L0493,493,I,Entertainment,15.899268653452982,0,inference,medium,immediate,0.0,0.3544827305577231,14.91238580736563,1.0,0.7311100816839452,3,0,0,medium,Low-Engagement,Needs Review
L0493,493,I,World,18.57318009710504,1,inference,easy,immediate,0.0,0.4754152329313503,15.931480879745893,0.0,0.7311100816839452,4,2,2,medium,Low-Engagement,Needs Review
L0493,493,I,Cooking,16.752976215456773,2,factual_recall,hard,immediate,1.0,0.5598345569149622,13.086448230700423,1.0,0.7311100816839452,1,1,2,medium,Low-Engagement,Needs Review
L0493,493,I,World,16.62823197769814,3,factual_recall,easy,immediate,0.0,0.34176793508367403,13.492623182650656,0.0,0.7311100816839452,3,1,0,medium,Low-Engagement,Needs Review
L0493,493,I,Sports,7.8401878886785425,4,comprehension,hard,immediate,0.0,0.36646141670432186,14.980133634160884,0.0,0.7311100816839452,2,1,2,medium,Low-Engagement,Needs Review
L0493,493,I,Sports,16.66939123822427,5,factual_recall,hard,short_delay,1.0,0.5689542095688989,20.098806042098573,0.0,0.7311100816839452,2,2,0,medium,Low-Engagement,Needs Review
L0493,493,I,News,5.705483573425317,6,inference,easy,short_delay,0.0,0.4773182105634864,15.527689654412786,1.0,0.7311100816839452,1,0,2,medium,Low-Engagement,Needs Review
L0493,493,I,World,9.874448560443547,7,comprehension,hard,short_delay,1.0,0.5083989086843549,6.368360526801236,0.0,0.7311100816839452,4,0,2,medium,Low-Engagement,Needs Review
L0493,493,I,Sports,16.11823403780619,8,inference,medium,long_delay,1.0,0.5012437113058847,10.030715715443426,0.0,0.7311100816839452,0,0,1,medium,Low-Engagement,Needs Review
L0493,493,I,World,6.702317975769862,9,comprehension,medium,immediate,0.0,0.39597051219343476,20.65906986239046,1.0,0.7311100816839452,2,1,2,medium,Low-Engagement,Needs Review
L0494,494,I,Cooking,10.860162543897083,0,reasoning,medium,immediate,0.0,0.4932739585558011,5.006902574445725,0.0,0.661130367991568,3,2,0,medium,Needs Review,Needs Review
L0494,494,I,Sports,18.82774364532851,1,inference,hard,long_delay,0.0,0.33797985870722974,15.231009522897997,0.0,0.661130367991568,4,2,1,medium,Needs Review,Needs Review
L0494,494,I,Sports,11.777029584890691,2,factual_recall,hard,long_delay,1.0,0.646234860820963,15.622462050908227,0.0,0.661130367991568,3,1,1,medium,Needs Review,Needs Review
L0494,494,I,Sports,10.489152823874182,3,reasoning,medium,short_delay,1.0,0.5723590041163643,15.427238419747288,0.0,0.661130367991568,4,2,0,medium,Needs Review,Needs Review
L0494,494,I,News,9.589359512312992,4,factual_recall,easy,immediate,1.0,0.5940238535976234,8.243940913783902,1.0,0.661130367991568,1,3,2,medium,Needs Review,Needs Review
L0494,494,I,Entertainment,19.28028238122179,5,reasoning,medium,long_delay,1.0,0.5329955365303325,10.07477517876243,0.0,0.661130367991568,3,1,1,medium,Needs Review,Needs Review
L0494,494,I,Sports,5.604055368354913,6,factual_recall,hard,immediate,1.0,0.7315810291440574,20.789951841226628,0.0,0.661130367991568,2,0,0,medium,Needs Review,Needs Review
L0494,494,I,Entertainment,16.975133528291753,7,factual_recall,medium,long_delay,0.0,0.4894553529225646,22.926700986241194,0.0,0.661130367991568,0,1,2,medium,Needs Review,Needs Review
L0494,494,I,Sports,18.410350977494083,8,comprehension,easy,short_delay,0.0,0.4207539656306378,13.913449170897774,0.0,0.661130367991568,0,2,1,medium,Needs Review,Needs Review
L0494,494,I,News,9.714237908257802,9,comprehension,medium,short_delay,1.0,0.7496448311056211,11.346681405866216,0.0,0.661130367991568,2,1,0,medium,Needs Review,Needs Review
L0495,495,I,Cooking,10.246488969157234,0,reasoning,medium,long_delay,1.0,0.5776966790186616,12.949781143029544,1.0,0.6203841347128128,0,2,1,medium,Needs Review,Needs Review
L0495,495,I,Sports,11.660028755046678,1,reasoning,hard,immediate,1.0,0.7332313255457386,20.581270142609775,0.0,0.6203841347128128,3,2,1,medium,Needs Review,Needs Review
L0495,495,I,Sports,6.718829756911254,2,reasoning,hard,long_delay,1.0,0.6931363695760462,15.56797625638175,0.0,0.6203841347128128,2,3,1,medium,Needs Review,Needs Review
L0495,495,I,Entertainment,13.57013224176091,3,factual_recall,easy,short_delay,1.0,0.5750715455697889,18.845522816168575,0.0,0.6203841347128128,2,0,1,medium,Needs Review,Needs Review
L0495,495,I,World,8.631373880697964,4,reasoning,hard,immediate,0.0,0.44061739121828875,24.100061089883187,0.0,0.6203841347128128,4,3,0,medium,Needs Review,Needs Review
L0495,495,I,Cooking,17.938540954792177,5,reasoning,hard,immediate,1.0,0.7130218849662869,5.977136149275867,0.0,0.6203841347128128,4,3,0,medium,Needs Review,Needs Review
L0495,495,I,News,14.208054312607151,6,comprehension,medium,short_delay,1.0,0.5091654147701352,15.673052553448818,0.0,0.6203841347128128,2,0,1,medium,Needs Review,Needs Review
L0495,495,I,Entertainment,7.728486894422756,7,inference,easy,long_delay,1.0,0.6038187028896003,11.52967553281431,1.0,0.6203841347128128,4,3,1,medium,Needs Review,Needs Review
L0495,495,I,News,6.47083729115141,8,reasoning,hard,long_delay,1.0,0.5352967003224824,18.228659421815003,0.0,0.6203841347128128,3,3,1,medium,Needs Review,Needs Review
L0495,495,I,Sports,11.525376229605547,9,comprehension,medium,long_delay,1.0,0.7890690561448285,19.456653354958746,0.0,0.6203841347128128,0,2,1,medium,Needs Review,Needs Review
L0496,496,I,Entertainment,11.673038097278924,0,factual_recall,medium,immediate,1.0,0.663180669644354,13.786434758616709,0.0,0.5854739117265667,1,2,1,medium,Low-Engagement,Needs Review
L0496,496,I,World,5.769945019660489,1,inference,medium,immediate,1.0,0.6105521279818666,11.706526943818666,0.0,0.5854739117265667,4,0,2,medium,Low-Engagement,Needs Review
L0496,496,I,Sports,7.574091621948415,2,reasoning,hard,short_delay,1.0,0.5301349551991162,11.489084429921236,0.0,0.5854739117265667,2,1,1,medium,Low-Engagement,Needs Review
L0496,496,I,Cooking,13.939401908930332,3,reasoning,hard,long_delay,0.0,0.46417187147685957,16.45839235959173,0.0,0.5854739117265667,3,0,2,medium,Low-Engagement,Needs Review
L0496,496,I,Entertainment,12.779711508131712,4,factual_recall,medium,immediate,1.0,0.6439453360446751,8.330859865569431,0.0,0.5854739117265667,4,3,2,medium,Low-Engagement,Needs Review
L0496,496,I,Entertainment,10.042538071045369,5,inference,easy,short_delay,1.0,0.7653651995717599,15.826715966523428,0.0,0.5854739117265667,3,0,0,medium,Low-Engagement,Needs Review
L0496,496,I,News,8.403270440027605,6,inference,hard,short_delay,1.0,0.5466406405260015,16.442330291885124,0.0,0.5854739117265667,0,1,1,medium,Low-Engagement,Needs Review
L0496,496,I,Cooking,17.009441937961476,7,comprehension,easy,short_delay,0.0,0.3582017506769788,13.75239160108346,0.0,0.5854739117265667,0,2,0,medium,Low-Engagement,Needs Review
L0496,496,I,Cooking,11.88529747679835,8,comprehension,hard,immediate,0.0,0.46565247047440206,10.785694228529225,0.0,0.5854739117265667,4,1,1,medium,Low-Engagement,Needs Review
L0496,496,I,Entertainment,18.198029827171023,9,inference,easy,immediate,1.0,0.6171059376660353,21.092017938895722,1.0,0.5854739117265667,4,3,2,medium,Low-Engagement,Needs Review
L0497,497,I,World,6.012002771635636,0,comprehension,hard,immediate,1.0,0.6197305767722838,4.636528445385972,0.0,0.5453200126223976,3,3,2,medium,Low-Engagement,Needs Review
L0497,497,I,Cooking,12.573433293463323,1,inference,easy,long_delay,0.0,0.4853063525101581,16.258514163675628,0.0,0.5453200126223976,3,3,0,medium,Low-Engagement,Needs Review
L0497,497,I,Sports,17.28363816071938,2,comprehension,hard,long_delay,1.0,0.6440612511829283,6.968250057328714,0.0,0.5453200126223976,1,0,2,medium,Low-Engagement,Needs Review
L0497,497,I,News,11.097455112743484,3,inference,medium,immediate,0.0,0.4051348411370964,11.699020214189815,0.0,0.5453200126223976,1,3,1,medium,Low-Engagement,Needs Review
L0497,497,I,Entertainment,13.829467795376207,4,reasoning,easy,long_delay,1.0,0.5958062318956225,12.107127817690266,0.0,0.5453200126223976,1,3,1,medium,Low-Engagement,Needs Review
L0497,497,I,News,6.276806984199122,5,comprehension,easy,short_delay,1.0,0.6018331986334203,15.667743989861904,0.0,0.5453200126223976,0,1,0,medium,Low-Engagement,Needs Review
L0497,497,I,Entertainment,17.48807992460983,6,comprehension,easy,long_delay,1.0,0.6447881152748324,17.887705190156503,0.0,0.5453200126223976,0,2,0,medium,Low-Engagement,Needs Review
L0497,497,I,Sports,15.60123242969418,7,factual_recall,medium,immediate,0.0,0.4713748212999585,20.524916729113407,0.0,0.5453200126223976,3,0,0,medium,Low-Engagement,Needs Review
L0497,497,I,News,10.23020063857467,8,inference,medium,immediate,1.0,0.6435751825871615,17.32010671534927,0.0,0.5453200126223976,3,1,1,medium,Low-Engagement,Needs Review
L0497,497,I,Sports,19.912539625198274,9,factual_recall,medium,short_delay,1.0,0.7307870814797306,19.36813779380351,1.0,0.5453200126223976,4,0,2,medium,Low-Engagement,Needs Review
L0498,498,I,News,8.631147307472713,0,factual_recall,medium,immediate,1.0,0.5995479416419345,9.981254412101627,0.0,0.6141035784449866,3,3,1,medium,Low-Engagement,Needs Review
L0498,498,I,Entertainment,17.417068165766587,1,factual_recall,medium,immediate,1.0,0.5198624584849496,20.60981555883771,0.0,0.6141035784449866,3,3,2,medium,Low-Engagement,Needs Review
L0498,498,I,Entertainment,9.80784372905061,2,reasoning,hard,immediate,1.0,0.5814772464642547,15.530903217400496,0.0,0.6141035784449866,4,2,2,medium,Low-Engagement,Needs Review
L0498,498,I,Sports,8.808668431039463,3,factual_recall,medium,long_delay,1.0,0.7603886418986605,21.317589962707512,1.0,0.6141035784449866,3,0,1,medium,Low-Engagement,Needs Review
L0498,498,I,Sports,7.4256759877180745,4,inference,medium,short_delay,1.0,0.5156815930302746,19.057783972684437,1.0,0.6141035784449866,1,2,2,medium,Low-Engagement,Needs Review
L0498,498,I,Entertainment,14.852771461867256,5,reasoning,medium,immediate,1.0,0.5983299307684569,19.036202405489547,0.0,0.6141035784449866,3,1,2,medium,Low-Engagement,Needs Review
L0498,498,I,Sports,19.09547577444588,6,inference,easy,short_delay,1.0,0.8243761512371003,9.883463866892086,1.0,0.6141035784449866,3,2,0,medium,Low-Engagement,Needs Review
L0498,498,I,Cooking,14.759715760232286,7,reasoning,easy,immediate,1.0,0.5967825424946653,18.524473101931175,1.0,0.6141035784449866,1,2,2,medium,Low-Engagement,Needs Review
L0498,498,I,World,5.259196601939998,8,factual_recall,hard,short_delay,0.0,0.2578986771567752,22.832949699467132,0.0,0.6141035784449866,1,1,1,medium,Low-Engagement,Needs Review
L0498,498,I,World,6.722666584393744,9,inference,medium,short_delay,0.0,0.47004844090526854,8.76451734393327,0.0,0.6141035784449866,3,1,1,medium,Low-Engagement,Needs Review
L0499,499,I,Entertainment,17.7489812017699,0,inference,medium,short_delay,0.0,0.43248113962331836,13.356296908207232,1.0,0.5799964758385321,4,3,1,medium,Low-Engagement,Needs Review
L0499,499,I,Entertainment,6.702731520400888,1,comprehension,easy,immediate,1.0,0.5883427974588777,14.99512658697845,0.0,0.5799964758385321,4,1,2,medium,Low-Engagement,Needs Review
L0499,499,I,Cooking,14.927371988035583,2,reasoning,medium,immediate,1.0,0.6018165966538058,10.253406862485646,0.0,0.5799964758385321,3,2,2,medium,Low-Engagement,Needs Review
L0499,499,I,Cooking,10.22723964059486,3,inference,medium,immediate,0.0,0.3429820219592906,17.572206683363444,1.0,0.5799964758385321,2,3,2,medium,Low-Engagement,Needs Review
L0499,499,I,Sports,7.9165098046849955,4,inference,easy,immediate,1.0,0.6880628961442666,18.22716043535422,0.0,0.5799964758385321,1,1,1,medium,Low-Engagement,Needs Review
L0499,499,I,News,12.9564541370284,5,reasoning,medium,immediate,0.0,0.4076483033460068,29.530147669488308,0.0,0.5799964758385321,0,3,2,medium,Low-Engagement,Needs Review
L0499,499,I,Cooking,7.746301377682915,6,inference,medium,long_delay,1.0,0.5966330917951068,20.64347908110287,0.0,0.5799964758385321,3,1,2,medium,Low-Engagement,Needs Review
L0499,499,I,Entertainment,12.057363499130654,7,reasoning,easy,immediate,0.0,0.4082839371980745,21.882101790325304,0.0,0.5799964758385321,2,0,2,medium,Low-Engagement,Needs Review
L0499,499,I,World,14.398733539565837,8,factual_recall,hard,long_delay,0.0,0.4949125392882605,7.154922865856943,0.0,0.5799964758385321,2,3,0,medium,Low-Engagement,Needs Review
L0499,499,I,World,6.632897030934229,9,comprehension,easy,immediate,0.0,0.39654379403210843,6.2076722613811945,0.0,0.5799964758385321,3,3,2,medium,Low-Engagement,Needs Review
L0500,500,I,World,12.9446519094191,0,comprehension,medium,immediate,1.0,0.697372844675434,12.469167089264603,0.0,0.6080191392255833,2,2,1,medium,Needs Review,Needs Review
L0500,500,I,Entertainment,16.202363460368474,1,factual_recall,hard,long_delay,1.0,0.6764038621358373,23.34066348669497,1.0,0.6080191392255833,4,2,0,medium,Needs Review,Needs Review
L0500,500,I,World,18.260214805940958,2,inference,medium,long_delay,0.0,0.4768438472120981,7.079894065406554,0.0,0.6080191392255833,1,1,1,medium,Needs Review,Needs Review
L0500,500,I,News,11.534110326813275,3,inference,easy,immediate,0.0,0.49551899037271124,13.657531950794896,0.0,0.6080191392255833,1,0,0,medium,Needs Review,Needs Review
L0500,500,I,News,14.248208715907326,4,factual_recall,hard,immediate,0.0,0.3392717895072444,16.803506961933422,0.0,0.6080191392255833,1,3,0,medium,Needs Review,Needs Review
L0500,500,I,News,10.94315312187945,5,reasoning,medium,immediate,0.0,0.3033385971246566,15.997938058799786,1.0,0.6080191392255833,2,3,0,medium,Needs Review,Needs Review
L0500,500,I,Cooking,10.120397139339534,6,factual_recall,medium,immediate,1.0,0.6416437661969966,15.989755643430524,0.0,0.6080191392255833,2,1,2,medium,Needs Review,Needs Review
L0500,500,I,News,19.492372611889774,7,inference,medium,short_delay,1.0,0.6548849979091952,13.403753656938795,0.0,0.6080191392255833,0,1,2,medium,Needs Review,Needs Review
L0500,500,I,News,11.457598634051127,8,factual_recall,hard,long_delay,1.0,0.5928651767156283,18.70453724773839,0.0,0.6080191392255833,3,2,1,medium,Needs Review,Needs Review
L0500,500,I,Sports,16.868832502974627,9,factual_recall,hard,long_delay,1.0,0.57246696982515,9.923038181589511,0.0,0.6080191392255833,1,3,0,medium,Needs Review,Needs Review
L0501,501,I,Cooking,11.348211874441821,0,factual_recall,easy,immediate,0.0,0.4764825225634817,16.095160854629217,0.0,0.621998285372938,4,0,0,medium,Needs Review,Needs Review
L0501,501,I,Cooking,5.2144904006215045,1,factual_recall,medium,long_delay,1.0,0.5948655775898685,4.2698985972084404,0.0,0.621998285372938,0,3,2,medium,Needs Review,Needs Review
L0501,501,I,Entertainment,7.402825558223178,2,factual_recall,hard,long_delay,1.0,0.587896269813072,14.90845729223747,1.0,0.621998285372938,3,1,0,medium,Needs Review,Needs Review
L0501,501,I,Cooking,8.841909232589982,3,inference,medium,long_delay,1.0,0.5485842685801966,19.15048252565605,0.0,0.621998285372938,4,0,0,medium,Needs Review,Needs Review
L0501,501,I,Sports,8.25348979716731,4,factual_recall,hard,short_delay,0.0,0.4643197433242791,14.603199330175325,0.0,0.621998285372938,2,2,2,medium,Needs Review,Needs Review
L0501,501,I,News,6.177655134308085,5,comprehension,medium,long_delay,1.0,0.5471162595156164,17.51627434568435,0.0,0.621998285372938,2,2,2,medium,Needs Review,Needs Review
L0501,501,I,News,18.452188326855588,6,factual_recall,hard,long_delay,1.0,0.5888042331458789,14.877116998786239,0.0,0.621998285372938,3,0,2,medium,Needs Review,Needs Review
L0501,501,I,World,19.377139382495578,7,factual_recall,medium,long_delay,1.0,0.5285878691632961,17.16246612858419,1.0,0.621998285372938,3,3,1,medium,Needs Review,Needs Review
L0501,501,I,Sports,8.939071832769223,8,comprehension,easy,immediate,1.0,0.6829056291444324,23.00504230822488,1.0,0.621998285372938,1,1,2,medium,Needs Review,Needs Review
L0501,501,I,Entertainment,5.078392017654219,9,comprehension,easy,short_delay,1.0,0.6234417541137212,19.93372458026724,0.0,0.621998285372938,0,3,2,medium,Needs Review,Needs Review
L0502,502,I,World,14.123990468351892,0,inference,easy,long_delay,0.0,0.3755502763321873,23.21885475673229,0.0,0.7017683517694645,1,3,2,medium,Needs Review,Needs Review
L0502,502,I,Sports,18.716419290550693,1,comprehension,medium,short_delay,1.0,0.6462340156016293,20.89025564129629,0.0,0.7017683517694645,2,2,1,medium,Needs Review,Needs Review
L0502,502,I,Sports,6.1084689653185045,2,reasoning,easy,immediate,1.0,0.5453350857092594,13.877004096158661,1.0,0.7017683517694645,3,1,0,medium,Needs Review,Needs Review
L0502,502,I,Sports,6.299173164624135,3,inference,easy,long_delay,1.0,0.7020614475334626,18.721234865931105,0.0,0.7017683517694645,4,3,0,medium,Needs Review,Needs Review
L0502,502,I,Sports,13.167525149030523,4,inference,hard,immediate,1.0,0.7253956603223198,13.238773321913856,0.0,0.7017683517694645,2,0,2,medium,Needs Review,Needs Review
L0502,502,I,Sports,10.456668484717579,5,factual_recall,easy,long_delay,1.0,0.7427356975584701,16.06884954025821,0.0,0.7017683517694645,4,3,1,medium,Needs Review,Needs Review
L0502,502,I,Sports,12.518463170538887,6,factual_recall,medium,short_delay,0.0,0.3790696593919598,15.53895724574959,0.0,0.7017683517694645,0,3,2,medium,Needs Review,Needs Review
L0502,502,I,Cooking,9.839751571732133,7,factual_recall,hard,short_delay,1.0,0.5982742218381033,6.008286261136012,0.0,0.7017683517694645,4,2,2,medium,Needs Review,Needs Review
L0502,502,I,News,11.109862421553556,8,inference,easy,short_delay,0.0,0.3607119811582716,11.952471568182354,1.0,0.7017683517694645,3,1,0,medium,Needs Review,Needs Review
L0502,502,I,Entertainment,17.38609377790744,9,factual_recall,medium,immediate,1.0,0.706174062545917,27.354297248622174,0.0,0.7017683517694645,2,3,2,medium,Needs Review,Needs Review
L0503,503,I,Entertainment,13.779049696804488,0,factual_recall,medium,long_delay,1.0,0.5897175950008428,8.033388819283273,0.0,0.6334339381562372,2,1,0,medium,Delayed Recall Weakness,Needs Review
L0503,503,I,News,16.027400779780127,1,reasoning,medium,short_delay,1.0,0.5558128387670793,28.015948736615734,1.0,0.6334339381562372,4,3,2,medium,Delayed Recall Weakness,Needs Review
L0503,503,I,World,13.213384189493594,2,inference,easy,long_delay,1.0,0.5173258832297324,15.841076579597646,0.0,0.6334339381562372,1,1,2,medium,Delayed Recall Weakness,Needs Review
L0503,503,I,News,16.707047061475954,3,factual_recall,hard,short_delay,1.0,0.5607069005324338,9.107259373415882,0.0,0.6334339381562372,0,1,2,medium,Delayed Recall Weakness,Needs Review
L0503,503,I,Entertainment,9.809681486836826,4,inference,hard,immediate,1.0,0.7382735313008683,16.909879459567005,0.0,0.6334339381562372,2,3,0,medium,Delayed Recall Weakness,Needs Review
L0503,503,I,News,8.48306604417851,5,comprehension,medium,short_delay,1.0,0.6469189174646122,11.996470018068832,0.0,0.6334339381562372,4,0,2,medium,Delayed Recall Weakness,Needs Review
L0503,503,I,Entertainment,17.430127682997615,6,factual_recall,easy,long_delay,1.0,0.5410338634022943,13.905065191146344,0.0,0.6334339381562372,0,2,1,medium,Delayed Recall Weakness,Needs Review
L0503,503,I,News,11.59882532151334,7,reasoning,medium,short_delay,0.0,0.44632718338635113,8.446141031047986,0.0,0.6334339381562372,0,1,1,medium,Delayed Recall Weakness,Needs Review
L0503,503,I,Sports,6.3450164051925775,8,comprehension,medium,short_delay,0.0,0.4622794904621405,14.8069860016042,0.0,0.6334339381562372,4,0,1,medium,Delayed Recall Weakness,Needs Review
L0503,503,I,News,16.80192653418166,9,comprehension,hard,long_delay,1.0,0.6640260500617828,5.386811048109078,0.0,0.6334339381562372,3,3,0,medium,Delayed Recall Weakness,Needs Review
